epoch,repeat,chain,relax_success,relax_error,unrelaxed_path,relaxed_path,relaxed_exists,mean_plddt,min_plddt,max_plddt,num_residues,pdb_path
0,2,2olo_A,1,0,/users/sgmwu14/scratch/openfold_inference_runs5times/epoch_0/your_model_epoch_0/repeat_2/predictions/2olo_A_model_1_unrelaxed.pdb,/users/sgmwu14/scratch/openfold_inference_runs5times/epoch_0/your_model_epoch_0/repeat_2/predictions/2olo_A_model_1_relaxed.pdb,True,9.191413881748067,7.18,17.63,389,/users/sgmwu14/scratch/openfold_inference_runs5times/epoch_0/your_model_epoch_0/repeat_2/predictions/2olo_A_model_1_unrelaxed.pdb
1,5,2olo_A,1,0,/users/sgmwu14/scratch/openfold_inference_runs5times/epoch_1/your_model_epoch_1/repeat_5/predictions/2olo_A_model_1_unrelaxed.pdb,/users/sgmwu14/scratch/openfold_inference_runs5times/epoch_1/your_model_epoch_1/repeat_5/predictions/2olo_A_model_1_relaxed.pdb,True,14.514858611825169,7.61,35.64,389,/users/sgmwu14/scratch/openfold_inference_runs5times/epoch_1/your_model_epoch_1/repeat_5/predictions/2olo_A_model_1_unrelaxed.pdb
2,1,2olo_A,1,0,/users/sgmwu14/scratch/openfold_inference_runs5times/epoch_2/your_model_epoch_2/repeat_1/predictions/2olo_A_model_1_unrelaxed.pdb,/users/sgmwu14/scratch/openfold_inference_runs5times/epoch_2/your_model_epoch_2/repeat_1/predictions/2olo_A_model_1_relaxed.pdb,True,29.929460154241653,23.84,48.66,389,/users/sgmwu14/scratch/openfold_inference_runs5times/epoch_2/your_model_epoch_2/repeat_1/predictions/2olo_A_model_1_unrelaxed.pdb
3,5,2olo_A,1,0,/users/sgmwu14/scratch/openfold_inference_runs5times/epoch_3/your_model_epoch_3/repeat_5/predictions/2olo_A_model_1_unrelaxed.pdb,/users/sgmwu14/scratch/openfold_inference_runs5times/epoch_3/your_model_epoch_3/repeat_5/predictions/2olo_A_model_1_relaxed.pdb,True,35.79131105398459,25.17,60.04,389,/users/sgmwu14/scratch/openfold_inference_runs5times/epoch_3/your_model_epoch_3/repeat_5/predictions/2olo_A_model_1_unrelaxed.pdb
4,4,2olo_A,1,0,/users/sgmwu14/scratch/openfold_inference_runs5times/epoch_4/your_model_epoch_4/repeat_4/predictions/2olo_A_model_1_unrelaxed.pdb,/users/sgmwu14/scratch/openfold_inference_runs5times/epoch_4/your_model_epoch_4/repeat_4/predictions/2olo_A_model_1_relaxed.pdb,True,36.57508997429306,24.78,62.29,389,/users/sgmwu14/scratch/openfold_inference_runs5times/epoch_4/your_model_epoch_4/repeat_4/predictions/2olo_A_model_1_unrelaxed.pdb
5,2,2olo_A,1,0,/users/sgmwu14/scratch/openfold_inference_runs5times/epoch_5/your_model_epoch_5/repeat_2/predictions/2olo_A_model_1_unrelaxed.pdb,/users/sgmwu14/scratch/openfold_inference_runs5times/epoch_5/your_model_epoch_5/repeat_2/predictions/2olo_A_model_1_relaxed.pdb,True,38.26521850899741,25.72,62.28,389,/users/sgmwu14/scratch/openfold_inference_runs5times/epoch_5/your_model_epoch_5/repeat_2/predictions/2olo_A_model_1_unrelaxed.pdb
6,3,2olo_A,1,0,/users/sgmwu14/scratch/openfold_inference_runs5times/epoch_6/your_model_epoch_6/repeat_3/predictions/2olo_A_model_1_unrelaxed.pdb,/users/sgmwu14/scratch/openfold_inference_runs5times/epoch_6/your_model_epoch_6/repeat_3/predictions/2olo_A_model_1_relaxed.pdb,True,42.81151670951153,26.85,68.15,389,/users/sgmwu14/scratch/openfold_inference_runs5times/epoch_6/your_model_epoch_6/repeat_3/predictions/2olo_A_model_1_unrelaxed.pdb
7,1,2olo_A,1,0,/users/sgmwu14/scratch/openfold_inference_runs5times/epoch_7/your_model_epoch_7/repeat_1/predictions/2olo_A_model_1_unrelaxed.pdb,/users/sgmwu14/scratch/openfold_inference_runs5times/epoch_7/your_model_epoch_7/repeat_1/predictions/2olo_A_model_1_relaxed.pdb,True,41.57496143958872,25.14,64.98,389,/users/sgmwu14/scratch/openfold_inference_runs5times/epoch_7/your_model_epoch_7/repeat_1/predictions/2olo_A_model_1_unrelaxed.pdb
8,3,2olo_A,1,0,/users/sgmwu14/scratch/openfold_inference_runs5times/epoch_8/your_model_epoch_8/repeat_3/predictions/2olo_A_model_1_unrelaxed.pdb,/users/sgmwu14/scratch/openfold_inference_runs5times/epoch_8/your_model_epoch_8/repeat_3/predictions/2olo_A_model_1_relaxed.pdb,True,48.783907455012816,26.27,71.38,389,/users/sgmwu14/scratch/openfold_inference_runs5times/epoch_8/your_model_epoch_8/repeat_3/predictions/2olo_A_model_1_unrelaxed.pdb
9,3,2olo_A,1,0,/users/sgmwu14/scratch/openfold_inference_runs5times/epoch_9/your_model_epoch_9/repeat_3/predictions/2olo_A_model_1_unrelaxed.pdb,/users/sgmwu14/scratch/openfold_inference_runs5times/epoch_9/your_model_epoch_9/repeat_3/predictions/2olo_A_model_1_relaxed.pdb,True,49.54899742930591,23.47,72.24,389,/users/sgmwu14/scratch/openfold_inference_runs5times/epoch_9/your_model_epoch_9/repeat_3/predictions/2olo_A_model_1_unrelaxed.pdb
10,1,2olo_A,1,0,/users/sgmwu14/scratch/openfold_inference_runs5times/epoch_10/your_model_epoch_10/repeat_1/predictions/2olo_A_model_1_unrelaxed.pdb,/users/sgmwu14/scratch/openfold_inference_runs5times/epoch_10/your_model_epoch_10/repeat_1/predictions/2olo_A_model_1_relaxed.pdb,True,53.930000000000064,28.17,73.37,389,/users/sgmwu14/scratch/openfold_inference_runs5times/epoch_10/your_model_epoch_10/repeat_1/predictions/2olo_A_model_1_unrelaxed.pdb
11,2,2olo_A,1,0,/users/sgmwu14/scratch/openfold_inference_runs5times/epoch_11/your_model_epoch_11/repeat_2/predictions/2olo_A_model_1_unrelaxed.pdb,/users/sgmwu14/scratch/openfold_inference_runs5times/epoch_11/your_model_epoch_11/repeat_2/predictions/2olo_A_model_1_relaxed.pdb,True,59.8769922879178,26.2,79.8,389,/users/sgmwu14/scratch/openfold_inference_runs5times/epoch_11/your_model_epoch_11/repeat_2/predictions/2olo_A_model_1_unrelaxed.pdb
12,3,2olo_A,1,0,/users/sgmwu14/scratch/openfold_inference_runs5times/epoch_12/your_model_epoch_12/repeat_3/predictions/2olo_A_model_1_unrelaxed.pdb,/users/sgmwu14/scratch/openfold_inference_runs5times/epoch_12/your_model_epoch_12/repeat_3/predictions/2olo_A_model_1_relaxed.pdb,True,59.50244215938305,24.82,78.69,389,/users/sgmwu14/scratch/openfold_inference_runs5times/epoch_12/your_model_epoch_12/repeat_3/predictions/2olo_A_model_1_unrelaxed.pdb
13,1,2olo_A,1,0,/users/sgmwu14/scratch/openfold_inference_runs5times/epoch_13/your_model_epoch_13/repeat_1/predictions/2olo_A_model_1_unrelaxed.pdb,/users/sgmwu14/scratch/openfold_inference_runs5times/epoch_13/your_model_epoch_13/repeat_1/predictions/2olo_A_model_1_relaxed.pdb,True,57.64460154241649,26.93,76.58,389,/users/sgmwu14/scratch/openfold_inference_runs5times/epoch_13/your_model_epoch_13/repeat_1/predictions/2olo_A_model_1_unrelaxed.pdb
14,5,2olo_A,1,0,/users/sgmwu14/scratch/openfold_inference_runs5times/epoch_14/your_model_epoch_14/repeat_5/predictions/2olo_A_model_1_unrelaxed.pdb,/users/sgmwu14/scratch/openfold_inference_runs5times/epoch_14/your_model_epoch_14/repeat_5/predictions/2olo_A_model_1_relaxed.pdb,True,62.99064267352184,29.84,80.08,389,/users/sgmwu14/scratch/openfold_inference_runs5times/epoch_14/your_model_epoch_14/repeat_5/predictions/2olo_A_model_1_unrelaxed.pdb
15,3,2olo_A,1,0,/users/sgmwu14/scratch/openfold_inference_runs5times/epoch_15/your_model_epoch_15/repeat_3/predictions/2olo_A_model_1_unrelaxed.pdb,/users/sgmwu14/scratch/openfold_inference_runs5times/epoch_15/your_model_epoch_15/repeat_3/predictions/2olo_A_model_1_relaxed.pdb,True,65.79652956298199,28.93,81.0,389,/users/sgmwu14/scratch/openfold_inference_runs5times/epoch_15/your_model_epoch_15/repeat_3/predictions/2olo_A_model_1_unrelaxed.pdb
16,3,2olo_A,1,0,/users/sgmwu14/scratch/openfold_inference_runs5times/epoch_16/your_model_epoch_16/repeat_3/predictions/2olo_A_model_1_unrelaxed.pdb,/users/sgmwu14/scratch/openfold_inference_runs5times/epoch_16/your_model_epoch_16/repeat_3/predictions/2olo_A_model_1_relaxed.pdb,True,61.28442159383037,22.64,80.45,389,/users/sgmwu14/scratch/openfold_inference_runs5times/epoch_16/your_model_epoch_16/repeat_3/predictions/2olo_A_model_1_unrelaxed.pdb
17,3,2olo_A,1,0,/users/sgmwu14/scratch/openfold_inference_runs5times/epoch_17/your_model_epoch_17/repeat_3/predictions/2olo_A_model_1_unrelaxed.pdb,/users/sgmwu14/scratch/openfold_inference_runs5times/epoch_17/your_model_epoch_17/repeat_3/predictions/2olo_A_model_1_relaxed.pdb,True,66.46305912596395,28.51,81.38,389,/users/sgmwu14/scratch/openfold_inference_runs5times/epoch_17/your_model_epoch_17/repeat_3/predictions/2olo_A_model_1_unrelaxed.pdb
18,2,2olo_A,1,0,/users/sgmwu14/scratch/openfold_inference_runs5times/epoch_18/your_model_epoch_18/repeat_2/predictions/2olo_A_model_1_unrelaxed.pdb,/users/sgmwu14/scratch/openfold_inference_runs5times/epoch_18/your_model_epoch_18/repeat_2/predictions/2olo_A_model_1_relaxed.pdb,True,68.1905141388175,30.88,81.49,389,/users/sgmwu14/scratch/openfold_inference_runs5times/epoch_18/your_model_epoch_18/repeat_2/predictions/2olo_A_model_1_unrelaxed.pdb
19,3,2olo_A,1,0,/users/sgmwu14/scratch/openfold_inference_runs5times/epoch_19/your_model_epoch_19/repeat_3/predictions/2olo_A_model_1_unrelaxed.pdb,/users/sgmwu14/scratch/openfold_inference_runs5times/epoch_19/your_model_epoch_19/repeat_3/predictions/2olo_A_model_1_relaxed.pdb,True,68.98974293059126,32.27,82.22,389,/users/sgmwu14/scratch/openfold_inference_runs5times/epoch_19/your_model_epoch_19/repeat_3/predictions/2olo_A_model_1_unrelaxed.pdb
20,5,2olo_A,1,0,/users/sgmwu14/scratch/openfold_inference_runs5times/epoch_20/your_model_epoch_20/repeat_5/predictions/2olo_A_model_1_unrelaxed.pdb,/users/sgmwu14/scratch/openfold_inference_runs5times/epoch_20/your_model_epoch_20/repeat_5/predictions/2olo_A_model_1_relaxed.pdb,True,69.95578406169659,31.25,83.29,389,/users/sgmwu14/scratch/openfold_inference_runs5times/epoch_20/your_model_epoch_20/repeat_5/predictions/2olo_A_model_1_unrelaxed.pdb
21,5,2olo_A,1,0,/users/sgmwu14/scratch/openfold_inference_runs5times/epoch_21/your_model_epoch_21/repeat_5/predictions/2olo_A_model_1_unrelaxed.pdb,/users/sgmwu14/scratch/openfold_inference_runs5times/epoch_21/your_model_epoch_21/repeat_5/predictions/2olo_A_model_1_relaxed.pdb,True,58.3231362467866,27.62,81.06,389,/users/sgmwu14/scratch/openfold_inference_runs5times/epoch_21/your_model_epoch_21/repeat_5/predictions/2olo_A_model_1_unrelaxed.pdb
22,1,2olo_A,1,0,/users/sgmwu14/scratch/openfold_inference_runs5times/epoch_22/your_model_epoch_22/repeat_1/predictions/2olo_A_model_1_unrelaxed.pdb,/users/sgmwu14/scratch/openfold_inference_runs5times/epoch_22/your_model_epoch_22/repeat_1/predictions/2olo_A_model_1_relaxed.pdb,True,69.3424678663239,35.7,81.96,389,/users/sgmwu14/scratch/openfold_inference_runs5times/epoch_22/your_model_epoch_22/repeat_1/predictions/2olo_A_model_1_unrelaxed.pdb
23,5,2olo_A,1,0,/users/sgmwu14/scratch/openfold_inference_runs5times/epoch_23/your_model_epoch_23/repeat_5/predictions/2olo_A_model_1_unrelaxed.pdb,/users/sgmwu14/scratch/openfold_inference_runs5times/epoch_23/your_model_epoch_23/repeat_5/predictions/2olo_A_model_1_relaxed.pdb,True,60.59737789203086,29.17,81.33,389,/users/sgmwu14/scratch/openfold_inference_runs5times/epoch_23/your_model_epoch_23/repeat_5/predictions/2olo_A_model_1_unrelaxed.pdb
24,3,2olo_A,1,0,/users/sgmwu14/scratch/openfold_inference_runs5times/epoch_24/your_model_epoch_24/repeat_3/predictions/2olo_A_model_1_unrelaxed.pdb,/users/sgmwu14/scratch/openfold_inference_runs5times/epoch_24/your_model_epoch_24/repeat_3/predictions/2olo_A_model_1_relaxed.pdb,True,61.47526992287918,31.28,81.41,389,/users/sgmwu14/scratch/openfold_inference_runs5times/epoch_24/your_model_epoch_24/repeat_3/predictions/2olo_A_model_1_unrelaxed.pdb
25,1,2olo_A,1,0,/users/sgmwu14/scratch/openfold_inference_runs5times/epoch_25/your_model_epoch_25/repeat_1/predictions/2olo_A_model_1_unrelaxed.pdb,/users/sgmwu14/scratch/openfold_inference_runs5times/epoch_25/your_model_epoch_25/repeat_1/predictions/2olo_A_model_1_relaxed.pdb,True,64.09133676092544,27.57,82.7,389,/users/sgmwu14/scratch/openfold_inference_runs5times/epoch_25/your_model_epoch_25/repeat_1/predictions/2olo_A_model_1_unrelaxed.pdb
26,1,2olo_A,1,0,/users/sgmwu14/scratch/openfold_inference_runs5times/epoch_26/your_model_epoch_26/repeat_1/predictions/2olo_A_model_1_unrelaxed.pdb,/users/sgmwu14/scratch/openfold_inference_runs5times/epoch_26/your_model_epoch_26/repeat_1/predictions/2olo_A_model_1_relaxed.pdb,True,52.70329048843187,24.8,78.46,389,/users/sgmwu14/scratch/openfold_inference_runs5times/epoch_26/your_model_epoch_26/repeat_1/predictions/2olo_A_model_1_unrelaxed.pdb
27,5,2olo_A,1,0,/users/sgmwu14/scratch/openfold_inference_runs5times/epoch_27/your_model_epoch_27/repeat_5/predictions/2olo_A_model_1_unrelaxed.pdb,/users/sgmwu14/scratch/openfold_inference_runs5times/epoch_27/your_model_epoch_27/repeat_5/predictions/2olo_A_model_1_relaxed.pdb,True,69.2855526992288,32.43,83.02,389,/users/sgmwu14/scratch/openfold_inference_runs5times/epoch_27/your_model_epoch_27/repeat_5/predictions/2olo_A_model_1_unrelaxed.pdb
28,5,2olo_A,1,0,/users/sgmwu14/scratch/openfold_inference_runs5times/epoch_28/your_model_epoch_28/repeat_5/predictions/2olo_A_model_1_unrelaxed.pdb,/users/sgmwu14/scratch/openfold_inference_runs5times/epoch_28/your_model_epoch_28/repeat_5/predictions/2olo_A_model_1_relaxed.pdb,True,70.30154241645243,31.92,84.16,389,/users/sgmwu14/scratch/openfold_inference_runs5times/epoch_28/your_model_epoch_28/repeat_5/predictions/2olo_A_model_1_unrelaxed.pdb
29,5,2olo_A,1,0,/users/sgmwu14/scratch/openfold_inference_runs5times/epoch_29/your_model_epoch_29/repeat_5/predictions/2olo_A_model_1_unrelaxed.pdb,/users/sgmwu14/scratch/openfold_inference_runs5times/epoch_29/your_model_epoch_29/repeat_5/predictions/2olo_A_model_1_relaxed.pdb,True,66.035706940874,34.84,83.65,389,/users/sgmwu14/scratch/openfold_inference_runs5times/epoch_29/your_model_epoch_29/repeat_5/predictions/2olo_A_model_1_unrelaxed.pdb
30,3,2olo_A,1,0,/users/sgmwu14/scratch/openfold_inference_runs5times/epoch_30/your_model_epoch_30/repeat_3/predictions/2olo_A_model_1_unrelaxed.pdb,/users/sgmwu14/scratch/openfold_inference_runs5times/epoch_30/your_model_epoch_30/repeat_3/predictions/2olo_A_model_1_relaxed.pdb,True,70.84850899742925,29.14,85.12,389,/users/sgmwu14/scratch/openfold_inference_runs5times/epoch_30/your_model_epoch_30/repeat_3/predictions/2olo_A_model_1_unrelaxed.pdb
31,1,2olo_A,1,0,/users/sgmwu14/scratch/openfold_inference_runs5times/epoch_31/your_model_epoch_31/repeat_1/predictions/2olo_A_model_1_unrelaxed.pdb,/users/sgmwu14/scratch/openfold_inference_runs5times/epoch_31/your_model_epoch_31/repeat_1/predictions/2olo_A_model_1_relaxed.pdb,True,68.65799485861186,37.67,84.42,389,/users/sgmwu14/scratch/openfold_inference_runs5times/epoch_31/your_model_epoch_31/repeat_1/predictions/2olo_A_model_1_unrelaxed.pdb
32,4,2olo_A,1,0,/users/sgmwu14/scratch/openfold_inference_runs5times/epoch_32/your_model_epoch_32/repeat_4/predictions/2olo_A_model_1_unrelaxed.pdb,/users/sgmwu14/scratch/openfold_inference_runs5times/epoch_32/your_model_epoch_32/repeat_4/predictions/2olo_A_model_1_relaxed.pdb,True,72.42876606683807,31.92,85.9,389,/users/sgmwu14/scratch/openfold_inference_runs5times/epoch_32/your_model_epoch_32/repeat_4/predictions/2olo_A_model_1_unrelaxed.pdb
2,1,4bp8_A,1,0,/users/sgmwu14/scratch/openfold_inference_runs5times/epoch_2/your_model_epoch_2/repeat_1/predictions/4bp8_A_model_1_unrelaxed.pdb,/users/sgmwu14/scratch/openfold_inference_runs5times/epoch_2/your_model_epoch_2/repeat_1/predictions/4bp8_A_model_1_relaxed.pdb,True,29.10844755244752,22.89,43.33,715,/users/sgmwu14/scratch/openfold_inference_runs5times/epoch_2/your_model_epoch_2/repeat_1/predictions/4bp8_A_model_1_unrelaxed.pdb
3,3,4bp8_A,1,0,/users/sgmwu14/scratch/openfold_inference_runs5times/epoch_3/your_model_epoch_3/repeat_3/predictions/4bp8_A_model_1_unrelaxed.pdb,/users/sgmwu14/scratch/openfold_inference_runs5times/epoch_3/your_model_epoch_3/repeat_3/predictions/4bp8_A_model_1_relaxed.pdb,True,31.84977622377624,23.57,49.16,715,/users/sgmwu14/scratch/openfold_inference_runs5times/epoch_3/your_model_epoch_3/repeat_3/predictions/4bp8_A_model_1_unrelaxed.pdb
4,3,4bp8_A,1,0,/users/sgmwu14/scratch/openfold_inference_runs5times/epoch_4/your_model_epoch_4/repeat_3/predictions/4bp8_A_model_1_unrelaxed.pdb,/users/sgmwu14/scratch/openfold_inference_runs5times/epoch_4/your_model_epoch_4/repeat_3/predictions/4bp8_A_model_1_relaxed.pdb,True,34.18655944055947,25.04,55.49,715,/users/sgmwu14/scratch/openfold_inference_runs5times/epoch_4/your_model_epoch_4/repeat_3/predictions/4bp8_A_model_1_unrelaxed.pdb
5,4,4bp8_A,1,0,/users/sgmwu14/scratch/openfold_inference_runs5times/epoch_5/your_model_epoch_5/repeat_4/predictions/4bp8_A_model_1_unrelaxed.pdb,/users/sgmwu14/scratch/openfold_inference_runs5times/epoch_5/your_model_epoch_5/repeat_4/predictions/4bp8_A_model_1_relaxed.pdb,True,39.16118881118883,25.88,61.53,715,/users/sgmwu14/scratch/openfold_inference_runs5times/epoch_5/your_model_epoch_5/repeat_4/predictions/4bp8_A_model_1_unrelaxed.pdb
6,1,4bp8_A,1,0,/users/sgmwu14/scratch/openfold_inference_runs5times/epoch_6/your_model_epoch_6/repeat_1/predictions/4bp8_A_model_1_unrelaxed.pdb,/users/sgmwu14/scratch/openfold_inference_runs5times/epoch_6/your_model_epoch_6/repeat_1/predictions/4bp8_A_model_1_relaxed.pdb,True,46.57647552447556,24.93,69.83,715,/users/sgmwu14/scratch/openfold_inference_runs5times/epoch_6/your_model_epoch_6/repeat_1/predictions/4bp8_A_model_1_unrelaxed.pdb
7,2,4bp8_A,1,0,/users/sgmwu14/scratch/openfold_inference_runs5times/epoch_7/your_model_epoch_7/repeat_2/predictions/4bp8_A_model_1_unrelaxed.pdb,/users/sgmwu14/scratch/openfold_inference_runs5times/epoch_7/your_model_epoch_7/repeat_2/predictions/4bp8_A_model_1_relaxed.pdb,True,41.23352447552449,23.76,68.29,715,/users/sgmwu14/scratch/openfold_inference_runs5times/epoch_7/your_model_epoch_7/repeat_2/predictions/4bp8_A_model_1_unrelaxed.pdb
8,1,4bp8_A,1,0,/users/sgmwu14/scratch/openfold_inference_runs5times/epoch_8/your_model_epoch_8/repeat_1/predictions/4bp8_A_model_1_unrelaxed.pdb,/users/sgmwu14/scratch/openfold_inference_runs5times/epoch_8/your_model_epoch_8/repeat_1/predictions/4bp8_A_model_1_relaxed.pdb,True,53.7259160839161,26.72,74.74,715,/users/sgmwu14/scratch/openfold_inference_runs5times/epoch_8/your_model_epoch_8/repeat_1/predictions/4bp8_A_model_1_unrelaxed.pdb
9,1,4bp8_A,1,0,/users/sgmwu14/scratch/openfold_inference_runs5times/epoch_9/your_model_epoch_9/repeat_1/predictions/4bp8_A_model_1_unrelaxed.pdb,/users/sgmwu14/scratch/openfold_inference_runs5times/epoch_9/your_model_epoch_9/repeat_1/predictions/4bp8_A_model_1_relaxed.pdb,True,52.77218181818181,28.8,72.43,715,/users/sgmwu14/scratch/openfold_inference_runs5times/epoch_9/your_model_epoch_9/repeat_1/predictions/4bp8_A_model_1_unrelaxed.pdb
10,1,4bp8_A,1,0,/users/sgmwu14/scratch/openfold_inference_runs5times/epoch_10/your_model_epoch_10/repeat_1/predictions/4bp8_A_model_1_unrelaxed.pdb,/users/sgmwu14/scratch/openfold_inference_runs5times/epoch_10/your_model_epoch_10/repeat_1/predictions/4bp8_A_model_1_relaxed.pdb,True,56.5106993006992,27.21,73.64,715,/users/sgmwu14/scratch/openfold_inference_runs5times/epoch_10/your_model_epoch_10/repeat_1/predictions/4bp8_A_model_1_unrelaxed.pdb
11,1,4bp8_A,1,0,/users/sgmwu14/scratch/openfold_inference_runs5times/epoch_11/your_model_epoch_11/repeat_1/predictions/4bp8_A_model_1_unrelaxed.pdb,/users/sgmwu14/scratch/openfold_inference_runs5times/epoch_11/your_model_epoch_11/repeat_1/predictions/4bp8_A_model_1_relaxed.pdb,True,64.49,27.02,78.7,715,/users/sgmwu14/scratch/openfold_inference_runs5times/epoch_11/your_model_epoch_11/repeat_1/predictions/4bp8_A_model_1_unrelaxed.pdb
12,4,4bp8_A,1,0,/users/sgmwu14/scratch/openfold_inference_runs5times/epoch_12/your_model_epoch_12/repeat_4/predictions/4bp8_A_model_1_unrelaxed.pdb,/users/sgmwu14/scratch/openfold_inference_runs5times/epoch_12/your_model_epoch_12/repeat_4/predictions/4bp8_A_model_1_relaxed.pdb,True,67.16518881118874,28.36,78.76,715,/users/sgmwu14/scratch/openfold_inference_runs5times/epoch_12/your_model_epoch_12/repeat_4/predictions/4bp8_A_model_1_unrelaxed.pdb
13,5,4bp8_A,1,0,/users/sgmwu14/scratch/openfold_inference_runs5times/epoch_13/your_model_epoch_13/repeat_5/predictions/4bp8_A_model_1_unrelaxed.pdb,/users/sgmwu14/scratch/openfold_inference_runs5times/epoch_13/your_model_epoch_13/repeat_5/predictions/4bp8_A_model_1_relaxed.pdb,True,64.35032167832165,26.49,77.02,715,/users/sgmwu14/scratch/openfold_inference_runs5times/epoch_13/your_model_epoch_13/repeat_5/predictions/4bp8_A_model_1_unrelaxed.pdb
14,1,4bp8_A,1,0,/users/sgmwu14/scratch/openfold_inference_runs5times/epoch_14/your_model_epoch_14/repeat_1/predictions/4bp8_A_model_1_unrelaxed.pdb,/users/sgmwu14/scratch/openfold_inference_runs5times/epoch_14/your_model_epoch_14/repeat_1/predictions/4bp8_A_model_1_relaxed.pdb,True,68.0774545454545,32.64,79.58,715,/users/sgmwu14/scratch/openfold_inference_runs5times/epoch_14/your_model_epoch_14/repeat_1/predictions/4bp8_A_model_1_unrelaxed.pdb
15,5,4bp8_A,1,0,/users/sgmwu14/scratch/openfold_inference_runs5times/epoch_15/your_model_epoch_15/repeat_5/predictions/4bp8_A_model_1_unrelaxed.pdb,/users/sgmwu14/scratch/openfold_inference_runs5times/epoch_15/your_model_epoch_15/repeat_5/predictions/4bp8_A_model_1_relaxed.pdb,True,68.75075524475517,26.7,80.65,715,/users/sgmwu14/scratch/openfold_inference_runs5times/epoch_15/your_model_epoch_15/repeat_5/predictions/4bp8_A_model_1_unrelaxed.pdb
16,1,4bp8_A,1,0,/users/sgmwu14/scratch/openfold_inference_runs5times/epoch_16/your_model_epoch_16/repeat_1/predictions/4bp8_A_model_1_unrelaxed.pdb,/users/sgmwu14/scratch/openfold_inference_runs5times/epoch_16/your_model_epoch_16/repeat_1/predictions/4bp8_A_model_1_relaxed.pdb,True,65.62795804195795,27.88,78.2,715,/users/sgmwu14/scratch/openfold_inference_runs5times/epoch_16/your_model_epoch_16/repeat_1/predictions/4bp8_A_model_1_unrelaxed.pdb
17,1,4bp8_A,1,0,/users/sgmwu14/scratch/openfold_inference_runs5times/epoch_17/your_model_epoch_17/repeat_1/predictions/4bp8_A_model_1_unrelaxed.pdb,/users/sgmwu14/scratch/openfold_inference_runs5times/epoch_17/your_model_epoch_17/repeat_1/predictions/4bp8_A_model_1_relaxed.pdb,True,67.41703496503497,26.98,80.91,715,/users/sgmwu14/scratch/openfold_inference_runs5times/epoch_17/your_model_epoch_17/repeat_1/predictions/4bp8_A_model_1_unrelaxed.pdb
18,4,4bp8_A,1,0,/users/sgmwu14/scratch/openfold_inference_runs5times/epoch_18/your_model_epoch_18/repeat_4/predictions/4bp8_A_model_1_unrelaxed.pdb,/users/sgmwu14/scratch/openfold_inference_runs5times/epoch_18/your_model_epoch_18/repeat_4/predictions/4bp8_A_model_1_relaxed.pdb,True,69.29415384615388,30.84,79.87,715,/users/sgmwu14/scratch/openfold_inference_runs5times/epoch_18/your_model_epoch_18/repeat_4/predictions/4bp8_A_model_1_unrelaxed.pdb
19,4,4bp8_A,1,0,/users/sgmwu14/scratch/openfold_inference_runs5times/epoch_19/your_model_epoch_19/repeat_4/predictions/4bp8_A_model_1_unrelaxed.pdb,/users/sgmwu14/scratch/openfold_inference_runs5times/epoch_19/your_model_epoch_19/repeat_4/predictions/4bp8_A_model_1_relaxed.pdb,True,71.05048951048954,26.17,81.63,715,/users/sgmwu14/scratch/openfold_inference_runs5times/epoch_19/your_model_epoch_19/repeat_4/predictions/4bp8_A_model_1_unrelaxed.pdb
20,1,4bp8_A,1,0,/users/sgmwu14/scratch/openfold_inference_runs5times/epoch_20/your_model_epoch_20/repeat_1/predictions/4bp8_A_model_1_unrelaxed.pdb,/users/sgmwu14/scratch/openfold_inference_runs5times/epoch_20/your_model_epoch_20/repeat_1/predictions/4bp8_A_model_1_relaxed.pdb,True,70.43236363636355,34.24,82.08,715,/users/sgmwu14/scratch/openfold_inference_runs5times/epoch_20/your_model_epoch_20/repeat_1/predictions/4bp8_A_model_1_unrelaxed.pdb
21,5,4bp8_A,1,0,/users/sgmwu14/scratch/openfold_inference_runs5times/epoch_21/your_model_epoch_21/repeat_5/predictions/4bp8_A_model_1_unrelaxed.pdb,/users/sgmwu14/scratch/openfold_inference_runs5times/epoch_21/your_model_epoch_21/repeat_5/predictions/4bp8_A_model_1_relaxed.pdb,True,67.02924475524473,29.59,79.04,715,/users/sgmwu14/scratch/openfold_inference_runs5times/epoch_21/your_model_epoch_21/repeat_5/predictions/4bp8_A_model_1_unrelaxed.pdb
22,1,4bp8_A,1,0,/users/sgmwu14/scratch/openfold_inference_runs5times/epoch_22/your_model_epoch_22/repeat_1/predictions/4bp8_A_model_1_unrelaxed.pdb,/users/sgmwu14/scratch/openfold_inference_runs5times/epoch_22/your_model_epoch_22/repeat_1/predictions/4bp8_A_model_1_relaxed.pdb,True,71.96583216783216,35.32,82.31,715,/users/sgmwu14/scratch/openfold_inference_runs5times/epoch_22/your_model_epoch_22/repeat_1/predictions/4bp8_A_model_1_unrelaxed.pdb
23,5,4bp8_A,1,0,/users/sgmwu14/scratch/openfold_inference_runs5times/epoch_23/your_model_epoch_23/repeat_5/predictions/4bp8_A_model_1_unrelaxed.pdb,/users/sgmwu14/scratch/openfold_inference_runs5times/epoch_23/your_model_epoch_23/repeat_5/predictions/4bp8_A_model_1_relaxed.pdb,True,66.01574825174832,34.72,79.09,715,/users/sgmwu14/scratch/openfold_inference_runs5times/epoch_23/your_model_epoch_23/repeat_5/predictions/4bp8_A_model_1_unrelaxed.pdb
24,3,4bp8_A,1,0,/users/sgmwu14/scratch/openfold_inference_runs5times/epoch_24/your_model_epoch_24/repeat_3/predictions/4bp8_A_model_1_unrelaxed.pdb,/users/sgmwu14/scratch/openfold_inference_runs5times/epoch_24/your_model_epoch_24/repeat_3/predictions/4bp8_A_model_1_relaxed.pdb,True,68.98199999999997,30.6,81.66,715,/users/sgmwu14/scratch/openfold_inference_runs5times/epoch_24/your_model_epoch_24/repeat_3/predictions/4bp8_A_model_1_unrelaxed.pdb
25,3,4bp8_A,1,0,/users/sgmwu14/scratch/openfold_inference_runs5times/epoch_25/your_model_epoch_25/repeat_3/predictions/4bp8_A_model_1_unrelaxed.pdb,/users/sgmwu14/scratch/openfold_inference_runs5times/epoch_25/your_model_epoch_25/repeat_3/predictions/4bp8_A_model_1_relaxed.pdb,True,72.04909090909096,28.35,83.76,715,/users/sgmwu14/scratch/openfold_inference_runs5times/epoch_25/your_model_epoch_25/repeat_3/predictions/4bp8_A_model_1_unrelaxed.pdb
26,5,4bp8_A,1,0,/users/sgmwu14/scratch/openfold_inference_runs5times/epoch_26/your_model_epoch_26/repeat_5/predictions/4bp8_A_model_1_unrelaxed.pdb,/users/sgmwu14/scratch/openfold_inference_runs5times/epoch_26/your_model_epoch_26/repeat_5/predictions/4bp8_A_model_1_relaxed.pdb,True,66.18979020979023,29.51,79.92,715,/users/sgmwu14/scratch/openfold_inference_runs5times/epoch_26/your_model_epoch_26/repeat_5/predictions/4bp8_A_model_1_unrelaxed.pdb
27,4,4bp8_A,1,0,/users/sgmwu14/scratch/openfold_inference_runs5times/epoch_27/your_model_epoch_27/repeat_4/predictions/4bp8_A_model_1_unrelaxed.pdb,/users/sgmwu14/scratch/openfold_inference_runs5times/epoch_27/your_model_epoch_27/repeat_4/predictions/4bp8_A_model_1_relaxed.pdb,True,72.78600000000006,28.15,83.43,715,/users/sgmwu14/scratch/openfold_inference_runs5times/epoch_27/your_model_epoch_27/repeat_4/predictions/4bp8_A_model_1_unrelaxed.pdb
28,4,4bp8_A,1,0,/users/sgmwu14/scratch/openfold_inference_runs5times/epoch_28/your_model_epoch_28/repeat_4/predictions/4bp8_A_model_1_unrelaxed.pdb,/users/sgmwu14/scratch/openfold_inference_runs5times/epoch_28/your_model_epoch_28/repeat_4/predictions/4bp8_A_model_1_relaxed.pdb,True,71.56869930069931,28.23,83.18,715,/users/sgmwu14/scratch/openfold_inference_runs5times/epoch_28/your_model_epoch_28/repeat_4/predictions/4bp8_A_model_1_unrelaxed.pdb
29,1,4bp8_A,1,0,/users/sgmwu14/scratch/openfold_inference_runs5times/epoch_29/your_model_epoch_29/repeat_1/predictions/4bp8_A_model_1_unrelaxed.pdb,/users/sgmwu14/scratch/openfold_inference_runs5times/epoch_29/your_model_epoch_29/repeat_1/predictions/4bp8_A_model_1_relaxed.pdb,True,71.43762237762247,24.24,84.06,715,/users/sgmwu14/scratch/openfold_inference_runs5times/epoch_29/your_model_epoch_29/repeat_1/predictions/4bp8_A_model_1_unrelaxed.pdb
30,1,4bp8_A,1,0,/users/sgmwu14/scratch/openfold_inference_runs5times/epoch_30/your_model_epoch_30/repeat_1/predictions/4bp8_A_model_1_unrelaxed.pdb,/users/sgmwu14/scratch/openfold_inference_runs5times/epoch_30/your_model_epoch_30/repeat_1/predictions/4bp8_A_model_1_relaxed.pdb,True,73.79036363636361,30.17,85.45,715,/users/sgmwu14/scratch/openfold_inference_runs5times/epoch_30/your_model_epoch_30/repeat_1/predictions/4bp8_A_model_1_unrelaxed.pdb
31,1,4bp8_A,1,0,/users/sgmwu14/scratch/openfold_inference_runs5times/epoch_31/your_model_epoch_31/repeat_1/predictions/4bp8_A_model_1_unrelaxed.pdb,/users/sgmwu14/scratch/openfold_inference_runs5times/epoch_31/your_model_epoch_31/repeat_1/predictions/4bp8_A_model_1_relaxed.pdb,True,71.33155244755247,26.23,84.52,715,/users/sgmwu14/scratch/openfold_inference_runs5times/epoch_31/your_model_epoch_31/repeat_1/predictions/4bp8_A_model_1_unrelaxed.pdb
32,1,4bp8_A,1,0,/users/sgmwu14/scratch/openfold_inference_runs5times/epoch_32/your_model_epoch_32/repeat_1/predictions/4bp8_A_model_1_unrelaxed.pdb,/users/sgmwu14/scratch/openfold_inference_runs5times/epoch_32/your_model_epoch_32/repeat_1/predictions/4bp8_A_model_1_relaxed.pdb,True,73.38781818181826,25.66,85.92,715,/users/sgmwu14/scratch/openfold_inference_runs5times/epoch_32/your_model_epoch_32/repeat_1/predictions/4bp8_A_model_1_unrelaxed.pdb
2,4,5i6x_A,1,0,/users/sgmwu14/scratch/openfold_inference_runs5times/epoch_2/your_model_epoch_2/repeat_4/predictions/5i6x_A_model_1_unrelaxed.pdb,/users/sgmwu14/scratch/openfold_inference_runs5times/epoch_2/your_model_epoch_2/repeat_4/predictions/5i6x_A_model_1_relaxed.pdb,True,29.716484517304192,22.99,42.14,549,/users/sgmwu14/scratch/openfold_inference_runs5times/epoch_2/your_model_epoch_2/repeat_4/predictions/5i6x_A_model_1_unrelaxed.pdb
3,3,5i6x_A,1,0,/users/sgmwu14/scratch/openfold_inference_runs5times/epoch_3/your_model_epoch_3/repeat_3/predictions/5i6x_A_model_1_unrelaxed.pdb,/users/sgmwu14/scratch/openfold_inference_runs5times/epoch_3/your_model_epoch_3/repeat_3/predictions/5i6x_A_model_1_relaxed.pdb,True,34.91533697632057,24.19,47.3,549,/users/sgmwu14/scratch/openfold_inference_runs5times/epoch_3/your_model_epoch_3/repeat_3/predictions/5i6x_A_model_1_unrelaxed.pdb
4,3,5i6x_A,1,0,/users/sgmwu14/scratch/openfold_inference_runs5times/epoch_4/your_model_epoch_4/repeat_3/predictions/5i6x_A_model_1_unrelaxed.pdb,/users/sgmwu14/scratch/openfold_inference_runs5times/epoch_4/your_model_epoch_4/repeat_3/predictions/5i6x_A_model_1_relaxed.pdb,True,36.46464480874314,23.77,48.81,549,/users/sgmwu14/scratch/openfold_inference_runs5times/epoch_4/your_model_epoch_4/repeat_3/predictions/5i6x_A_model_1_unrelaxed.pdb
5,5,5i6x_A,1,0,/users/sgmwu14/scratch/openfold_inference_runs5times/epoch_5/your_model_epoch_5/repeat_5/predictions/5i6x_A_model_1_unrelaxed.pdb,/users/sgmwu14/scratch/openfold_inference_runs5times/epoch_5/your_model_epoch_5/repeat_5/predictions/5i6x_A_model_1_relaxed.pdb,True,40.01938069216759,25.72,54.22,549,/users/sgmwu14/scratch/openfold_inference_runs5times/epoch_5/your_model_epoch_5/repeat_5/predictions/5i6x_A_model_1_unrelaxed.pdb
6,4,5i6x_A,1,0,/users/sgmwu14/scratch/openfold_inference_runs5times/epoch_6/your_model_epoch_6/repeat_4/predictions/5i6x_A_model_1_unrelaxed.pdb,/users/sgmwu14/scratch/openfold_inference_runs5times/epoch_6/your_model_epoch_6/repeat_4/predictions/5i6x_A_model_1_relaxed.pdb,True,44.0063387978142,24.69,65.75,549,/users/sgmwu14/scratch/openfold_inference_runs5times/epoch_6/your_model_epoch_6/repeat_4/predictions/5i6x_A_model_1_unrelaxed.pdb
7,4,5i6x_A,1,0,/users/sgmwu14/scratch/openfold_inference_runs5times/epoch_7/your_model_epoch_7/repeat_4/predictions/5i6x_A_model_1_unrelaxed.pdb,/users/sgmwu14/scratch/openfold_inference_runs5times/epoch_7/your_model_epoch_7/repeat_4/predictions/5i6x_A_model_1_relaxed.pdb,True,42.64974499089249,23.84,60.99,549,/users/sgmwu14/scratch/openfold_inference_runs5times/epoch_7/your_model_epoch_7/repeat_4/predictions/5i6x_A_model_1_unrelaxed.pdb
8,3,5i6x_A,1,0,/users/sgmwu14/scratch/openfold_inference_runs5times/epoch_8/your_model_epoch_8/repeat_3/predictions/5i6x_A_model_1_unrelaxed.pdb,/users/sgmwu14/scratch/openfold_inference_runs5times/epoch_8/your_model_epoch_8/repeat_3/predictions/5i6x_A_model_1_relaxed.pdb,True,50.04841530054644,26.09,70.77,549,/users/sgmwu14/scratch/openfold_inference_runs5times/epoch_8/your_model_epoch_8/repeat_3/predictions/5i6x_A_model_1_unrelaxed.pdb
9,4,5i6x_A,1,0,/users/sgmwu14/scratch/openfold_inference_runs5times/epoch_9/your_model_epoch_9/repeat_4/predictions/5i6x_A_model_1_unrelaxed.pdb,/users/sgmwu14/scratch/openfold_inference_runs5times/epoch_9/your_model_epoch_9/repeat_4/predictions/5i6x_A_model_1_relaxed.pdb,True,50.82918032786883,26.98,69.24,549,/users/sgmwu14/scratch/openfold_inference_runs5times/epoch_9/your_model_epoch_9/repeat_4/predictions/5i6x_A_model_1_unrelaxed.pdb
10,4,5i6x_A,1,0,/users/sgmwu14/scratch/openfold_inference_runs5times/epoch_10/your_model_epoch_10/repeat_4/predictions/5i6x_A_model_1_unrelaxed.pdb,/users/sgmwu14/scratch/openfold_inference_runs5times/epoch_10/your_model_epoch_10/repeat_4/predictions/5i6x_A_model_1_relaxed.pdb,True,55.55291438979963,28.55,69.18,549,/users/sgmwu14/scratch/openfold_inference_runs5times/epoch_10/your_model_epoch_10/repeat_4/predictions/5i6x_A_model_1_unrelaxed.pdb
11,2,5i6x_A,1,0,/users/sgmwu14/scratch/openfold_inference_runs5times/epoch_11/your_model_epoch_11/repeat_2/predictions/5i6x_A_model_1_unrelaxed.pdb,/users/sgmwu14/scratch/openfold_inference_runs5times/epoch_11/your_model_epoch_11/repeat_2/predictions/5i6x_A_model_1_relaxed.pdb,True,63.25601092896178,27.14,74.31,549,/users/sgmwu14/scratch/openfold_inference_runs5times/epoch_11/your_model_epoch_11/repeat_2/predictions/5i6x_A_model_1_unrelaxed.pdb
12,5,5i6x_A,1,0,/users/sgmwu14/scratch/openfold_inference_runs5times/epoch_12/your_model_epoch_12/repeat_5/predictions/5i6x_A_model_1_unrelaxed.pdb,/users/sgmwu14/scratch/openfold_inference_runs5times/epoch_12/your_model_epoch_12/repeat_5/predictions/5i6x_A_model_1_relaxed.pdb,True,68.08546448087436,28.05,78.88,549,/users/sgmwu14/scratch/openfold_inference_runs5times/epoch_12/your_model_epoch_12/repeat_5/predictions/5i6x_A_model_1_unrelaxed.pdb
13,2,5i6x_A,1,0,/users/sgmwu14/scratch/openfold_inference_runs5times/epoch_13/your_model_epoch_13/repeat_2/predictions/5i6x_A_model_1_unrelaxed.pdb,/users/sgmwu14/scratch/openfold_inference_runs5times/epoch_13/your_model_epoch_13/repeat_2/predictions/5i6x_A_model_1_relaxed.pdb,True,64.76125683060111,27.34,75.48,549,/users/sgmwu14/scratch/openfold_inference_runs5times/epoch_13/your_model_epoch_13/repeat_2/predictions/5i6x_A_model_1_unrelaxed.pdb
14,1,5i6x_A,1,0,/users/sgmwu14/scratch/openfold_inference_runs5times/epoch_14/your_model_epoch_14/repeat_1/predictions/5i6x_A_model_1_unrelaxed.pdb,/users/sgmwu14/scratch/openfold_inference_runs5times/epoch_14/your_model_epoch_14/repeat_1/predictions/5i6x_A_model_1_relaxed.pdb,True,69.52887067395267,37.34,78.88,549,/users/sgmwu14/scratch/openfold_inference_runs5times/epoch_14/your_model_epoch_14/repeat_1/predictions/5i6x_A_model_1_unrelaxed.pdb
15,5,5i6x_A,1,0,/users/sgmwu14/scratch/openfold_inference_runs5times/epoch_15/your_model_epoch_15/repeat_5/predictions/5i6x_A_model_1_unrelaxed.pdb,/users/sgmwu14/scratch/openfold_inference_runs5times/epoch_15/your_model_epoch_15/repeat_5/predictions/5i6x_A_model_1_relaxed.pdb,True,70.97608378870676,35.37,81.23,549,/users/sgmwu14/scratch/openfold_inference_runs5times/epoch_15/your_model_epoch_15/repeat_5/predictions/5i6x_A_model_1_unrelaxed.pdb
16,3,5i6x_A,1,0,/users/sgmwu14/scratch/openfold_inference_runs5times/epoch_16/your_model_epoch_16/repeat_3/predictions/5i6x_A_model_1_unrelaxed.pdb,/users/sgmwu14/scratch/openfold_inference_runs5times/epoch_16/your_model_epoch_16/repeat_3/predictions/5i6x_A_model_1_relaxed.pdb,True,58.50901639344263,24.41,75.93,549,/users/sgmwu14/scratch/openfold_inference_runs5times/epoch_16/your_model_epoch_16/repeat_3/predictions/5i6x_A_model_1_unrelaxed.pdb
17,4,5i6x_A,1,0,/users/sgmwu14/scratch/openfold_inference_runs5times/epoch_17/your_model_epoch_17/repeat_4/predictions/5i6x_A_model_1_unrelaxed.pdb,/users/sgmwu14/scratch/openfold_inference_runs5times/epoch_17/your_model_epoch_17/repeat_4/predictions/5i6x_A_model_1_relaxed.pdb,True,69.39287795992719,30.92,80.48,549,/users/sgmwu14/scratch/openfold_inference_runs5times/epoch_17/your_model_epoch_17/repeat_4/predictions/5i6x_A_model_1_unrelaxed.pdb
18,4,5i6x_A,1,0,/users/sgmwu14/scratch/openfold_inference_runs5times/epoch_18/your_model_epoch_18/repeat_4/predictions/5i6x_A_model_1_unrelaxed.pdb,/users/sgmwu14/scratch/openfold_inference_runs5times/epoch_18/your_model_epoch_18/repeat_4/predictions/5i6x_A_model_1_relaxed.pdb,True,71.08409836065572,29.25,79.81,549,/users/sgmwu14/scratch/openfold_inference_runs5times/epoch_18/your_model_epoch_18/repeat_4/predictions/5i6x_A_model_1_unrelaxed.pdb
19,1,5i6x_A,1,0,/users/sgmwu14/scratch/openfold_inference_runs5times/epoch_19/your_model_epoch_19/repeat_1/predictions/5i6x_A_model_1_unrelaxed.pdb,/users/sgmwu14/scratch/openfold_inference_runs5times/epoch_19/your_model_epoch_19/repeat_1/predictions/5i6x_A_model_1_relaxed.pdb,True,72.66566484517304,30.86,81.76,549,/users/sgmwu14/scratch/openfold_inference_runs5times/epoch_19/your_model_epoch_19/repeat_1/predictions/5i6x_A_model_1_unrelaxed.pdb
20,2,5i6x_A,1,0,/users/sgmwu14/scratch/openfold_inference_runs5times/epoch_20/your_model_epoch_20/repeat_2/predictions/5i6x_A_model_1_unrelaxed.pdb,/users/sgmwu14/scratch/openfold_inference_runs5times/epoch_20/your_model_epoch_20/repeat_2/predictions/5i6x_A_model_1_relaxed.pdb,True,72.46484517304184,32.17,81.26,549,/users/sgmwu14/scratch/openfold_inference_runs5times/epoch_20/your_model_epoch_20/repeat_2/predictions/5i6x_A_model_1_unrelaxed.pdb
21,4,5i6x_A,1,0,/users/sgmwu14/scratch/openfold_inference_runs5times/epoch_21/your_model_epoch_21/repeat_4/predictions/5i6x_A_model_1_unrelaxed.pdb,/users/sgmwu14/scratch/openfold_inference_runs5times/epoch_21/your_model_epoch_21/repeat_4/predictions/5i6x_A_model_1_relaxed.pdb,True,56.91848816029146,26.6,74.44,549,/users/sgmwu14/scratch/openfold_inference_runs5times/epoch_21/your_model_epoch_21/repeat_4/predictions/5i6x_A_model_1_unrelaxed.pdb
22,3,5i6x_A,1,0,/users/sgmwu14/scratch/openfold_inference_runs5times/epoch_22/your_model_epoch_22/repeat_3/predictions/5i6x_A_model_1_unrelaxed.pdb,/users/sgmwu14/scratch/openfold_inference_runs5times/epoch_22/your_model_epoch_22/repeat_3/predictions/5i6x_A_model_1_relaxed.pdb,True,72.28357012750456,29.54,81.13,549,/users/sgmwu14/scratch/openfold_inference_runs5times/epoch_22/your_model_epoch_22/repeat_3/predictions/5i6x_A_model_1_unrelaxed.pdb
23,5,5i6x_A,1,0,/users/sgmwu14/scratch/openfold_inference_runs5times/epoch_23/your_model_epoch_23/repeat_5/predictions/5i6x_A_model_1_unrelaxed.pdb,/users/sgmwu14/scratch/openfold_inference_runs5times/epoch_23/your_model_epoch_23/repeat_5/predictions/5i6x_A_model_1_relaxed.pdb,True,63.93639344262294,22.41,76.41,549,/users/sgmwu14/scratch/openfold_inference_runs5times/epoch_23/your_model_epoch_23/repeat_5/predictions/5i6x_A_model_1_unrelaxed.pdb
24,2,5i6x_A,1,0,/users/sgmwu14/scratch/openfold_inference_runs5times/epoch_24/your_model_epoch_24/repeat_2/predictions/5i6x_A_model_1_unrelaxed.pdb,/users/sgmwu14/scratch/openfold_inference_runs5times/epoch_24/your_model_epoch_24/repeat_2/predictions/5i6x_A_model_1_relaxed.pdb,True,67.88387978142075,27.24,77.99,549,/users/sgmwu14/scratch/openfold_inference_runs5times/epoch_24/your_model_epoch_24/repeat_2/predictions/5i6x_A_model_1_unrelaxed.pdb
25,1,5i6x_A,1,0,/users/sgmwu14/scratch/openfold_inference_runs5times/epoch_25/your_model_epoch_25/repeat_1/predictions/5i6x_A_model_1_unrelaxed.pdb,/users/sgmwu14/scratch/openfold_inference_runs5times/epoch_25/your_model_epoch_25/repeat_1/predictions/5i6x_A_model_1_relaxed.pdb,True,72.26036429872505,30.47,83.31,549,/users/sgmwu14/scratch/openfold_inference_runs5times/epoch_25/your_model_epoch_25/repeat_1/predictions/5i6x_A_model_1_unrelaxed.pdb
26,3,5i6x_A,1,0,/users/sgmwu14/scratch/openfold_inference_runs5times/epoch_26/your_model_epoch_26/repeat_3/predictions/5i6x_A_model_1_unrelaxed.pdb,/users/sgmwu14/scratch/openfold_inference_runs5times/epoch_26/your_model_epoch_26/repeat_3/predictions/5i6x_A_model_1_relaxed.pdb,True,52.01154826958102,23.54,72.27,549,/users/sgmwu14/scratch/openfold_inference_runs5times/epoch_26/your_model_epoch_26/repeat_3/predictions/5i6x_A_model_1_unrelaxed.pdb
27,4,5i6x_A,1,0,/users/sgmwu14/scratch/openfold_inference_runs5times/epoch_27/your_model_epoch_27/repeat_4/predictions/5i6x_A_model_1_unrelaxed.pdb,/users/sgmwu14/scratch/openfold_inference_runs5times/epoch_27/your_model_epoch_27/repeat_4/predictions/5i6x_A_model_1_relaxed.pdb,True,75.1873041894354,29.54,83.91,549,/users/sgmwu14/scratch/openfold_inference_runs5times/epoch_27/your_model_epoch_27/repeat_4/predictions/5i6x_A_model_1_unrelaxed.pdb
28,4,5i6x_A,1,0,/users/sgmwu14/scratch/openfold_inference_runs5times/epoch_28/your_model_epoch_28/repeat_4/predictions/5i6x_A_model_1_unrelaxed.pdb,/users/sgmwu14/scratch/openfold_inference_runs5times/epoch_28/your_model_epoch_28/repeat_4/predictions/5i6x_A_model_1_relaxed.pdb,True,74.94136612021859,37.1,84.16,549,/users/sgmwu14/scratch/openfold_inference_runs5times/epoch_28/your_model_epoch_28/repeat_4/predictions/5i6x_A_model_1_unrelaxed.pdb
29,4,5i6x_A,1,0,/users/sgmwu14/scratch/openfold_inference_runs5times/epoch_29/your_model_epoch_29/repeat_4/predictions/5i6x_A_model_1_unrelaxed.pdb,/users/sgmwu14/scratch/openfold_inference_runs5times/epoch_29/your_model_epoch_29/repeat_4/predictions/5i6x_A_model_1_relaxed.pdb,True,72.83712204007288,30.94,83.56,549,/users/sgmwu14/scratch/openfold_inference_runs5times/epoch_29/your_model_epoch_29/repeat_4/predictions/5i6x_A_model_1_unrelaxed.pdb
30,2,5i6x_A,1,0,/users/sgmwu14/scratch/openfold_inference_runs5times/epoch_30/your_model_epoch_30/repeat_2/predictions/5i6x_A_model_1_unrelaxed.pdb,/users/sgmwu14/scratch/openfold_inference_runs5times/epoch_30/your_model_epoch_30/repeat_2/predictions/5i6x_A_model_1_relaxed.pdb,True,76.47868852459007,45.74,85.66,549,/users/sgmwu14/scratch/openfold_inference_runs5times/epoch_30/your_model_epoch_30/repeat_2/predictions/5i6x_A_model_1_unrelaxed.pdb
31,4,5i6x_A,1,0,/users/sgmwu14/scratch/openfold_inference_runs5times/epoch_31/your_model_epoch_31/repeat_4/predictions/5i6x_A_model_1_unrelaxed.pdb,/users/sgmwu14/scratch/openfold_inference_runs5times/epoch_31/your_model_epoch_31/repeat_4/predictions/5i6x_A_model_1_relaxed.pdb,True,75.81531876138428,31.23,86.01,549,/users/sgmwu14/scratch/openfold_inference_runs5times/epoch_31/your_model_epoch_31/repeat_4/predictions/5i6x_A_model_1_unrelaxed.pdb
32,4,5i6x_A,1,0,/users/sgmwu14/scratch/openfold_inference_runs5times/epoch_32/your_model_epoch_32/repeat_4/predictions/5i6x_A_model_1_unrelaxed.pdb,/users/sgmwu14/scratch/openfold_inference_runs5times/epoch_32/your_model_epoch_32/repeat_4/predictions/5i6x_A_model_1_relaxed.pdb,True,76.93950819672136,31.22,86.3,549,/users/sgmwu14/scratch/openfold_inference_runs5times/epoch_32/your_model_epoch_32/repeat_4/predictions/5i6x_A_model_1_unrelaxed.pdb
2,4,6nbf_A,1,0,/users/sgmwu14/scratch/openfold_inference_runs5times/epoch_2/your_model_epoch_2/repeat_4/predictions/6nbf_A_model_1_unrelaxed.pdb,/users/sgmwu14/scratch/openfold_inference_runs5times/epoch_2/your_model_epoch_2/repeat_4/predictions/6nbf_A_model_1_relaxed.pdb,True,29.63458158995815,21.49,47.81,478,/users/sgmwu14/scratch/openfold_inference_runs5times/epoch_2/your_model_epoch_2/repeat_4/predictions/6nbf_A_model_1_unrelaxed.pdb
3,5,6nbf_A,1,0,/users/sgmwu14/scratch/openfold_inference_runs5times/epoch_3/your_model_epoch_3/repeat_5/predictions/6nbf_A_model_1_unrelaxed.pdb,/users/sgmwu14/scratch/openfold_inference_runs5times/epoch_3/your_model_epoch_3/repeat_5/predictions/6nbf_A_model_1_relaxed.pdb,True,35.36774058577408,23.67,48.34,478,/users/sgmwu14/scratch/openfold_inference_runs5times/epoch_3/your_model_epoch_3/repeat_5/predictions/6nbf_A_model_1_unrelaxed.pdb
4,4,6nbf_A,1,0,/users/sgmwu14/scratch/openfold_inference_runs5times/epoch_4/your_model_epoch_4/repeat_4/predictions/6nbf_A_model_1_unrelaxed.pdb,/users/sgmwu14/scratch/openfold_inference_runs5times/epoch_4/your_model_epoch_4/repeat_4/predictions/6nbf_A_model_1_relaxed.pdb,True,37.64617154811719,24.64,54.84,478,/users/sgmwu14/scratch/openfold_inference_runs5times/epoch_4/your_model_epoch_4/repeat_4/predictions/6nbf_A_model_1_unrelaxed.pdb
5,4,6nbf_A,1,0,/users/sgmwu14/scratch/openfold_inference_runs5times/epoch_5/your_model_epoch_5/repeat_4/predictions/6nbf_A_model_1_unrelaxed.pdb,/users/sgmwu14/scratch/openfold_inference_runs5times/epoch_5/your_model_epoch_5/repeat_4/predictions/6nbf_A_model_1_relaxed.pdb,True,38.28345188284523,25.37,56.53,478,/users/sgmwu14/scratch/openfold_inference_runs5times/epoch_5/your_model_epoch_5/repeat_4/predictions/6nbf_A_model_1_unrelaxed.pdb
6,2,6nbf_A,1,0,/users/sgmwu14/scratch/openfold_inference_runs5times/epoch_6/your_model_epoch_6/repeat_2/predictions/6nbf_A_model_1_unrelaxed.pdb,/users/sgmwu14/scratch/openfold_inference_runs5times/epoch_6/your_model_epoch_6/repeat_2/predictions/6nbf_A_model_1_relaxed.pdb,True,40.773577405857765,25.08,60.66,478,/users/sgmwu14/scratch/openfold_inference_runs5times/epoch_6/your_model_epoch_6/repeat_2/predictions/6nbf_A_model_1_unrelaxed.pdb
7,4,6nbf_A,1,0,/users/sgmwu14/scratch/openfold_inference_runs5times/epoch_7/your_model_epoch_7/repeat_4/predictions/6nbf_A_model_1_unrelaxed.pdb,/users/sgmwu14/scratch/openfold_inference_runs5times/epoch_7/your_model_epoch_7/repeat_4/predictions/6nbf_A_model_1_relaxed.pdb,True,41.53407949790792,24.23,60.72,478,/users/sgmwu14/scratch/openfold_inference_runs5times/epoch_7/your_model_epoch_7/repeat_4/predictions/6nbf_A_model_1_unrelaxed.pdb
8,2,6nbf_A,1,0,/users/sgmwu14/scratch/openfold_inference_runs5times/epoch_8/your_model_epoch_8/repeat_2/predictions/6nbf_A_model_1_unrelaxed.pdb,/users/sgmwu14/scratch/openfold_inference_runs5times/epoch_8/your_model_epoch_8/repeat_2/predictions/6nbf_A_model_1_relaxed.pdb,True,46.11763598326356,22.61,68.08,478,/users/sgmwu14/scratch/openfold_inference_runs5times/epoch_8/your_model_epoch_8/repeat_2/predictions/6nbf_A_model_1_unrelaxed.pdb
9,5,6nbf_A,1,0,/users/sgmwu14/scratch/openfold_inference_runs5times/epoch_9/your_model_epoch_9/repeat_5/predictions/6nbf_A_model_1_unrelaxed.pdb,/users/sgmwu14/scratch/openfold_inference_runs5times/epoch_9/your_model_epoch_9/repeat_5/predictions/6nbf_A_model_1_relaxed.pdb,True,45.96774058577402,22.72,69.81,478,/users/sgmwu14/scratch/openfold_inference_runs5times/epoch_9/your_model_epoch_9/repeat_5/predictions/6nbf_A_model_1_unrelaxed.pdb
10,1,6nbf_A,1,0,/users/sgmwu14/scratch/openfold_inference_runs5times/epoch_10/your_model_epoch_10/repeat_1/predictions/6nbf_A_model_1_unrelaxed.pdb,/users/sgmwu14/scratch/openfold_inference_runs5times/epoch_10/your_model_epoch_10/repeat_1/predictions/6nbf_A_model_1_relaxed.pdb,True,46.71650627615063,24.54,67.92,478,/users/sgmwu14/scratch/openfold_inference_runs5times/epoch_10/your_model_epoch_10/repeat_1/predictions/6nbf_A_model_1_unrelaxed.pdb
11,5,6nbf_A,1,0,/users/sgmwu14/scratch/openfold_inference_runs5times/epoch_11/your_model_epoch_11/repeat_5/predictions/6nbf_A_model_1_unrelaxed.pdb,/users/sgmwu14/scratch/openfold_inference_runs5times/epoch_11/your_model_epoch_11/repeat_5/predictions/6nbf_A_model_1_relaxed.pdb,True,51.13857740585776,22.56,74.95,478,/users/sgmwu14/scratch/openfold_inference_runs5times/epoch_11/your_model_epoch_11/repeat_5/predictions/6nbf_A_model_1_unrelaxed.pdb
12,4,6nbf_A,1,0,/users/sgmwu14/scratch/openfold_inference_runs5times/epoch_12/your_model_epoch_12/repeat_4/predictions/6nbf_A_model_1_unrelaxed.pdb,/users/sgmwu14/scratch/openfold_inference_runs5times/epoch_12/your_model_epoch_12/repeat_4/predictions/6nbf_A_model_1_relaxed.pdb,True,53.839895397489535,21.52,77.88,478,/users/sgmwu14/scratch/openfold_inference_runs5times/epoch_12/your_model_epoch_12/repeat_4/predictions/6nbf_A_model_1_unrelaxed.pdb
13,5,6nbf_A,1,0,/users/sgmwu14/scratch/openfold_inference_runs5times/epoch_13/your_model_epoch_13/repeat_5/predictions/6nbf_A_model_1_unrelaxed.pdb,/users/sgmwu14/scratch/openfold_inference_runs5times/epoch_13/your_model_epoch_13/repeat_5/predictions/6nbf_A_model_1_relaxed.pdb,True,50.429769874477024,22.08,75.46,478,/users/sgmwu14/scratch/openfold_inference_runs5times/epoch_13/your_model_epoch_13/repeat_5/predictions/6nbf_A_model_1_unrelaxed.pdb
14,5,6nbf_A,1,0,/users/sgmwu14/scratch/openfold_inference_runs5times/epoch_14/your_model_epoch_14/repeat_5/predictions/6nbf_A_model_1_unrelaxed.pdb,/users/sgmwu14/scratch/openfold_inference_runs5times/epoch_14/your_model_epoch_14/repeat_5/predictions/6nbf_A_model_1_relaxed.pdb,True,55.07156903765688,21.43,77.73,478,/users/sgmwu14/scratch/openfold_inference_runs5times/epoch_14/your_model_epoch_14/repeat_5/predictions/6nbf_A_model_1_unrelaxed.pdb
15,5,6nbf_A,1,0,/users/sgmwu14/scratch/openfold_inference_runs5times/epoch_15/your_model_epoch_15/repeat_5/predictions/6nbf_A_model_1_unrelaxed.pdb,/users/sgmwu14/scratch/openfold_inference_runs5times/epoch_15/your_model_epoch_15/repeat_5/predictions/6nbf_A_model_1_relaxed.pdb,True,55.83320083682009,23.74,80.56,478,/users/sgmwu14/scratch/openfold_inference_runs5times/epoch_15/your_model_epoch_15/repeat_5/predictions/6nbf_A_model_1_unrelaxed.pdb
16,3,6nbf_A,1,0,/users/sgmwu14/scratch/openfold_inference_runs5times/epoch_16/your_model_epoch_16/repeat_3/predictions/6nbf_A_model_1_unrelaxed.pdb,/users/sgmwu14/scratch/openfold_inference_runs5times/epoch_16/your_model_epoch_16/repeat_3/predictions/6nbf_A_model_1_relaxed.pdb,True,53.70058577405857,22.26,77.09,478,/users/sgmwu14/scratch/openfold_inference_runs5times/epoch_16/your_model_epoch_16/repeat_3/predictions/6nbf_A_model_1_unrelaxed.pdb
17,3,6nbf_A,1,0,/users/sgmwu14/scratch/openfold_inference_runs5times/epoch_17/your_model_epoch_17/repeat_3/predictions/6nbf_A_model_1_unrelaxed.pdb,/users/sgmwu14/scratch/openfold_inference_runs5times/epoch_17/your_model_epoch_17/repeat_3/predictions/6nbf_A_model_1_relaxed.pdb,True,55.14071129707117,21.35,80.9,478,/users/sgmwu14/scratch/openfold_inference_runs5times/epoch_17/your_model_epoch_17/repeat_3/predictions/6nbf_A_model_1_unrelaxed.pdb
18,4,6nbf_A,1,0,/users/sgmwu14/scratch/openfold_inference_runs5times/epoch_18/your_model_epoch_18/repeat_4/predictions/6nbf_A_model_1_unrelaxed.pdb,/users/sgmwu14/scratch/openfold_inference_runs5times/epoch_18/your_model_epoch_18/repeat_4/predictions/6nbf_A_model_1_relaxed.pdb,True,57.47414225941424,21.97,81.01,478,/users/sgmwu14/scratch/openfold_inference_runs5times/epoch_18/your_model_epoch_18/repeat_4/predictions/6nbf_A_model_1_unrelaxed.pdb
19,2,6nbf_A,1,0,/users/sgmwu14/scratch/openfold_inference_runs5times/epoch_19/your_model_epoch_19/repeat_2/predictions/6nbf_A_model_1_unrelaxed.pdb,/users/sgmwu14/scratch/openfold_inference_runs5times/epoch_19/your_model_epoch_19/repeat_2/predictions/6nbf_A_model_1_relaxed.pdb,True,57.24257322175734,22.12,81.33,478,/users/sgmwu14/scratch/openfold_inference_runs5times/epoch_19/your_model_epoch_19/repeat_2/predictions/6nbf_A_model_1_unrelaxed.pdb
20,4,6nbf_A,1,0,/users/sgmwu14/scratch/openfold_inference_runs5times/epoch_20/your_model_epoch_20/repeat_4/predictions/6nbf_A_model_1_unrelaxed.pdb,/users/sgmwu14/scratch/openfold_inference_runs5times/epoch_20/your_model_epoch_20/repeat_4/predictions/6nbf_A_model_1_relaxed.pdb,True,56.87707112970707,22.38,81.89,478,/users/sgmwu14/scratch/openfold_inference_runs5times/epoch_20/your_model_epoch_20/repeat_4/predictions/6nbf_A_model_1_unrelaxed.pdb
21,5,6nbf_A,1,0,/users/sgmwu14/scratch/openfold_inference_runs5times/epoch_21/your_model_epoch_21/repeat_5/predictions/6nbf_A_model_1_unrelaxed.pdb,/users/sgmwu14/scratch/openfold_inference_runs5times/epoch_21/your_model_epoch_21/repeat_5/predictions/6nbf_A_model_1_relaxed.pdb,True,50.78437238493718,23.63,73.78,478,/users/sgmwu14/scratch/openfold_inference_runs5times/epoch_21/your_model_epoch_21/repeat_5/predictions/6nbf_A_model_1_unrelaxed.pdb
22,2,6nbf_A,1,0,/users/sgmwu14/scratch/openfold_inference_runs5times/epoch_22/your_model_epoch_22/repeat_2/predictions/6nbf_A_model_1_unrelaxed.pdb,/users/sgmwu14/scratch/openfold_inference_runs5times/epoch_22/your_model_epoch_22/repeat_2/predictions/6nbf_A_model_1_relaxed.pdb,True,55.98976987447705,21.98,79.56,478,/users/sgmwu14/scratch/openfold_inference_runs5times/epoch_22/your_model_epoch_22/repeat_2/predictions/6nbf_A_model_1_unrelaxed.pdb
23,4,6nbf_A,1,0,/users/sgmwu14/scratch/openfold_inference_runs5times/epoch_23/your_model_epoch_23/repeat_4/predictions/6nbf_A_model_1_unrelaxed.pdb,/users/sgmwu14/scratch/openfold_inference_runs5times/epoch_23/your_model_epoch_23/repeat_4/predictions/6nbf_A_model_1_relaxed.pdb,True,55.99443514644352,23.57,76.88,478,/users/sgmwu14/scratch/openfold_inference_runs5times/epoch_23/your_model_epoch_23/repeat_4/predictions/6nbf_A_model_1_unrelaxed.pdb
24,5,6nbf_A,1,0,/users/sgmwu14/scratch/openfold_inference_runs5times/epoch_24/your_model_epoch_24/repeat_5/predictions/6nbf_A_model_1_unrelaxed.pdb,/users/sgmwu14/scratch/openfold_inference_runs5times/epoch_24/your_model_epoch_24/repeat_5/predictions/6nbf_A_model_1_relaxed.pdb,True,56.39700836820083,21.11,79.68,478,/users/sgmwu14/scratch/openfold_inference_runs5times/epoch_24/your_model_epoch_24/repeat_5/predictions/6nbf_A_model_1_unrelaxed.pdb
25,5,6nbf_A,1,0,/users/sgmwu14/scratch/openfold_inference_runs5times/epoch_25/your_model_epoch_25/repeat_5/predictions/6nbf_A_model_1_unrelaxed.pdb,/users/sgmwu14/scratch/openfold_inference_runs5times/epoch_25/your_model_epoch_25/repeat_5/predictions/6nbf_A_model_1_relaxed.pdb,True,56.62510460251044,22.08,82.12,478,/users/sgmwu14/scratch/openfold_inference_runs5times/epoch_25/your_model_epoch_25/repeat_5/predictions/6nbf_A_model_1_unrelaxed.pdb
26,2,6nbf_A,1,0,/users/sgmwu14/scratch/openfold_inference_runs5times/epoch_26/your_model_epoch_26/repeat_2/predictions/6nbf_A_model_1_unrelaxed.pdb,/users/sgmwu14/scratch/openfold_inference_runs5times/epoch_26/your_model_epoch_26/repeat_2/predictions/6nbf_A_model_1_relaxed.pdb,True,47.275000000000006,22.08,80.2,478,/users/sgmwu14/scratch/openfold_inference_runs5times/epoch_26/your_model_epoch_26/repeat_2/predictions/6nbf_A_model_1_unrelaxed.pdb
27,4,6nbf_A,1,0,/users/sgmwu14/scratch/openfold_inference_runs5times/epoch_27/your_model_epoch_27/repeat_4/predictions/6nbf_A_model_1_unrelaxed.pdb,/users/sgmwu14/scratch/openfold_inference_runs5times/epoch_27/your_model_epoch_27/repeat_4/predictions/6nbf_A_model_1_relaxed.pdb,True,59.17179916317993,21.09,83.82,478,/users/sgmwu14/scratch/openfold_inference_runs5times/epoch_27/your_model_epoch_27/repeat_4/predictions/6nbf_A_model_1_unrelaxed.pdb
28,5,6nbf_A,1,0,/users/sgmwu14/scratch/openfold_inference_runs5times/epoch_28/your_model_epoch_28/repeat_5/predictions/6nbf_A_model_1_unrelaxed.pdb,/users/sgmwu14/scratch/openfold_inference_runs5times/epoch_28/your_model_epoch_28/repeat_5/predictions/6nbf_A_model_1_relaxed.pdb,True,58.14686192468617,20.67,83.76,478,/users/sgmwu14/scratch/openfold_inference_runs5times/epoch_28/your_model_epoch_28/repeat_5/predictions/6nbf_A_model_1_unrelaxed.pdb
29,4,6nbf_A,1,0,/users/sgmwu14/scratch/openfold_inference_runs5times/epoch_29/your_model_epoch_29/repeat_4/predictions/6nbf_A_model_1_unrelaxed.pdb,/users/sgmwu14/scratch/openfold_inference_runs5times/epoch_29/your_model_epoch_29/repeat_4/predictions/6nbf_A_model_1_relaxed.pdb,True,57.39211297071127,22.07,82.2,478,/users/sgmwu14/scratch/openfold_inference_runs5times/epoch_29/your_model_epoch_29/repeat_4/predictions/6nbf_A_model_1_unrelaxed.pdb
30,5,6nbf_A,1,0,/users/sgmwu14/scratch/openfold_inference_runs5times/epoch_30/your_model_epoch_30/repeat_5/predictions/6nbf_A_model_1_unrelaxed.pdb,/users/sgmwu14/scratch/openfold_inference_runs5times/epoch_30/your_model_epoch_30/repeat_5/predictions/6nbf_A_model_1_relaxed.pdb,True,62.17566945606697,21.71,85.11,478,/users/sgmwu14/scratch/openfold_inference_runs5times/epoch_30/your_model_epoch_30/repeat_5/predictions/6nbf_A_model_1_unrelaxed.pdb
31,5,6nbf_A,1,0,/users/sgmwu14/scratch/openfold_inference_runs5times/epoch_31/your_model_epoch_31/repeat_5/predictions/6nbf_A_model_1_unrelaxed.pdb,/users/sgmwu14/scratch/openfold_inference_runs5times/epoch_31/your_model_epoch_31/repeat_5/predictions/6nbf_A_model_1_relaxed.pdb,True,58.03085774058579,22.03,84.8,478,/users/sgmwu14/scratch/openfold_inference_runs5times/epoch_31/your_model_epoch_31/repeat_5/predictions/6nbf_A_model_1_unrelaxed.pdb
32,4,6nbf_A,1,0,/users/sgmwu14/scratch/openfold_inference_runs5times/epoch_32/your_model_epoch_32/repeat_4/predictions/6nbf_A_model_1_unrelaxed.pdb,/users/sgmwu14/scratch/openfold_inference_runs5times/epoch_32/your_model_epoch_32/repeat_4/predictions/6nbf_A_model_1_relaxed.pdb,True,58.72320083682008,18.89,84.43,478,/users/sgmwu14/scratch/openfold_inference_runs5times/epoch_32/your_model_epoch_32/repeat_4/predictions/6nbf_A_model_1_unrelaxed.pdb
1,4,6xpf_A,1,0,/users/sgmwu14/scratch/openfold_inference_runs5times/epoch_1/your_model_epoch_1/repeat_4/predictions/6xpf_A_model_1_unrelaxed.pdb,/users/sgmwu14/scratch/openfold_inference_runs5times/epoch_1/your_model_epoch_1/repeat_4/predictions/6xpf_A_model_1_relaxed.pdb,True,19.94465625000002,9.6,35.64,320,/users/sgmwu14/scratch/openfold_inference_runs5times/epoch_1/your_model_epoch_1/repeat_4/predictions/6xpf_A_model_1_unrelaxed.pdb
2,3,6xpf_A,1,0,/users/sgmwu14/scratch/openfold_inference_runs5times/epoch_2/your_model_epoch_2/repeat_3/predictions/6xpf_A_model_1_unrelaxed.pdb,/users/sgmwu14/scratch/openfold_inference_runs5times/epoch_2/your_model_epoch_2/repeat_3/predictions/6xpf_A_model_1_relaxed.pdb,True,32.53821875000003,23.32,50.35,320,/users/sgmwu14/scratch/openfold_inference_runs5times/epoch_2/your_model_epoch_2/repeat_3/predictions/6xpf_A_model_1_unrelaxed.pdb
3,2,6xpf_A,1,0,/users/sgmwu14/scratch/openfold_inference_runs5times/epoch_3/your_model_epoch_3/repeat_2/predictions/6xpf_A_model_1_unrelaxed.pdb,/users/sgmwu14/scratch/openfold_inference_runs5times/epoch_3/your_model_epoch_3/repeat_2/predictions/6xpf_A_model_1_relaxed.pdb,True,37.47296874999999,23.46,50.83,320,/users/sgmwu14/scratch/openfold_inference_runs5times/epoch_3/your_model_epoch_3/repeat_2/predictions/6xpf_A_model_1_unrelaxed.pdb
4,2,6xpf_A,1,0,/users/sgmwu14/scratch/openfold_inference_runs5times/epoch_4/your_model_epoch_4/repeat_2/predictions/6xpf_A_model_1_unrelaxed.pdb,/users/sgmwu14/scratch/openfold_inference_runs5times/epoch_4/your_model_epoch_4/repeat_2/predictions/6xpf_A_model_1_relaxed.pdb,True,40.76415624999997,23.12,56.97,320,/users/sgmwu14/scratch/openfold_inference_runs5times/epoch_4/your_model_epoch_4/repeat_2/predictions/6xpf_A_model_1_unrelaxed.pdb
5,2,6xpf_A,1,0,/users/sgmwu14/scratch/openfold_inference_runs5times/epoch_5/your_model_epoch_5/repeat_2/predictions/6xpf_A_model_1_unrelaxed.pdb,/users/sgmwu14/scratch/openfold_inference_runs5times/epoch_5/your_model_epoch_5/repeat_2/predictions/6xpf_A_model_1_relaxed.pdb,True,46.28074999999998,25.45,62.5,320,/users/sgmwu14/scratch/openfold_inference_runs5times/epoch_5/your_model_epoch_5/repeat_2/predictions/6xpf_A_model_1_unrelaxed.pdb
6,5,6xpf_A,1,0,/users/sgmwu14/scratch/openfold_inference_runs5times/epoch_6/your_model_epoch_6/repeat_5/predictions/6xpf_A_model_1_unrelaxed.pdb,/users/sgmwu14/scratch/openfold_inference_runs5times/epoch_6/your_model_epoch_6/repeat_5/predictions/6xpf_A_model_1_relaxed.pdb,True,51.73506249999996,26.43,69.75,320,/users/sgmwu14/scratch/openfold_inference_runs5times/epoch_6/your_model_epoch_6/repeat_5/predictions/6xpf_A_model_1_unrelaxed.pdb
7,4,6xpf_A,1,0,/users/sgmwu14/scratch/openfold_inference_runs5times/epoch_7/your_model_epoch_7/repeat_4/predictions/6xpf_A_model_1_unrelaxed.pdb,/users/sgmwu14/scratch/openfold_inference_runs5times/epoch_7/your_model_epoch_7/repeat_4/predictions/6xpf_A_model_1_relaxed.pdb,True,52.78418749999996,25.85,72.73,320,/users/sgmwu14/scratch/openfold_inference_runs5times/epoch_7/your_model_epoch_7/repeat_4/predictions/6xpf_A_model_1_unrelaxed.pdb
8,4,6xpf_A,1,0,/users/sgmwu14/scratch/openfold_inference_runs5times/epoch_8/your_model_epoch_8/repeat_4/predictions/6xpf_A_model_1_unrelaxed.pdb,/users/sgmwu14/scratch/openfold_inference_runs5times/epoch_8/your_model_epoch_8/repeat_4/predictions/6xpf_A_model_1_relaxed.pdb,True,57.76856250000003,25.18,74.84,320,/users/sgmwu14/scratch/openfold_inference_runs5times/epoch_8/your_model_epoch_8/repeat_4/predictions/6xpf_A_model_1_unrelaxed.pdb
9,3,6xpf_A,1,0,/users/sgmwu14/scratch/openfold_inference_runs5times/epoch_9/your_model_epoch_9/repeat_3/predictions/6xpf_A_model_1_unrelaxed.pdb,/users/sgmwu14/scratch/openfold_inference_runs5times/epoch_9/your_model_epoch_9/repeat_3/predictions/6xpf_A_model_1_relaxed.pdb,True,57.86568749999998,23.45,75.04,320,/users/sgmwu14/scratch/openfold_inference_runs5times/epoch_9/your_model_epoch_9/repeat_3/predictions/6xpf_A_model_1_unrelaxed.pdb
10,5,6xpf_A,1,0,/users/sgmwu14/scratch/openfold_inference_runs5times/epoch_10/your_model_epoch_10/repeat_5/predictions/6xpf_A_model_1_unrelaxed.pdb,/users/sgmwu14/scratch/openfold_inference_runs5times/epoch_10/your_model_epoch_10/repeat_5/predictions/6xpf_A_model_1_relaxed.pdb,True,60.31728125000002,23.43,75.75,320,/users/sgmwu14/scratch/openfold_inference_runs5times/epoch_10/your_model_epoch_10/repeat_5/predictions/6xpf_A_model_1_unrelaxed.pdb
11,5,6xpf_A,1,0,/users/sgmwu14/scratch/openfold_inference_runs5times/epoch_11/your_model_epoch_11/repeat_5/predictions/6xpf_A_model_1_unrelaxed.pdb,/users/sgmwu14/scratch/openfold_inference_runs5times/epoch_11/your_model_epoch_11/repeat_5/predictions/6xpf_A_model_1_relaxed.pdb,True,67.37224999999992,24.15,79.63,320,/users/sgmwu14/scratch/openfold_inference_runs5times/epoch_11/your_model_epoch_11/repeat_5/predictions/6xpf_A_model_1_unrelaxed.pdb
12,5,6xpf_A,1,0,/users/sgmwu14/scratch/openfold_inference_runs5times/epoch_12/your_model_epoch_12/repeat_5/predictions/6xpf_A_model_1_unrelaxed.pdb,/users/sgmwu14/scratch/openfold_inference_runs5times/epoch_12/your_model_epoch_12/repeat_5/predictions/6xpf_A_model_1_relaxed.pdb,True,68.26859374999995,26.8,79.82,320,/users/sgmwu14/scratch/openfold_inference_runs5times/epoch_12/your_model_epoch_12/repeat_5/predictions/6xpf_A_model_1_unrelaxed.pdb
13,2,6xpf_A,1,0,/users/sgmwu14/scratch/openfold_inference_runs5times/epoch_13/your_model_epoch_13/repeat_2/predictions/6xpf_A_model_1_unrelaxed.pdb,/users/sgmwu14/scratch/openfold_inference_runs5times/epoch_13/your_model_epoch_13/repeat_2/predictions/6xpf_A_model_1_relaxed.pdb,True,67.52137499999999,31.58,80.02,320,/users/sgmwu14/scratch/openfold_inference_runs5times/epoch_13/your_model_epoch_13/repeat_2/predictions/6xpf_A_model_1_unrelaxed.pdb
14,1,6xpf_A,1,0,/users/sgmwu14/scratch/openfold_inference_runs5times/epoch_14/your_model_epoch_14/repeat_1/predictions/6xpf_A_model_1_unrelaxed.pdb,/users/sgmwu14/scratch/openfold_inference_runs5times/epoch_14/your_model_epoch_14/repeat_1/predictions/6xpf_A_model_1_relaxed.pdb,True,69.11765624999997,26.04,80.54,320,/users/sgmwu14/scratch/openfold_inference_runs5times/epoch_14/your_model_epoch_14/repeat_1/predictions/6xpf_A_model_1_unrelaxed.pdb
15,4,6xpf_A,1,0,/users/sgmwu14/scratch/openfold_inference_runs5times/epoch_15/your_model_epoch_15/repeat_4/predictions/6xpf_A_model_1_unrelaxed.pdb,/users/sgmwu14/scratch/openfold_inference_runs5times/epoch_15/your_model_epoch_15/repeat_4/predictions/6xpf_A_model_1_relaxed.pdb,True,71.17556250000007,27.55,83.14,320,/users/sgmwu14/scratch/openfold_inference_runs5times/epoch_15/your_model_epoch_15/repeat_4/predictions/6xpf_A_model_1_unrelaxed.pdb
16,2,6xpf_A,1,0,/users/sgmwu14/scratch/openfold_inference_runs5times/epoch_16/your_model_epoch_16/repeat_2/predictions/6xpf_A_model_1_unrelaxed.pdb,/users/sgmwu14/scratch/openfold_inference_runs5times/epoch_16/your_model_epoch_16/repeat_2/predictions/6xpf_A_model_1_relaxed.pdb,True,68.37006250000002,22.94,81.52,320,/users/sgmwu14/scratch/openfold_inference_runs5times/epoch_16/your_model_epoch_16/repeat_2/predictions/6xpf_A_model_1_unrelaxed.pdb
17,5,6xpf_A,1,0,/users/sgmwu14/scratch/openfold_inference_runs5times/epoch_17/your_model_epoch_17/repeat_5/predictions/6xpf_A_model_1_unrelaxed.pdb,/users/sgmwu14/scratch/openfold_inference_runs5times/epoch_17/your_model_epoch_17/repeat_5/predictions/6xpf_A_model_1_relaxed.pdb,True,69.06059375000002,23.82,82.48,320,/users/sgmwu14/scratch/openfold_inference_runs5times/epoch_17/your_model_epoch_17/repeat_5/predictions/6xpf_A_model_1_unrelaxed.pdb
18,2,6xpf_A,1,0,/users/sgmwu14/scratch/openfold_inference_runs5times/epoch_18/your_model_epoch_18/repeat_2/predictions/6xpf_A_model_1_unrelaxed.pdb,/users/sgmwu14/scratch/openfold_inference_runs5times/epoch_18/your_model_epoch_18/repeat_2/predictions/6xpf_A_model_1_relaxed.pdb,True,70.16575000000009,24.49,81.89,320,/users/sgmwu14/scratch/openfold_inference_runs5times/epoch_18/your_model_epoch_18/repeat_2/predictions/6xpf_A_model_1_unrelaxed.pdb
19,2,6xpf_A,1,0,/users/sgmwu14/scratch/openfold_inference_runs5times/epoch_19/your_model_epoch_19/repeat_2/predictions/6xpf_A_model_1_unrelaxed.pdb,/users/sgmwu14/scratch/openfold_inference_runs5times/epoch_19/your_model_epoch_19/repeat_2/predictions/6xpf_A_model_1_relaxed.pdb,True,71.33940625000002,22.65,82.53,320,/users/sgmwu14/scratch/openfold_inference_runs5times/epoch_19/your_model_epoch_19/repeat_2/predictions/6xpf_A_model_1_unrelaxed.pdb
20,2,6xpf_A,1,0,/users/sgmwu14/scratch/openfold_inference_runs5times/epoch_20/your_model_epoch_20/repeat_2/predictions/6xpf_A_model_1_unrelaxed.pdb,/users/sgmwu14/scratch/openfold_inference_runs5times/epoch_20/your_model_epoch_20/repeat_2/predictions/6xpf_A_model_1_relaxed.pdb,True,71.44584374999997,24.93,83.47,320,/users/sgmwu14/scratch/openfold_inference_runs5times/epoch_20/your_model_epoch_20/repeat_2/predictions/6xpf_A_model_1_unrelaxed.pdb
21,1,6xpf_A,1,0,/users/sgmwu14/scratch/openfold_inference_runs5times/epoch_21/your_model_epoch_21/repeat_1/predictions/6xpf_A_model_1_unrelaxed.pdb,/users/sgmwu14/scratch/openfold_inference_runs5times/epoch_21/your_model_epoch_21/repeat_1/predictions/6xpf_A_model_1_relaxed.pdb,True,68.84784375000005,24.28,81.27,320,/users/sgmwu14/scratch/openfold_inference_runs5times/epoch_21/your_model_epoch_21/repeat_1/predictions/6xpf_A_model_1_unrelaxed.pdb
22,5,6xpf_A,1,0,/users/sgmwu14/scratch/openfold_inference_runs5times/epoch_22/your_model_epoch_22/repeat_5/predictions/6xpf_A_model_1_unrelaxed.pdb,/users/sgmwu14/scratch/openfold_inference_runs5times/epoch_22/your_model_epoch_22/repeat_5/predictions/6xpf_A_model_1_relaxed.pdb,True,70.97521875000005,24.74,82.44,320,/users/sgmwu14/scratch/openfold_inference_runs5times/epoch_22/your_model_epoch_22/repeat_5/predictions/6xpf_A_model_1_unrelaxed.pdb
23,4,6xpf_A,1,0,/users/sgmwu14/scratch/openfold_inference_runs5times/epoch_23/your_model_epoch_23/repeat_4/predictions/6xpf_A_model_1_unrelaxed.pdb,/users/sgmwu14/scratch/openfold_inference_runs5times/epoch_23/your_model_epoch_23/repeat_4/predictions/6xpf_A_model_1_relaxed.pdb,True,68.84406249999999,23.79,81.73,320,/users/sgmwu14/scratch/openfold_inference_runs5times/epoch_23/your_model_epoch_23/repeat_4/predictions/6xpf_A_model_1_unrelaxed.pdb
24,2,6xpf_A,1,0,/users/sgmwu14/scratch/openfold_inference_runs5times/epoch_24/your_model_epoch_24/repeat_2/predictions/6xpf_A_model_1_unrelaxed.pdb,/users/sgmwu14/scratch/openfold_inference_runs5times/epoch_24/your_model_epoch_24/repeat_2/predictions/6xpf_A_model_1_relaxed.pdb,True,70.11693749999995,26.41,80.72,320,/users/sgmwu14/scratch/openfold_inference_runs5times/epoch_24/your_model_epoch_24/repeat_2/predictions/6xpf_A_model_1_unrelaxed.pdb
25,5,6xpf_A,1,0,/users/sgmwu14/scratch/openfold_inference_runs5times/epoch_25/your_model_epoch_25/repeat_5/predictions/6xpf_A_model_1_unrelaxed.pdb,/users/sgmwu14/scratch/openfold_inference_runs5times/epoch_25/your_model_epoch_25/repeat_5/predictions/6xpf_A_model_1_relaxed.pdb,True,71.91021874999998,25.47,83.87,320,/users/sgmwu14/scratch/openfold_inference_runs5times/epoch_25/your_model_epoch_25/repeat_5/predictions/6xpf_A_model_1_unrelaxed.pdb
26,1,6xpf_A,1,0,/users/sgmwu14/scratch/openfold_inference_runs5times/epoch_26/your_model_epoch_26/repeat_1/predictions/6xpf_A_model_1_unrelaxed.pdb,/users/sgmwu14/scratch/openfold_inference_runs5times/epoch_26/your_model_epoch_26/repeat_1/predictions/6xpf_A_model_1_relaxed.pdb,True,67.53768750000006,24.57,82.05,320,/users/sgmwu14/scratch/openfold_inference_runs5times/epoch_26/your_model_epoch_26/repeat_1/predictions/6xpf_A_model_1_unrelaxed.pdb
27,2,6xpf_A,1,0,/users/sgmwu14/scratch/openfold_inference_runs5times/epoch_27/your_model_epoch_27/repeat_2/predictions/6xpf_A_model_1_unrelaxed.pdb,/users/sgmwu14/scratch/openfold_inference_runs5times/epoch_27/your_model_epoch_27/repeat_2/predictions/6xpf_A_model_1_relaxed.pdb,True,73.69259375000001,26.35,85.12,320,/users/sgmwu14/scratch/openfold_inference_runs5times/epoch_27/your_model_epoch_27/repeat_2/predictions/6xpf_A_model_1_unrelaxed.pdb
28,2,6xpf_A,1,0,/users/sgmwu14/scratch/openfold_inference_runs5times/epoch_28/your_model_epoch_28/repeat_2/predictions/6xpf_A_model_1_unrelaxed.pdb,/users/sgmwu14/scratch/openfold_inference_runs5times/epoch_28/your_model_epoch_28/repeat_2/predictions/6xpf_A_model_1_relaxed.pdb,True,72.41434375000006,23.35,85.58,320,/users/sgmwu14/scratch/openfold_inference_runs5times/epoch_28/your_model_epoch_28/repeat_2/predictions/6xpf_A_model_1_unrelaxed.pdb
29,2,6xpf_A,1,0,/users/sgmwu14/scratch/openfold_inference_runs5times/epoch_29/your_model_epoch_29/repeat_2/predictions/6xpf_A_model_1_unrelaxed.pdb,/users/sgmwu14/scratch/openfold_inference_runs5times/epoch_29/your_model_epoch_29/repeat_2/predictions/6xpf_A_model_1_relaxed.pdb,True,71.80803125000001,23.48,84.27,320,/users/sgmwu14/scratch/openfold_inference_runs5times/epoch_29/your_model_epoch_29/repeat_2/predictions/6xpf_A_model_1_unrelaxed.pdb
30,5,6xpf_A,1,0,/users/sgmwu14/scratch/openfold_inference_runs5times/epoch_30/your_model_epoch_30/repeat_5/predictions/6xpf_A_model_1_unrelaxed.pdb,/users/sgmwu14/scratch/openfold_inference_runs5times/epoch_30/your_model_epoch_30/repeat_5/predictions/6xpf_A_model_1_relaxed.pdb,True,73.02171874999996,25.98,85.23,320,/users/sgmwu14/scratch/openfold_inference_runs5times/epoch_30/your_model_epoch_30/repeat_5/predictions/6xpf_A_model_1_unrelaxed.pdb
31,1,6xpf_A,1,0,/users/sgmwu14/scratch/openfold_inference_runs5times/epoch_31/your_model_epoch_31/repeat_1/predictions/6xpf_A_model_1_unrelaxed.pdb,/users/sgmwu14/scratch/openfold_inference_runs5times/epoch_31/your_model_epoch_31/repeat_1/predictions/6xpf_A_model_1_relaxed.pdb,True,73.12646875,25.64,87.18,320,/users/sgmwu14/scratch/openfold_inference_runs5times/epoch_31/your_model_epoch_31/repeat_1/predictions/6xpf_A_model_1_unrelaxed.pdb
32,5,6xpf_A,1,0,/users/sgmwu14/scratch/openfold_inference_runs5times/epoch_32/your_model_epoch_32/repeat_5/predictions/6xpf_A_model_1_unrelaxed.pdb,/users/sgmwu14/scratch/openfold_inference_runs5times/epoch_32/your_model_epoch_32/repeat_5/predictions/6xpf_A_model_1_relaxed.pdb,True,73.86674999999998,24.84,87.12,320,/users/sgmwu14/scratch/openfold_inference_runs5times/epoch_32/your_model_epoch_32/repeat_5/predictions/6xpf_A_model_1_unrelaxed.pdb
2,1,7dsq_A,1,0,/users/sgmwu14/scratch/openfold_inference_runs5times/epoch_2/your_model_epoch_2/repeat_1/predictions/7dsq_A_model_1_unrelaxed.pdb,/users/sgmwu14/scratch/openfold_inference_runs5times/epoch_2/your_model_epoch_2/repeat_1/predictions/7dsq_A_model_1_relaxed.pdb,True,30.74575431034484,22.17,46.54,464,/users/sgmwu14/scratch/openfold_inference_runs5times/epoch_2/your_model_epoch_2/repeat_1/predictions/7dsq_A_model_1_unrelaxed.pdb
3,2,7dsq_A,1,0,/users/sgmwu14/scratch/openfold_inference_runs5times/epoch_3/your_model_epoch_3/repeat_2/predictions/7dsq_A_model_1_unrelaxed.pdb,/users/sgmwu14/scratch/openfold_inference_runs5times/epoch_3/your_model_epoch_3/repeat_2/predictions/7dsq_A_model_1_relaxed.pdb,True,35.663340517241394,24.9,52.36,464,/users/sgmwu14/scratch/openfold_inference_runs5times/epoch_3/your_model_epoch_3/repeat_2/predictions/7dsq_A_model_1_unrelaxed.pdb
4,1,7dsq_A,1,0,/users/sgmwu14/scratch/openfold_inference_runs5times/epoch_4/your_model_epoch_4/repeat_1/predictions/7dsq_A_model_1_unrelaxed.pdb,/users/sgmwu14/scratch/openfold_inference_runs5times/epoch_4/your_model_epoch_4/repeat_1/predictions/7dsq_A_model_1_relaxed.pdb,True,38.414956896551686,24.88,50.96,464,/users/sgmwu14/scratch/openfold_inference_runs5times/epoch_4/your_model_epoch_4/repeat_1/predictions/7dsq_A_model_1_unrelaxed.pdb
5,2,7dsq_A,1,0,/users/sgmwu14/scratch/openfold_inference_runs5times/epoch_5/your_model_epoch_5/repeat_2/predictions/7dsq_A_model_1_unrelaxed.pdb,/users/sgmwu14/scratch/openfold_inference_runs5times/epoch_5/your_model_epoch_5/repeat_2/predictions/7dsq_A_model_1_relaxed.pdb,True,41.13017241379311,24.13,57.27,464,/users/sgmwu14/scratch/openfold_inference_runs5times/epoch_5/your_model_epoch_5/repeat_2/predictions/7dsq_A_model_1_unrelaxed.pdb
6,1,7dsq_A,1,0,/users/sgmwu14/scratch/openfold_inference_runs5times/epoch_6/your_model_epoch_6/repeat_1/predictions/7dsq_A_model_1_unrelaxed.pdb,/users/sgmwu14/scratch/openfold_inference_runs5times/epoch_6/your_model_epoch_6/repeat_1/predictions/7dsq_A_model_1_relaxed.pdb,True,53.22579741379314,28.12,69.78,464,/users/sgmwu14/scratch/openfold_inference_runs5times/epoch_6/your_model_epoch_6/repeat_1/predictions/7dsq_A_model_1_unrelaxed.pdb
7,3,7dsq_A,1,0,/users/sgmwu14/scratch/openfold_inference_runs5times/epoch_7/your_model_epoch_7/repeat_3/predictions/7dsq_A_model_1_unrelaxed.pdb,/users/sgmwu14/scratch/openfold_inference_runs5times/epoch_7/your_model_epoch_7/repeat_3/predictions/7dsq_A_model_1_relaxed.pdb,True,53.33174568965524,24.16,69.13,464,/users/sgmwu14/scratch/openfold_inference_runs5times/epoch_7/your_model_epoch_7/repeat_3/predictions/7dsq_A_model_1_unrelaxed.pdb
8,3,7dsq_A,1,0,/users/sgmwu14/scratch/openfold_inference_runs5times/epoch_8/your_model_epoch_8/repeat_3/predictions/7dsq_A_model_1_unrelaxed.pdb,/users/sgmwu14/scratch/openfold_inference_runs5times/epoch_8/your_model_epoch_8/repeat_3/predictions/7dsq_A_model_1_relaxed.pdb,True,60.30803879310346,28.41,74.07,464,/users/sgmwu14/scratch/openfold_inference_runs5times/epoch_8/your_model_epoch_8/repeat_3/predictions/7dsq_A_model_1_unrelaxed.pdb
9,3,7dsq_A,1,0,/users/sgmwu14/scratch/openfold_inference_runs5times/epoch_9/your_model_epoch_9/repeat_3/predictions/7dsq_A_model_1_unrelaxed.pdb,/users/sgmwu14/scratch/openfold_inference_runs5times/epoch_9/your_model_epoch_9/repeat_3/predictions/7dsq_A_model_1_relaxed.pdb,True,60.14594827586212,26.74,70.66,464,/users/sgmwu14/scratch/openfold_inference_runs5times/epoch_9/your_model_epoch_9/repeat_3/predictions/7dsq_A_model_1_unrelaxed.pdb
10,5,7dsq_A,1,0,/users/sgmwu14/scratch/openfold_inference_runs5times/epoch_10/your_model_epoch_10/repeat_5/predictions/7dsq_A_model_1_unrelaxed.pdb,/users/sgmwu14/scratch/openfold_inference_runs5times/epoch_10/your_model_epoch_10/repeat_5/predictions/7dsq_A_model_1_relaxed.pdb,True,61.13881465517237,28.01,72.05,464,/users/sgmwu14/scratch/openfold_inference_runs5times/epoch_10/your_model_epoch_10/repeat_5/predictions/7dsq_A_model_1_unrelaxed.pdb
11,5,7dsq_A,1,0,/users/sgmwu14/scratch/openfold_inference_runs5times/epoch_11/your_model_epoch_11/repeat_5/predictions/7dsq_A_model_1_unrelaxed.pdb,/users/sgmwu14/scratch/openfold_inference_runs5times/epoch_11/your_model_epoch_11/repeat_5/predictions/7dsq_A_model_1_relaxed.pdb,True,68.3687715517241,29.63,78.42,464,/users/sgmwu14/scratch/openfold_inference_runs5times/epoch_11/your_model_epoch_11/repeat_5/predictions/7dsq_A_model_1_unrelaxed.pdb
12,1,7dsq_A,1,0,/users/sgmwu14/scratch/openfold_inference_runs5times/epoch_12/your_model_epoch_12/repeat_1/predictions/7dsq_A_model_1_unrelaxed.pdb,/users/sgmwu14/scratch/openfold_inference_runs5times/epoch_12/your_model_epoch_12/repeat_1/predictions/7dsq_A_model_1_relaxed.pdb,True,70.91060344827582,26.4,79.8,464,/users/sgmwu14/scratch/openfold_inference_runs5times/epoch_12/your_model_epoch_12/repeat_1/predictions/7dsq_A_model_1_unrelaxed.pdb
13,1,7dsq_A,1,0,/users/sgmwu14/scratch/openfold_inference_runs5times/epoch_13/your_model_epoch_13/repeat_1/predictions/7dsq_A_model_1_unrelaxed.pdb,/users/sgmwu14/scratch/openfold_inference_runs5times/epoch_13/your_model_epoch_13/repeat_1/predictions/7dsq_A_model_1_relaxed.pdb,True,68.70040948275857,29.25,78.12,464,/users/sgmwu14/scratch/openfold_inference_runs5times/epoch_13/your_model_epoch_13/repeat_1/predictions/7dsq_A_model_1_unrelaxed.pdb
14,1,7dsq_A,1,0,/users/sgmwu14/scratch/openfold_inference_runs5times/epoch_14/your_model_epoch_14/repeat_1/predictions/7dsq_A_model_1_unrelaxed.pdb,/users/sgmwu14/scratch/openfold_inference_runs5times/epoch_14/your_model_epoch_14/repeat_1/predictions/7dsq_A_model_1_relaxed.pdb,True,73.39392241379312,30.56,81.25,464,/users/sgmwu14/scratch/openfold_inference_runs5times/epoch_14/your_model_epoch_14/repeat_1/predictions/7dsq_A_model_1_unrelaxed.pdb
15,4,7dsq_A,1,0,/users/sgmwu14/scratch/openfold_inference_runs5times/epoch_15/your_model_epoch_15/repeat_4/predictions/7dsq_A_model_1_unrelaxed.pdb,/users/sgmwu14/scratch/openfold_inference_runs5times/epoch_15/your_model_epoch_15/repeat_4/predictions/7dsq_A_model_1_relaxed.pdb,True,74.47558189655169,30.52,81.67,464,/users/sgmwu14/scratch/openfold_inference_runs5times/epoch_15/your_model_epoch_15/repeat_4/predictions/7dsq_A_model_1_unrelaxed.pdb
16,4,7dsq_A,1,0,/users/sgmwu14/scratch/openfold_inference_runs5times/epoch_16/your_model_epoch_16/repeat_4/predictions/7dsq_A_model_1_unrelaxed.pdb,/users/sgmwu14/scratch/openfold_inference_runs5times/epoch_16/your_model_epoch_16/repeat_4/predictions/7dsq_A_model_1_relaxed.pdb,True,67.43288793103449,24.31,77.13,464,/users/sgmwu14/scratch/openfold_inference_runs5times/epoch_16/your_model_epoch_16/repeat_4/predictions/7dsq_A_model_1_unrelaxed.pdb
17,1,7dsq_A,1,0,/users/sgmwu14/scratch/openfold_inference_runs5times/epoch_17/your_model_epoch_17/repeat_1/predictions/7dsq_A_model_1_unrelaxed.pdb,/users/sgmwu14/scratch/openfold_inference_runs5times/epoch_17/your_model_epoch_17/repeat_1/predictions/7dsq_A_model_1_relaxed.pdb,True,72.30124999999994,30.36,81.32,464,/users/sgmwu14/scratch/openfold_inference_runs5times/epoch_17/your_model_epoch_17/repeat_1/predictions/7dsq_A_model_1_unrelaxed.pdb
18,2,7dsq_A,1,0,/users/sgmwu14/scratch/openfold_inference_runs5times/epoch_18/your_model_epoch_18/repeat_2/predictions/7dsq_A_model_1_unrelaxed.pdb,/users/sgmwu14/scratch/openfold_inference_runs5times/epoch_18/your_model_epoch_18/repeat_2/predictions/7dsq_A_model_1_relaxed.pdb,True,73.70896551724135,27.58,82.41,464,/users/sgmwu14/scratch/openfold_inference_runs5times/epoch_18/your_model_epoch_18/repeat_2/predictions/7dsq_A_model_1_unrelaxed.pdb
19,2,7dsq_A,1,0,/users/sgmwu14/scratch/openfold_inference_runs5times/epoch_19/your_model_epoch_19/repeat_2/predictions/7dsq_A_model_1_unrelaxed.pdb,/users/sgmwu14/scratch/openfold_inference_runs5times/epoch_19/your_model_epoch_19/repeat_2/predictions/7dsq_A_model_1_relaxed.pdb,True,74.710150862069,30.65,81.54,464,/users/sgmwu14/scratch/openfold_inference_runs5times/epoch_19/your_model_epoch_19/repeat_2/predictions/7dsq_A_model_1_unrelaxed.pdb
20,4,7dsq_A,1,0,/users/sgmwu14/scratch/openfold_inference_runs5times/epoch_20/your_model_epoch_20/repeat_4/predictions/7dsq_A_model_1_unrelaxed.pdb,/users/sgmwu14/scratch/openfold_inference_runs5times/epoch_20/your_model_epoch_20/repeat_4/predictions/7dsq_A_model_1_relaxed.pdb,True,74.27176724137925,32.9,82.41,464,/users/sgmwu14/scratch/openfold_inference_runs5times/epoch_20/your_model_epoch_20/repeat_4/predictions/7dsq_A_model_1_unrelaxed.pdb
21,1,7dsq_A,1,0,/users/sgmwu14/scratch/openfold_inference_runs5times/epoch_21/your_model_epoch_21/repeat_1/predictions/7dsq_A_model_1_unrelaxed.pdb,/users/sgmwu14/scratch/openfold_inference_runs5times/epoch_21/your_model_epoch_21/repeat_1/predictions/7dsq_A_model_1_relaxed.pdb,True,69.32868534482759,26.75,77.57,464,/users/sgmwu14/scratch/openfold_inference_runs5times/epoch_21/your_model_epoch_21/repeat_1/predictions/7dsq_A_model_1_unrelaxed.pdb
22,1,7dsq_A,1,0,/users/sgmwu14/scratch/openfold_inference_runs5times/epoch_22/your_model_epoch_22/repeat_1/predictions/7dsq_A_model_1_unrelaxed.pdb,/users/sgmwu14/scratch/openfold_inference_runs5times/epoch_22/your_model_epoch_22/repeat_1/predictions/7dsq_A_model_1_relaxed.pdb,True,75.00926724137933,27.74,81.15,464,/users/sgmwu14/scratch/openfold_inference_runs5times/epoch_22/your_model_epoch_22/repeat_1/predictions/7dsq_A_model_1_unrelaxed.pdb
23,4,7dsq_A,1,0,/users/sgmwu14/scratch/openfold_inference_runs5times/epoch_23/your_model_epoch_23/repeat_4/predictions/7dsq_A_model_1_unrelaxed.pdb,/users/sgmwu14/scratch/openfold_inference_runs5times/epoch_23/your_model_epoch_23/repeat_4/predictions/7dsq_A_model_1_relaxed.pdb,True,70.96612068965521,36.26,78.38,464,/users/sgmwu14/scratch/openfold_inference_runs5times/epoch_23/your_model_epoch_23/repeat_4/predictions/7dsq_A_model_1_unrelaxed.pdb
24,4,7dsq_A,1,0,/users/sgmwu14/scratch/openfold_inference_runs5times/epoch_24/your_model_epoch_24/repeat_4/predictions/7dsq_A_model_1_unrelaxed.pdb,/users/sgmwu14/scratch/openfold_inference_runs5times/epoch_24/your_model_epoch_24/repeat_4/predictions/7dsq_A_model_1_relaxed.pdb,True,73.2005603448276,29.44,79.76,464,/users/sgmwu14/scratch/openfold_inference_runs5times/epoch_24/your_model_epoch_24/repeat_4/predictions/7dsq_A_model_1_unrelaxed.pdb
25,2,7dsq_A,1,0,/users/sgmwu14/scratch/openfold_inference_runs5times/epoch_25/your_model_epoch_25/repeat_2/predictions/7dsq_A_model_1_unrelaxed.pdb,/users/sgmwu14/scratch/openfold_inference_runs5times/epoch_25/your_model_epoch_25/repeat_2/predictions/7dsq_A_model_1_relaxed.pdb,True,75.41653017241387,30.05,82.79,464,/users/sgmwu14/scratch/openfold_inference_runs5times/epoch_25/your_model_epoch_25/repeat_2/predictions/7dsq_A_model_1_unrelaxed.pdb
26,1,7dsq_A,1,0,/users/sgmwu14/scratch/openfold_inference_runs5times/epoch_26/your_model_epoch_26/repeat_1/predictions/7dsq_A_model_1_unrelaxed.pdb,/users/sgmwu14/scratch/openfold_inference_runs5times/epoch_26/your_model_epoch_26/repeat_1/predictions/7dsq_A_model_1_relaxed.pdb,True,64.83148706896556,30.13,75.97,464,/users/sgmwu14/scratch/openfold_inference_runs5times/epoch_26/your_model_epoch_26/repeat_1/predictions/7dsq_A_model_1_unrelaxed.pdb
27,3,7dsq_A,1,0,/users/sgmwu14/scratch/openfold_inference_runs5times/epoch_27/your_model_epoch_27/repeat_3/predictions/7dsq_A_model_1_unrelaxed.pdb,/users/sgmwu14/scratch/openfold_inference_runs5times/epoch_27/your_model_epoch_27/repeat_3/predictions/7dsq_A_model_1_relaxed.pdb,True,77.62980603448274,30.27,84.15,464,/users/sgmwu14/scratch/openfold_inference_runs5times/epoch_27/your_model_epoch_27/repeat_3/predictions/7dsq_A_model_1_unrelaxed.pdb
28,3,7dsq_A,1,0,/users/sgmwu14/scratch/openfold_inference_runs5times/epoch_28/your_model_epoch_28/repeat_3/predictions/7dsq_A_model_1_unrelaxed.pdb,/users/sgmwu14/scratch/openfold_inference_runs5times/epoch_28/your_model_epoch_28/repeat_3/predictions/7dsq_A_model_1_relaxed.pdb,True,75.83267241379313,36.52,83.7,464,/users/sgmwu14/scratch/openfold_inference_runs5times/epoch_28/your_model_epoch_28/repeat_3/predictions/7dsq_A_model_1_unrelaxed.pdb
29,2,7dsq_A,1,0,/users/sgmwu14/scratch/openfold_inference_runs5times/epoch_29/your_model_epoch_29/repeat_2/predictions/7dsq_A_model_1_unrelaxed.pdb,/users/sgmwu14/scratch/openfold_inference_runs5times/epoch_29/your_model_epoch_29/repeat_2/predictions/7dsq_A_model_1_relaxed.pdb,True,75.62424568965515,26.83,82.81,464,/users/sgmwu14/scratch/openfold_inference_runs5times/epoch_29/your_model_epoch_29/repeat_2/predictions/7dsq_A_model_1_unrelaxed.pdb
30,4,7dsq_A,1,0,/users/sgmwu14/scratch/openfold_inference_runs5times/epoch_30/your_model_epoch_30/repeat_4/predictions/7dsq_A_model_1_unrelaxed.pdb,/users/sgmwu14/scratch/openfold_inference_runs5times/epoch_30/your_model_epoch_30/repeat_4/predictions/7dsq_A_model_1_relaxed.pdb,True,77.52226293103443,32.21,84.82,464,/users/sgmwu14/scratch/openfold_inference_runs5times/epoch_30/your_model_epoch_30/repeat_4/predictions/7dsq_A_model_1_unrelaxed.pdb
31,2,7dsq_A,1,0,/users/sgmwu14/scratch/openfold_inference_runs5times/epoch_31/your_model_epoch_31/repeat_2/predictions/7dsq_A_model_1_unrelaxed.pdb,/users/sgmwu14/scratch/openfold_inference_runs5times/epoch_31/your_model_epoch_31/repeat_2/predictions/7dsq_A_model_1_relaxed.pdb,True,77.10452586206898,29.33,85.25,464,/users/sgmwu14/scratch/openfold_inference_runs5times/epoch_31/your_model_epoch_31/repeat_2/predictions/7dsq_A_model_1_unrelaxed.pdb
32,2,7dsq_A,1,0,/users/sgmwu14/scratch/openfold_inference_runs5times/epoch_32/your_model_epoch_32/repeat_2/predictions/7dsq_A_model_1_unrelaxed.pdb,/users/sgmwu14/scratch/openfold_inference_runs5times/epoch_32/your_model_epoch_32/repeat_2/predictions/7dsq_A_model_1_relaxed.pdb,True,77.83450431034483,26.22,86.11,464,/users/sgmwu14/scratch/openfold_inference_runs5times/epoch_32/your_model_epoch_32/repeat_2/predictions/7dsq_A_model_1_unrelaxed.pdb
2,5,7evw_A,1,0,/users/sgmwu14/scratch/openfold_inference_runs5times/epoch_2/your_model_epoch_2/repeat_5/predictions/7evw_A_model_1_unrelaxed.pdb,/users/sgmwu14/scratch/openfold_inference_runs5times/epoch_2/your_model_epoch_2/repeat_5/predictions/7evw_A_model_1_relaxed.pdb,True,28.642120200333878,22.14,43.12,599,/users/sgmwu14/scratch/openfold_inference_runs5times/epoch_2/your_model_epoch_2/repeat_5/predictions/7evw_A_model_1_unrelaxed.pdb
3,4,7evw_A,1,0,/users/sgmwu14/scratch/openfold_inference_runs5times/epoch_3/your_model_epoch_3/repeat_4/predictions/7evw_A_model_1_unrelaxed.pdb,/users/sgmwu14/scratch/openfold_inference_runs5times/epoch_3/your_model_epoch_3/repeat_4/predictions/7evw_A_model_1_relaxed.pdb,True,34.69774624373954,23.37,52.08,599,/users/sgmwu14/scratch/openfold_inference_runs5times/epoch_3/your_model_epoch_3/repeat_4/predictions/7evw_A_model_1_unrelaxed.pdb
4,4,7evw_A,1,0,/users/sgmwu14/scratch/openfold_inference_runs5times/epoch_4/your_model_epoch_4/repeat_4/predictions/7evw_A_model_1_unrelaxed.pdb,/users/sgmwu14/scratch/openfold_inference_runs5times/epoch_4/your_model_epoch_4/repeat_4/predictions/7evw_A_model_1_relaxed.pdb,True,36.8770116861436,22.54,52.47,599,/users/sgmwu14/scratch/openfold_inference_runs5times/epoch_4/your_model_epoch_4/repeat_4/predictions/7evw_A_model_1_unrelaxed.pdb
5,2,7evw_A,1,0,/users/sgmwu14/scratch/openfold_inference_runs5times/epoch_5/your_model_epoch_5/repeat_2/predictions/7evw_A_model_1_unrelaxed.pdb,/users/sgmwu14/scratch/openfold_inference_runs5times/epoch_5/your_model_epoch_5/repeat_2/predictions/7evw_A_model_1_relaxed.pdb,True,37.84217028380636,23.31,59.59,599,/users/sgmwu14/scratch/openfold_inference_runs5times/epoch_5/your_model_epoch_5/repeat_2/predictions/7evw_A_model_1_unrelaxed.pdb
6,3,7evw_A,1,0,/users/sgmwu14/scratch/openfold_inference_runs5times/epoch_6/your_model_epoch_6/repeat_3/predictions/7evw_A_model_1_unrelaxed.pdb,/users/sgmwu14/scratch/openfold_inference_runs5times/epoch_6/your_model_epoch_6/repeat_3/predictions/7evw_A_model_1_relaxed.pdb,True,41.34287145242069,24.07,63.65,599,/users/sgmwu14/scratch/openfold_inference_runs5times/epoch_6/your_model_epoch_6/repeat_3/predictions/7evw_A_model_1_unrelaxed.pdb
7,3,7evw_A,1,0,/users/sgmwu14/scratch/openfold_inference_runs5times/epoch_7/your_model_epoch_7/repeat_3/predictions/7evw_A_model_1_unrelaxed.pdb,/users/sgmwu14/scratch/openfold_inference_runs5times/epoch_7/your_model_epoch_7/repeat_3/predictions/7evw_A_model_1_relaxed.pdb,True,40.29126878130216,23.01,60.64,599,/users/sgmwu14/scratch/openfold_inference_runs5times/epoch_7/your_model_epoch_7/repeat_3/predictions/7evw_A_model_1_unrelaxed.pdb
8,5,7evw_A,1,0,/users/sgmwu14/scratch/openfold_inference_runs5times/epoch_8/your_model_epoch_8/repeat_5/predictions/7evw_A_model_1_unrelaxed.pdb,/users/sgmwu14/scratch/openfold_inference_runs5times/epoch_8/your_model_epoch_8/repeat_5/predictions/7evw_A_model_1_relaxed.pdb,True,45.25914858096833,21.87,67.92,599,/users/sgmwu14/scratch/openfold_inference_runs5times/epoch_8/your_model_epoch_8/repeat_5/predictions/7evw_A_model_1_unrelaxed.pdb
9,3,7evw_A,1,0,/users/sgmwu14/scratch/openfold_inference_runs5times/epoch_9/your_model_epoch_9/repeat_3/predictions/7evw_A_model_1_unrelaxed.pdb,/users/sgmwu14/scratch/openfold_inference_runs5times/epoch_9/your_model_epoch_9/repeat_3/predictions/7evw_A_model_1_relaxed.pdb,True,45.32881469115193,22.32,69.13,599,/users/sgmwu14/scratch/openfold_inference_runs5times/epoch_9/your_model_epoch_9/repeat_3/predictions/7evw_A_model_1_unrelaxed.pdb
10,3,7evw_A,1,0,/users/sgmwu14/scratch/openfold_inference_runs5times/epoch_10/your_model_epoch_10/repeat_3/predictions/7evw_A_model_1_unrelaxed.pdb,/users/sgmwu14/scratch/openfold_inference_runs5times/epoch_10/your_model_epoch_10/repeat_3/predictions/7evw_A_model_1_relaxed.pdb,True,45.91707846410687,24.53,68.03,599,/users/sgmwu14/scratch/openfold_inference_runs5times/epoch_10/your_model_epoch_10/repeat_3/predictions/7evw_A_model_1_unrelaxed.pdb
11,3,7evw_A,1,0,/users/sgmwu14/scratch/openfold_inference_runs5times/epoch_11/your_model_epoch_11/repeat_3/predictions/7evw_A_model_1_unrelaxed.pdb,/users/sgmwu14/scratch/openfold_inference_runs5times/epoch_11/your_model_epoch_11/repeat_3/predictions/7evw_A_model_1_relaxed.pdb,True,49.24772954924876,23.12,72.15,599,/users/sgmwu14/scratch/openfold_inference_runs5times/epoch_11/your_model_epoch_11/repeat_3/predictions/7evw_A_model_1_unrelaxed.pdb
12,3,7evw_A,1,0,/users/sgmwu14/scratch/openfold_inference_runs5times/epoch_12/your_model_epoch_12/repeat_3/predictions/7evw_A_model_1_unrelaxed.pdb,/users/sgmwu14/scratch/openfold_inference_runs5times/epoch_12/your_model_epoch_12/repeat_3/predictions/7evw_A_model_1_relaxed.pdb,True,52.19487479131887,21.44,77.2,599,/users/sgmwu14/scratch/openfold_inference_runs5times/epoch_12/your_model_epoch_12/repeat_3/predictions/7evw_A_model_1_unrelaxed.pdb
13,2,7evw_A,1,0,/users/sgmwu14/scratch/openfold_inference_runs5times/epoch_13/your_model_epoch_13/repeat_2/predictions/7evw_A_model_1_unrelaxed.pdb,/users/sgmwu14/scratch/openfold_inference_runs5times/epoch_13/your_model_epoch_13/repeat_2/predictions/7evw_A_model_1_relaxed.pdb,True,50.40662771285474,22.76,72.23,599,/users/sgmwu14/scratch/openfold_inference_runs5times/epoch_13/your_model_epoch_13/repeat_2/predictions/7evw_A_model_1_unrelaxed.pdb
14,5,7evw_A,1,0,/users/sgmwu14/scratch/openfold_inference_runs5times/epoch_14/your_model_epoch_14/repeat_5/predictions/7evw_A_model_1_unrelaxed.pdb,/users/sgmwu14/scratch/openfold_inference_runs5times/epoch_14/your_model_epoch_14/repeat_5/predictions/7evw_A_model_1_relaxed.pdb,True,55.10375626043406,21.3,74.52,599,/users/sgmwu14/scratch/openfold_inference_runs5times/epoch_14/your_model_epoch_14/repeat_5/predictions/7evw_A_model_1_unrelaxed.pdb
15,1,7evw_A,1,0,/users/sgmwu14/scratch/openfold_inference_runs5times/epoch_15/your_model_epoch_15/repeat_1/predictions/7evw_A_model_1_unrelaxed.pdb,/users/sgmwu14/scratch/openfold_inference_runs5times/epoch_15/your_model_epoch_15/repeat_1/predictions/7evw_A_model_1_relaxed.pdb,True,55.86055091819696,22.39,78.33,599,/users/sgmwu14/scratch/openfold_inference_runs5times/epoch_15/your_model_epoch_15/repeat_1/predictions/7evw_A_model_1_unrelaxed.pdb
16,1,7evw_A,1,0,/users/sgmwu14/scratch/openfold_inference_runs5times/epoch_16/your_model_epoch_16/repeat_1/predictions/7evw_A_model_1_unrelaxed.pdb,/users/sgmwu14/scratch/openfold_inference_runs5times/epoch_16/your_model_epoch_16/repeat_1/predictions/7evw_A_model_1_relaxed.pdb,True,53.06500834724535,24.62,74.87,599,/users/sgmwu14/scratch/openfold_inference_runs5times/epoch_16/your_model_epoch_16/repeat_1/predictions/7evw_A_model_1_unrelaxed.pdb
17,3,7evw_A,1,0,/users/sgmwu14/scratch/openfold_inference_runs5times/epoch_17/your_model_epoch_17/repeat_3/predictions/7evw_A_model_1_unrelaxed.pdb,/users/sgmwu14/scratch/openfold_inference_runs5times/epoch_17/your_model_epoch_17/repeat_3/predictions/7evw_A_model_1_relaxed.pdb,True,56.38924874791319,22.06,76.43,599,/users/sgmwu14/scratch/openfold_inference_runs5times/epoch_17/your_model_epoch_17/repeat_3/predictions/7evw_A_model_1_unrelaxed.pdb
18,3,7evw_A,1,0,/users/sgmwu14/scratch/openfold_inference_runs5times/epoch_18/your_model_epoch_18/repeat_3/predictions/7evw_A_model_1_unrelaxed.pdb,/users/sgmwu14/scratch/openfold_inference_runs5times/epoch_18/your_model_epoch_18/repeat_3/predictions/7evw_A_model_1_relaxed.pdb,True,58.36873121869786,23.17,79.4,599,/users/sgmwu14/scratch/openfold_inference_runs5times/epoch_18/your_model_epoch_18/repeat_3/predictions/7evw_A_model_1_unrelaxed.pdb
19,1,7evw_A,1,0,/users/sgmwu14/scratch/openfold_inference_runs5times/epoch_19/your_model_epoch_19/repeat_1/predictions/7evw_A_model_1_unrelaxed.pdb,/users/sgmwu14/scratch/openfold_inference_runs5times/epoch_19/your_model_epoch_19/repeat_1/predictions/7evw_A_model_1_relaxed.pdb,True,59.84772954924876,23.0,79.04,599,/users/sgmwu14/scratch/openfold_inference_runs5times/epoch_19/your_model_epoch_19/repeat_1/predictions/7evw_A_model_1_unrelaxed.pdb
20,2,7evw_A,1,0,/users/sgmwu14/scratch/openfold_inference_runs5times/epoch_20/your_model_epoch_20/repeat_2/predictions/7evw_A_model_1_unrelaxed.pdb,/users/sgmwu14/scratch/openfold_inference_runs5times/epoch_20/your_model_epoch_20/repeat_2/predictions/7evw_A_model_1_relaxed.pdb,True,58.15597662771287,22.87,80.13,599,/users/sgmwu14/scratch/openfold_inference_runs5times/epoch_20/your_model_epoch_20/repeat_2/predictions/7evw_A_model_1_unrelaxed.pdb
21,5,7evw_A,1,0,/users/sgmwu14/scratch/openfold_inference_runs5times/epoch_21/your_model_epoch_21/repeat_5/predictions/7evw_A_model_1_unrelaxed.pdb,/users/sgmwu14/scratch/openfold_inference_runs5times/epoch_21/your_model_epoch_21/repeat_5/predictions/7evw_A_model_1_relaxed.pdb,True,51.588080133555934,24.64,73.84,599,/users/sgmwu14/scratch/openfold_inference_runs5times/epoch_21/your_model_epoch_21/repeat_5/predictions/7evw_A_model_1_unrelaxed.pdb
22,4,7evw_A,1,0,/users/sgmwu14/scratch/openfold_inference_runs5times/epoch_22/your_model_epoch_22/repeat_4/predictions/7evw_A_model_1_unrelaxed.pdb,/users/sgmwu14/scratch/openfold_inference_runs5times/epoch_22/your_model_epoch_22/repeat_4/predictions/7evw_A_model_1_relaxed.pdb,True,58.84090150250422,23.9,76.85,599,/users/sgmwu14/scratch/openfold_inference_runs5times/epoch_22/your_model_epoch_22/repeat_4/predictions/7evw_A_model_1_unrelaxed.pdb
23,3,7evw_A,1,0,/users/sgmwu14/scratch/openfold_inference_runs5times/epoch_23/your_model_epoch_23/repeat_3/predictions/7evw_A_model_1_unrelaxed.pdb,/users/sgmwu14/scratch/openfold_inference_runs5times/epoch_23/your_model_epoch_23/repeat_3/predictions/7evw_A_model_1_relaxed.pdb,True,50.46552587646079,20.81,75.85,599,/users/sgmwu14/scratch/openfold_inference_runs5times/epoch_23/your_model_epoch_23/repeat_3/predictions/7evw_A_model_1_unrelaxed.pdb
24,5,7evw_A,1,0,/users/sgmwu14/scratch/openfold_inference_runs5times/epoch_24/your_model_epoch_24/repeat_5/predictions/7evw_A_model_1_unrelaxed.pdb,/users/sgmwu14/scratch/openfold_inference_runs5times/epoch_24/your_model_epoch_24/repeat_5/predictions/7evw_A_model_1_relaxed.pdb,True,57.60268781302166,27.68,76.76,599,/users/sgmwu14/scratch/openfold_inference_runs5times/epoch_24/your_model_epoch_24/repeat_5/predictions/7evw_A_model_1_unrelaxed.pdb
25,3,7evw_A,1,0,/users/sgmwu14/scratch/openfold_inference_runs5times/epoch_25/your_model_epoch_25/repeat_3/predictions/7evw_A_model_1_unrelaxed.pdb,/users/sgmwu14/scratch/openfold_inference_runs5times/epoch_25/your_model_epoch_25/repeat_3/predictions/7evw_A_model_1_relaxed.pdb,True,58.787896494156975,24.05,80.31,599,/users/sgmwu14/scratch/openfold_inference_runs5times/epoch_25/your_model_epoch_25/repeat_3/predictions/7evw_A_model_1_unrelaxed.pdb
26,2,7evw_A,1,0,/users/sgmwu14/scratch/openfold_inference_runs5times/epoch_26/your_model_epoch_26/repeat_2/predictions/7evw_A_model_1_unrelaxed.pdb,/users/sgmwu14/scratch/openfold_inference_runs5times/epoch_26/your_model_epoch_26/repeat_2/predictions/7evw_A_model_1_relaxed.pdb,True,51.25757929883138,22.6,81.46,599,/users/sgmwu14/scratch/openfold_inference_runs5times/epoch_26/your_model_epoch_26/repeat_2/predictions/7evw_A_model_1_unrelaxed.pdb
27,4,7evw_A,1,0,/users/sgmwu14/scratch/openfold_inference_runs5times/epoch_27/your_model_epoch_27/repeat_4/predictions/7evw_A_model_1_unrelaxed.pdb,/users/sgmwu14/scratch/openfold_inference_runs5times/epoch_27/your_model_epoch_27/repeat_4/predictions/7evw_A_model_1_relaxed.pdb,True,61.3191485809683,20.14,82.83,599,/users/sgmwu14/scratch/openfold_inference_runs5times/epoch_27/your_model_epoch_27/repeat_4/predictions/7evw_A_model_1_unrelaxed.pdb
28,5,7evw_A,1,0,/users/sgmwu14/scratch/openfold_inference_runs5times/epoch_28/your_model_epoch_28/repeat_5/predictions/7evw_A_model_1_unrelaxed.pdb,/users/sgmwu14/scratch/openfold_inference_runs5times/epoch_28/your_model_epoch_28/repeat_5/predictions/7evw_A_model_1_relaxed.pdb,True,60.68916527545913,20.02,82.96,599,/users/sgmwu14/scratch/openfold_inference_runs5times/epoch_28/your_model_epoch_28/repeat_5/predictions/7evw_A_model_1_unrelaxed.pdb
29,1,7evw_A,1,0,/users/sgmwu14/scratch/openfold_inference_runs5times/epoch_29/your_model_epoch_29/repeat_1/predictions/7evw_A_model_1_unrelaxed.pdb,/users/sgmwu14/scratch/openfold_inference_runs5times/epoch_29/your_model_epoch_29/repeat_1/predictions/7evw_A_model_1_relaxed.pdb,True,60.70647746243737,23.1,80.43,599,/users/sgmwu14/scratch/openfold_inference_runs5times/epoch_29/your_model_epoch_29/repeat_1/predictions/7evw_A_model_1_unrelaxed.pdb
30,5,7evw_A,1,0,/users/sgmwu14/scratch/openfold_inference_runs5times/epoch_30/your_model_epoch_30/repeat_5/predictions/7evw_A_model_1_unrelaxed.pdb,/users/sgmwu14/scratch/openfold_inference_runs5times/epoch_30/your_model_epoch_30/repeat_5/predictions/7evw_A_model_1_relaxed.pdb,True,63.86427378964944,22.94,83.63,599,/users/sgmwu14/scratch/openfold_inference_runs5times/epoch_30/your_model_epoch_30/repeat_5/predictions/7evw_A_model_1_unrelaxed.pdb
31,2,7evw_A,1,0,/users/sgmwu14/scratch/openfold_inference_runs5times/epoch_31/your_model_epoch_31/repeat_2/predictions/7evw_A_model_1_unrelaxed.pdb,/users/sgmwu14/scratch/openfold_inference_runs5times/epoch_31/your_model_epoch_31/repeat_2/predictions/7evw_A_model_1_relaxed.pdb,True,58.74574290484136,17.17,83.05,599,/users/sgmwu14/scratch/openfold_inference_runs5times/epoch_31/your_model_epoch_31/repeat_2/predictions/7evw_A_model_1_unrelaxed.pdb
32,5,7evw_A,1,0,/users/sgmwu14/scratch/openfold_inference_runs5times/epoch_32/your_model_epoch_32/repeat_5/predictions/7evw_A_model_1_unrelaxed.pdb,/users/sgmwu14/scratch/openfold_inference_runs5times/epoch_32/your_model_epoch_32/repeat_5/predictions/7evw_A_model_1_relaxed.pdb,True,62.5272621035058,20.01,85.75,599,/users/sgmwu14/scratch/openfold_inference_runs5times/epoch_32/your_model_epoch_32/repeat_5/predictions/7evw_A_model_1_unrelaxed.pdb
