model,repeat,centre_residue,window_start,window_end,residues_in_window,centre_ca_error_angstrom,window_mean_ca_error_angstrom,window_rmsd_angstrom,window_max_ca_error_angstrom,centre_plddt
AlphaFold,1,38,33,43,11,0.6456058052619642,0.8674105741557625,0.9030632863802966,1.4383688070038592,95.43
AlphaFold,1,39,34,44,11,0.7192154126555589,0.8736157284126527,0.9087133360375951,1.4383688070038592,94.28
AlphaFold,1,268,263,273,11,3.1686942736769312,1.5987324315943854,1.7101312267230144,3.1686942736769312,81.7
AlphaFold,1,386,381,391,9,1.160982553619685,1.2104168392895849,1.3651261586254646,2.0316885371961773,82.29
AlphaFold,2,38,33,43,11,0.6552098493376579,0.8510263684605,0.8804009570373956,1.363803590206326,95.42
AlphaFold,2,39,34,44,11,0.7175587784887373,0.8403354762926092,0.87150282069292,1.363803590206326,94.22
AlphaFold,2,268,263,273,11,3.538303202482854,1.677020106404509,1.846096814979614,3.538303202482854,76.91
AlphaFold,2,386,381,391,9,1.2151639521914657,1.2109707373098595,1.3707734238150844,1.9870601239599268,82.21
AlphaFold,3,38,33,43,11,0.5952912915801788,0.8381178184805481,0.8738723910247613,1.3752064873683858,94.84
AlphaFold,3,39,34,44,11,0.6278537929335916,0.8475702675470385,0.8830955681534499,1.3752064873683858,93.29
AlphaFold,3,268,263,273,11,2.037877666323677,2.1148733694141475,2.311897752794831,3.76821237830857,69.75
AlphaFold,3,386,381,391,9,1.2606096416180137,1.2137438940966163,1.3732141686531465,1.98422655798118,80.86
AlphaFold,4,38,33,43,11,0.6009672525701993,0.8017993380068691,0.8349568702112747,1.3473694303966377,95.5
AlphaFold,4,39,34,44,11,0.6309574937554695,0.7861680939269948,0.8219329160250364,1.3473694303966377,94.24
AlphaFold,4,268,263,273,11,3.181210618058758,1.5471671385784533,1.667574574569277,3.181210618058758,82.82
AlphaFold,4,386,381,391,9,1.248259492173177,1.1705020557242465,1.318167233971105,1.969391656839724,80.92
AlphaFold,5,38,33,43,11,0.5696038028764453,0.7516067326158165,0.7868753179420268,1.304081123011377,95.98
AlphaFold,5,39,34,44,11,0.57117259040954,0.7278736310315989,0.7668334567740962,1.304081123011377,94.98
AlphaFold,5,268,263,273,11,3.3375648436390257,1.625535384660106,1.7529687971315167,3.3375648436390257,78.72
AlphaFold,5,386,381,391,9,1.2246517631073066,1.188533010878202,1.3299209417447206,1.8992148073177948,79.89
OpenFold,1,38,33,43,11,0.6096177531325762,0.9846944232917413,1.034697713367795,1.56824427662377,94.59
OpenFold,1,39,34,44,11,0.7149414374510278,1.0704770136984545,1.1339727866877565,1.7266912929596845,93.13
OpenFold,1,268,263,273,11,4.997250029431639,2.9494237807268338,3.2815588863850724,4.997250029431639,81.02
OpenFold,1,386,381,391,9,0.963968923782564,1.090663474192466,1.2235720261047316,1.8290384674297075,87.73
OpenFold,2,38,33,43,11,0.751201501004696,1.0733960153615287,1.1108211423343326,1.5913320674221656,94.15
OpenFold,2,39,34,44,11,0.833229501639329,1.1436949160149827,1.1857489501337224,1.6105390706353355,92.98
OpenFold,2,268,263,273,11,4.520791579710787,2.740658463867552,3.0054103530085494,4.520791579710787,78.94
OpenFold,2,386,381,391,9,0.9387303550180712,1.144172968711373,1.2871794688963858,1.9092155372121624,88.05
OpenFold,3,38,33,43,11,0.6172742832577607,0.9889606021010068,1.0403604329163625,1.606834756438366,94.28
OpenFold,3,39,34,44,11,0.706233806994271,1.050261415108311,1.105001075555465,1.606834756438366,93.12
OpenFold,3,268,263,273,11,4.831006439829007,2.5665566387383687,2.7876875552655727,4.831006439829007,72.62
OpenFold,3,386,381,391,9,0.9156645313481212,1.094737790938001,1.1977158779835064,1.7930145300089555,86.8
OpenFold,4,38,33,43,11,0.6616405647994326,1.022361748247742,1.0656516021442646,1.594604040758415,94.55
OpenFold,4,39,34,44,11,0.7644463130484783,1.0810777281828137,1.1263722335006159,1.594604040758415,93.46
OpenFold,4,268,263,273,11,4.819159444626985,2.5983177421736756,2.8494969982697085,4.819159444626985,72.57
OpenFold,4,386,381,391,9,1.0431164931142052,1.1612573716107504,1.305748134004275,2.1314025901864104,89.3
OpenFold,5,38,33,43,11,0.737783396996166,1.0832065839060487,1.1271475473230461,1.6586096399653596,94.68
OpenFold,5,39,34,44,11,0.8476832374792963,1.1641916117980111,1.2155796885089931,1.7244959662245485,93.27
OpenFold,5,268,263,273,11,4.1076789451955,2.62670662582976,2.840702069108069,4.1076789451955,75.31
OpenFold,5,386,381,391,9,0.9148204588875642,1.1333375887739636,1.2765031809039256,2.097833480265572,89.11
Retrained_epoch_32,1,38,33,43,11,1.7937272285446928,2.2492836815089143,2.585871464325985,5.001000129289007,71.75
Retrained_epoch_32,1,39,34,44,11,1.3330016380933685,2.502072867405792,2.8768956572531135,5.001000129289007,68.74
Retrained_epoch_32,1,268,263,273,11,8.242272119278098,5.6688851229575015,6.50975269077766,9.843252415152312,64.05
Retrained_epoch_32,1,386,381,391,9,8.696545547980294,9.333137347636669,10.885244163948087,19.840605124682693,45.58
Retrained_epoch_32,2,38,33,43,11,1.824792005049635,1.8549247098394475,1.895718880060122,2.6169150784226223,71.57
Retrained_epoch_32,2,39,34,44,11,1.170262746817268,1.9253417709557992,1.9958963139330639,3.1554583801772704,66.94
Retrained_epoch_32,2,268,263,273,11,8.865479471950767,6.344286970603391,7.423004859570459,11.49565947885642,63.28
Retrained_epoch_32,2,386,381,391,9,5.455604130292381,7.473856650906236,9.011148980382837,17.524776073313223,50.11
Retrained_epoch_32,3,38,33,43,11,1.9977148832924665,2.1666747332011713,2.3313707835451556,4.381390673195237,71.63
Retrained_epoch_32,3,39,34,44,11,1.4614402871257135,2.312857297817028,2.510799384796376,4.381390673195237,68.3
Retrained_epoch_32,3,268,263,273,11,9.16998153615355,6.2647819774379485,7.182096893060146,10.581552824948869,65.31
Retrained_epoch_32,3,386,381,391,9,13.559341175065706,11.843329136257356,13.390557970143975,22.23536841746932,46.07
Retrained_epoch_32,4,38,33,43,11,1.7537431073259009,1.967592319736558,2.0403300159723594,3.2483134133353397,71.06
Retrained_epoch_32,4,39,34,44,11,1.065426512850153,2.171988746561588,2.373567632230648,4.722278302435758,67.2
Retrained_epoch_32,4,268,263,273,11,8.913463973111375,6.231727761552798,7.060218091788073,10.670856853096916,64.29
Retrained_epoch_32,4,386,381,391,9,12.769566189482928,11.92963656971887,13.687152025179584,23.63360178004529,41.52
Retrained_epoch_32,5,38,33,43,11,1.546954598986513,1.4721450369530784,1.5780213653980733,2.733889220292966,71.13
Retrained_epoch_32,5,39,34,44,11,0.997038414886388,1.6239513409609814,1.794045972674751,3.234207637610729,68.09
Retrained_epoch_32,5,268,263,273,11,8.239818253747599,6.011847493642895,7.196706515225388,11.508765678385666,63.71
Retrained_epoch_32,5,386,381,391,9,10.011528621727406,10.198555004878322,11.685855568356471,20.515224471271388,44.13
