model,centre_residue,predictions,mean_centre_error,std_centre_error,mean_window_rmsd,std_window_rmsd,mean_centre_plddt
AlphaFold,38,5,0.6133356003252891,0.03600646493822771,0.855833764519151,0.04569102428251679,95.434
AlphaFold,39,5,0.6533516136485795,0.06396410587971627,0.8504156195366195,0.0563660251721344,94.202
AlphaFold,268,5,3.052730120836249,0.5866840001812533,1.8577338332396507,0.2623561853277994,77.97999999999999
AlphaFold,386,5,1.2219334805419295,0.0385912405568464,1.3514403853619041,0.025521331575448336,81.23400000000001
OpenFold,38,5,0.6755034998381262,0.06620560252166745,1.0757356876171602,0.04156735860802011,94.45
OpenFold,39,5,0.7733068593224804,0.06539570855394057,1.1533349468773104,0.04572504714239797,93.192
OpenFold,268,5,4.655177287758784,0.3509393653900803,2.9529711724073944,0.20084178088970447,76.092
OpenFold,386,5,0.9552601524301052,0.05308247244155932,1.258143737578565,0.04553309472489224,88.19800000000001
Retrained_epoch_32,38,5,1.7833863646398416,0.16166073807978493,2.0862625018603387,0.3893625890437895,71.428
Retrained_epoch_32,39,5,1.205433919954578,0.191102429824875,2.3102409921775906,0.4273760979928234,67.854
Retrained_epoch_32,268,5,8.686203070848277,0.4225408985775323,7.074355810084346,0.3417274327319743,64.128
Retrained_epoch_32,386,5,10.098517132909743,3.2650244481965953,11.73199174160219,1.916741310594779,45.482
