1D9U,200
1E7J,200
1JT1,200
2F5A,200
2KO8,200
4DDA,200
4M4C,200
4Q9E,200
4QWV,200
5DWF,200
5E99,200
5I84,200
5TX1,200
6KFT,200
6RTK,200
6UEU,200
6WBO,200
7DU3,200
7EVW,200
7M9R,200
7M9S,200
7M9T,200
7M9U,200
7PNC,200
7QE7,200
7SLW,200
7T23,200
7TPQ,200
7VUD,200
7XX7,200
7YYV,200
7YYW,200
7YYX,200
7Z6P,200
8AIQ,200
8BY5,200
8C0H,200
8D35,200
8F2H,200
8F2I,200
8FD5,200
8FDZ,200
8FG2,200
8H4X,200
8I31,200
8I32,200
8I8J,200
8I8K,200
8I8L,200
8I8M,200
8I8N,200
8I8O,200
8IF1,200
8ITQ,200
8IUS,200
8IUV,200
8IUW,200
8JUK,200
8OQB,200
8R6Q,200
8S4G,200
8SRQ,200
8T8O,200
8V2I,200
8VG3,200
8Y0S,200
