pdb_id,s3_key,compressed_size_bytes,manifest_etag,decompressed_sha256,experimental_method,cell_a,cell_b,cell_c,cell_alpha,cell_beta,cell_gamma,space_group,refine_resolution_high,r_work,r_free,structure_factor_status,atom_site_count,model_count,mean_b_iso,min_b_iso,max_b_iso,mean_occupancy,water_atom_count,nonpolymer_component_ids
1a0t,20260101/pub/pdb/data/structures/divided/mmCIF/a0/1a0t.cif.gz,260530,83d3f82d327e319daf07c73f1e3e5270,06f965c3db2229bb94acadbeabd39d4b642b2af3ed9faf43ca9c0fa36972271d,X-RAY DIFFRACTION,111.800,111.800,147.800,90.00,90.00,120.00,P 32,2.4,0.2070000,0.2460000,REL,10077,1,28.41539644735533,3.95,100.0,0.9966448347722426,330,CA
1ac4,20260101/pub/pdb/data/structures/divided/mmCIF/ac/1ac4.cif.gz,86637,673e52c325e899f0d0a06fa9a04a45e1,e70d21ddaf958d8a95c0a0f06248eedca584432d917fe2ae3c4c8ddd163f4428,X-RAY DIFFRACTION,105.200,74.300,45.400,90.00,90.00,90.00,P 21 21 21,2.1,,,REL,2941,1,14.649309758585533,0.0,48.25,0.9995579734784088,49,HEM;TMT
1aeb,20260101/pub/pdb/data/structures/divided/mmCIF/ae/1aeb.cif.gz,87907,a47db26610d66ff12c61026f0cadb5a1,cf4b9a6b201a2ea1816a52991a6edc45d3fec4c887fab26abf261b87b5708402,X-RAY DIFFRACTION,108.000,77.300,51.800,90.00,90.00,90.00,P 21 21 21,2.1,,,REL,2996,1,14.907032710280367,0.0,71.57,0.99956608811749,100,3MT;HEM
1aed,20260101/pub/pdb/data/structures/divided/mmCIF/ae/1aed.cif.gz,88043,93324e0f03110088649a9c871dafeb72,a6acdb982ac8769c16f6cfc4818982c4504910f706b77ac1aa48d11414b002b5,X-RAY DIFFRACTION,108.000,77.300,51.800,90.00,90.00,90.00,P 21 21 21,2.1,,,REL,2999,1,14.907125708569517,0.0,71.57,0.9995665221740581,100,DTI;HEM
1aef,20260101/pub/pdb/data/structures/divided/mmCIF/ae/1aef.cif.gz,88090,96c817a2c98e11687c16e7f7c9427c82,042eb7fb1b0161482e97b88e0f54532d20cb23575ccce7c58f6170beb94e8962,X-RAY DIFFRACTION,108.000,77.300,51.800,90.00,90.00,90.00,P 21 21 21,2.1,,,REL,2999,1,14.907125708569517,0.0,71.57,0.9995665221740581,101,3AP;HEM
1aeg,20260101/pub/pdb/data/structures/divided/mmCIF/ae/1aeg.cif.gz,87929,2e85d50b3fd7ca3292cbb629a4cb595f,5ee736485378cd959df04b72afd7af6567cb23a2ddfc88ca3f907b5f21515676,X-RAY DIFFRACTION,108.000,77.300,51.800,90.00,90.00,90.00,P 21 21 21,2.1,,,REL,2998,1,14.907094729819873,0.0,71.57,0.9995663775850568,100,4AP;HEM
1aeh,20260101/pub/pdb/data/structures/divided/mmCIF/ae/1aeh.cif.gz,87835,765cb44fef77095dc215ca6bdb0d5f7d,28a4a1381e656e08fb75fa37a3bc922d5121c6bd698e79b1b83eccaa89010e1e,X-RAY DIFFRACTION,108.000,77.300,51.800,90.00,90.00,90.00,P 21 21 21,2.1,,,REL,2991,1,14.906877298562346,0.0,71.57,0.9995653627549316,100,24T;HEM
1aej,20260101/pub/pdb/data/structures/divided/mmCIF/ae/1aej.cif.gz,88071,0cbc8ee40e09aab6f3b67ea870fbe18a,1dd8bb3c751461369b3df5ae6b83455d6887e6791d45b75cb73e2177daa415e1,X-RAY DIFFRACTION,108.000,77.300,51.800,90.00,90.00,90.00,P 21 21 21,2.1,,,REL,2998,1,14.907094729819873,0.0,71.57,0.9995663775850568,100,HEM;NVI
1aek,20260101/pub/pdb/data/structures/divided/mmCIF/ae/1aek.cif.gz,87906,8571e2119a9c81a0f76dcc5abc294d2a,295da707a114cec074b54f4dca5b813b8a5a067957272871ace2b2f793985b64,X-RAY DIFFRACTION,108.000,77.300,51.800,90.00,90.00,90.00,P 21 21 21,2.1,,,REL,2993,1,14.906939525559633,0.0,71.57,0.9995656531907786,100,HEM;IDM
1aem,20260101/pub/pdb/data/structures/divided/mmCIF/ae/1aem.cif.gz,88079,9873eefa20254d1c82f47908ae66a402,b6650a04209f176f3dc2448c0dcd1b664873e79f92d4f2cb1e77ef733b83c10c,X-RAY DIFFRACTION,108.000,77.300,51.800,90.00,90.00,90.00,P 21 21 21,2.1,,,REL,3000,1,14.90715666666666,0.0,71.57,0.9995666666666667,100,HEM;MPI
1aen,20260101/pub/pdb/data/structures/divided/mmCIF/ae/1aen.cif.gz,86634,b1733264a775df38d1e9c7447e9fce06,a86e3e440c623df93a5fc4e8450269952ca48dd44d48e77ae6761a5602e4ac0b,X-RAY DIFFRACTION,105.200,74.300,45.400,90.00,90.00,90.00,P 21 21 21,2.1,,,REL,2940,1,14.61347619047621,0.0,48.25,0.9995578231292518,49,25T;HEM
1aeo,20260101/pub/pdb/data/structures/divided/mmCIF/ae/1aeo.cif.gz,86768,d0a3c19a0e14891104b91eb06c844116,906e88d097e1d237722c95e23999e7bb71e341a3b872d1dc6801d31a1bfb3e54,X-RAY DIFFRACTION,105.200,74.300,45.400,90.00,90.00,90.00,P 21 21 21,2.1,,,REL,2947,1,14.650023752969139,0.0,48.25,0.9995588734306075,49,2AP;HEM
1aeq,20260101/pub/pdb/data/structures/divided/mmCIF/ae/1aeq.cif.gz,87832,fe892d18143dc904f371ae340cee2781,ff897c8287a26866e47e2f7adec38be53c1e66b233adb933390da6cbcca01ef1,X-RAY DIFFRACTION,108.000,77.300,51.800,90.00,90.00,90.00,P 21 21 21,2.1,,,REL,2991,1,14.906877298562346,0.0,71.57,0.9995653627549316,100,2EZ;HEM
1aeu,20260101/pub/pdb/data/structures/divided/mmCIF/ae/1aeu.cif.gz,86479,11ccfaf533e41c32b838e2c9d2ce34a4,3b7de76b77ef9125a188a6a5c543e15a2ee047db91ec4668f2845dfe54da56fb,X-RAY DIFFRACTION,105.200,74.300,45.400,90.00,90.00,90.00,P 21 21 21,2.1,,,REL,2939,1,14.649071112623359,0.0,48.25,0.9995576726777816,49,2MZ;HEM
1b0z,20260101/pub/pdb/data/structures/divided/mmCIF/b0/1b0z.cif.gz,103419,74bf7b13363e9227996952dcaecf57d5,2682538b255cfd14c2504da6a784c6b3b794f851efeee7b2f410e8dd0e7db6e7,X-RAY DIFFRACTION,75.100,93.730,171.900,90.00,90.00,90.00,I 2 2 2,2.3,0.185,0.258,REL,3698,1,20.840946457544614,4.05,63.89,1.0,184,
1bqq,20260101/pub/pdb/data/structures/divided/mmCIF/bq/1bqq.cif.gz,95390,748f43a85a15e6e7df6c53dfde64bbb8,5b52210cb57044d34e21c600be7d6a861a9f363a845a89da0aacd5f1bd403ad5,X-RAY DIFFRACTION,102.650,40.100,85.680,90.00,102.30,90.00,C 1 2 1,2.75,0.189,0.248,,3150,1,24.5701111111111,0.56,83.89,0.9857142857142858,311,CA;ZN
1buv,20260101/pub/pdb/data/structures/divided/mmCIF/bu/1buv.cif.gz,86376,13a9089e6509f32ff34d67495e4ca6ab,fa23ab66172bde78792f5631443a0a314288bccf8faef79805523e0e1756d2c0,X-RAY DIFFRACTION,102.650,40.100,85.680,90.00,102.30,90.00,C 1 2 1,2.75,0.189,0.248,,2839,1,24.213511799929524,0.56,83.89,0.9841493483620993,0,CA;ZN
1c77,20260101/pub/pdb/data/structures/divided/mmCIF/c7/1c77.cif.gz,60124,f076773a8df5893f29f64c4b9dddc187,ce1fbc78e1cd1b9282ebefa2a0f17bf0a59a6a57f9b7f8e8f9897853653c0ac7,X-RAY DIFFRACTION,43.87,59.26,102.42,90,90,90,P 21 21 21,2.3,0.198,0.267,,2084,1,18.219160268714006,0.0,121.83,0.5028790786948176,0,
1c78,20260101/pub/pdb/data/structures/divided/mmCIF/c7/1c78.cif.gz,60113,d04ccf5a31b02be9571382ad98f9e9be,24881c195fc3e813edbb7b6373efb9c4070168011307c0a1a97834cf8f7edd9d,X-RAY DIFFRACTION,43.87,59.26,102.42,90,90,90,P 21 21 21,2.3,0.198,0.267,,2084,1,18.219160268714006,0.0,121.83,0.5028790786948176,0,
1c79,20260101/pub/pdb/data/structures/divided/mmCIF/c7/1c79.cif.gz,62103,ea95e0085e0db62fd54c50e49c5e9de1,890ff32df1ade22bef9b01d119bfad65fe2a5ba040db5b4e69d8d06727537ef7,X-RAY DIFFRACTION,43.87,59.26,102.42,90,90,90,P 21 21 21,2.3,0.198,0.267,,2084,1,35.406300383877166,14.62,121.83,1.0,0,
1ce7,20260101/pub/pdb/data/structures/divided/mmCIF/ce/1ce7.cif.gz,117193,34b1523be68a8e7c223890c34491e22a,68e2b4a7178296114b1993ac05b0948a75f3051158851543b35e9784b3d3fc2b,X-RAY DIFFRACTION,107.648,107.648,311.278,90.00,90.00,120.00,P 65 2 2,2.7,0.251,0.319,,3963,1,58.58748927580074,18.99,80.68,0.9988644965934897,215,NAG
1ffy,20260101/pub/pdb/data/structures/divided/mmCIF/ff/1ffy.cif.gz,256639,db98533ad51ca4d597ec518acd95e002,f795bb8950364a64efdea436879c054df187d858e5a000a35f7b295c1cd250a0,X-RAY DIFFRACTION,71.000,100.000,186.000,90.00,90.00,90.00,P 21 21 21,2.2,0.2390000,0.2810000,,9386,1,39.59905604091191,5.73,99.56,0.9974430002130833,328,K;MG;MRC;ZN
1gli,20260101/pub/pdb/data/structures/divided/mmCIF/gl/1gli.cif.gz,129300,3e55f2c8e6a5710dbd39e2d0285be767,2c87ee44f8887e902705ef7eec502658fe97392584ff76395a34e74ea402bb70,X-RAY DIFFRACTION,63.150,83.590,53.800,90.00,99.34,90.00,P 1 21 1,2.5,,,REL,4685,1,24.233709711846288,5.84,80.25,1.0,110,HEM;PO4
1hdu,20260101/pub/pdb/data/structures/divided/mmCIF/hd/1hdu.cif.gz,262245,d879777ad86658bb878b58a9c2de7849,e24598a9e9b7d9fb15e6aabb92d31213cf0b5e8e6350c0b36deb00e7b6d74e47,X-RAY DIFFRACTION,65.570,60.524,74.410,90.00,97.84,90.00,P 1,1.75,0.198,0.229,,10399,1,15.763294547552618,2.68,73.18,1.0,591,ING;ZN
1hee,20260101/pub/pdb/data/structures/divided/mmCIF/he/1hee.cif.gz,262264,85e1c6bc949769c58c9c5c2ef8c5de26,eefa7bc80ef8e92ad14ef3c3fc201199b8f033461d3eb07ae1607ebbd15ad06a,X-RAY DIFFRACTION,65.570,60.524,74.410,90.00,97.84,90.00,P 1,1.75,0.198,0.229,,10403,1,15.765850235508955,2.68,73.18,1.0,591,LHY;ZN
1npa,20260101/pub/pdb/data/structures/divided/mmCIF/np/1npa.cif.gz,55092,d97ef602a9e2b0bd6d428bd199afa2d8,6963b11dd9732b587c984e1bdf317ea83d0fc058f154f3af2f0c33f30d6b7416,X-RAY DIFFRACTION,58.26,87.46,46.41,90,90,90,P 21 21 21,2,0.183,,,1684,1,23.77191805225652,2.52,180.41,1.0,124,3NH
1npw,20260101/pub/pdb/data/structures/divided/mmCIF/np/1npw.cif.gz,55114,e04c12c9160b8ccbbfb3315bc10d038f,3cbe2b63a611bf6b8f5acf16a5e7af25ea220b78ff9607826295c1e6a7d771f1,X-RAY DIFFRACTION,58.6,87.4,46.7,90,90,90,P 21 21 2,2,0.188,,,1685,1,23.780332344213637,2.52,180.41,1.0,125,LGZ
1nsg,20260101/pub/pdb/data/structures/divided/mmCIF/ns/1nsg.cif.gz,68930,50dd8a10dcc65a7f8110a85a4b6ae408,8a6993a5f5140d673b27fe16f3eec88196767c6f9a69308ee311d75dcdc053a7,X-RAY DIFFRACTION,46.300,52.400,102.000,90.00,90.00,90.00,P 21 21 21,2.2,0.196,0.265,REL,2206,1,13.879174977334552,0.0,59.89,0.8259292837715322,126,RAD
1nv1,20260101/pub/pdb/data/structures/divided/mmCIF/nv/1nv1.cif.gz,85527,5ff5191807405f343cbcac313aa93b81,45341693aeb84ca9a165119e5478cccd7132caf6b323f42bfd9f1185174ff79c,X-RAY DIFFRACTION,53.074,82.829,165.173,90.00,90.00,90.00,I 2 2 2,1.9,0.197,0.255,REL,2736,1,26.212134502923995,5.41,105.03,0.9972916666666666,176,F6P;MG;PO4;TL
1nv5,20260101/pub/pdb/data/structures/divided/mmCIF/nv/1nv5.cif.gz,85666,74edd4437c624dcd0817c8fb8a045b6e,eeaa12211a7227b46c73d5a339dff39b627b617ff2f20e2dfe6c44176cd081c8,X-RAY DIFFRACTION,53.074,82.829,165.173,90.00,90.00,90.00,I 2 2 2,1.9,0.192,0.245,REL,2736,1,26.212134502923995,5.41,105.03,0.9972916666666666,176,F6P;MG;PO4;TL
1o3f,20260101/pub/pdb/data/structures/divided/mmCIF/o3/1o3f.cif.gz,106096,42f263553fa98586de13a4e575dad30b,ee9ada0bba676b5e3eb511dff8bd60b04490138cb9398ef0c8045bba0024f7dd,X-RAY DIFFRACTION,63.70,63.33,69.32,90.0,90.0,90.0,P 21 21 21,1.55,0.187,0.213,REL,3837,1,20.019074798019286,2.13,64.69,0.9411310919989575,450,696;CA;CL
1o3g,20260101/pub/pdb/data/structures/divided/mmCIF/o3/1o3g.cif.gz,106123,e4e702198d48307bd9799c175e901b27,e50ab798055f5e6584465120641d7b29373bb2f6af51a825bd718f6ff082b33f,X-RAY DIFFRACTION,63.72,63.39,69.25,90.0,90.0,90.0,P 21 21 21,1.55,0.181,0.205,REL,3838,1,20.01933038040646,2.13,64.69,0.9411724856696196,450,696;CA;CL
1oh2,20260101/pub/pdb/data/structures/divided/mmCIF/oh/1oh2.cif.gz,253656,99070c56fe2527150a5bb638cc748ff6,252ab50b7951c67fcfe05e4e80240ec755beb1faf0927c8f9cad7ac55064d933,X-RAY DIFFRACTION,111.800,111.800,147.800,90.00,90.00,120.00,P 32,2.4,0.207,0.246,,9717,1,28.288518061129945,3.95,99.99,0.9965205310280837,0,CA
1pad,20260101/pub/pdb/data/structures/divided/mmCIF/pa/1pad.cif.gz,52875,58a0ed6021343250232dcd24d1439132,ead2faf95452f20709ddd87b0196f0b876bb7c56e7d6f594d3e7cf902716e429,X-RAY DIFFRACTION,45.000,104.300,50.800,90.00,90.00,90.00,P 21 21 21,2.8,,,,1717,1,0.0,0.0,0.0,1.0,32,
1po8,20260101/pub/pdb/data/structures/divided/mmCIF/po/1po8.cif.gz,38395,0decaa195065d6f3cc2192ac9a50eb01,8c79bcec7cab17a9f106d823b7b2538e248a743f21573868d9a10a6148cbbaed,X-RAY DIFFRACTION,53.790,53.790,82.500,90.00,90.00,90.00,P 41 21 2,2.71,0.20685,0.23878,,983,1,34.964354018311326,10.62,81.83,1.0,61,NA;SHV
1qu2,20260101/pub/pdb/data/structures/divided/mmCIF/qu/1qu2.cif.gz,257032,51ff3fcf88e69667eb796274495603f6,404ed843b9c35eecf7bd9de9f06b477fa7a3c54eb096a96176595812d368f29b,X-RAY DIFFRACTION,71.000,100.000,186.000,90.00,90.00,90.00,P 21 21 21,2.20,0.2390000,0.2810000,REL,9386,1,39.619128489239195,5.73,99.56,0.9974430002130833,328,K;MG;MRC;ZN
1rah,20260101/pub/pdb/data/structures/divided/mmCIF/ra/1rah.cif.gz,198234,c5cac35c720eea69998d09986e691958,bfab2432c9adc22d12570da28a7972f965cd86b8e95a97b49489b8524df8bc17,X-RAY DIFFRACTION,122.130,122.130,142.510,90.00,90.00,120.00,P 3 2 1,2.5,0.1890000,,,7375,1,25.23297355932201,2.0,94.93,1.0,93,CTP;ZN
1rai,20260101/pub/pdb/data/structures/divided/mmCIF/ra/1rai.cif.gz,196608,f077ca928203e957ad027c5e986c624d,c480548bf31fb6ce32e688088c46188b5c9ecc9d862b50adab0db948056bdb3c,X-RAY DIFFRACTION,122.130,122.130,142.510,90.00,90.00,120.00,P 3 2 1,2.5,0.1820000,,,7310,1,25.768328317373488,2.0,95.16,0.9993160054719562,81,CTP;ZN
1tc8,20260101/pub/pdb/data/structures/divided/mmCIF/tc/1tc8.cif.gz,39389,933fe9c7712e4d635b866957f574dc5c,f4d4766ced64f7643eaa6793b055805a19b8bb0d9f8ef60c3ad95e42742101fe,X-RAY DIFFRACTION,53.790,53.790,82.500,90.00,90.00,90.00,P 41 21 2,2.70,0.204,0.233,,988,1,34.58501012145748,14.47,88.86,1.0,60,NA;TDA
1w20,20260101/pub/pdb/data/structures/divided/mmCIF/w2/1w20.cif.gz,374223,507abc133fa55381cab550ec466a881a,f3f0045ad3d7277ef6f56e4c25a4b69f411995e7725ddf06f640c77efefe8924,X-RAY DIFFRACTION,106.478,73.995,106.465,90.00,90.50,90.00,P 1 21 1,2.08,0.150,0.195,REL,14289,1,20.071671915459522,2.15,97.22,0.9969137098467347,1727,BMA;CA;GOL;MAN;NAG;SIA
1w21,20260101/pub/pdb/data/structures/divided/mmCIF/w2/1w21.cif.gz,374054,e476f0ffae7405983f25d2bdd2e3f74a,53103e80ccb54fb0b84336b9bc93fa28787b9263d7df242f7d7bcb933549335a,X-RAY DIFFRACTION,106.478,73.995,106.465,90.00,90.50,90.00,P 1 21 1,2.08,0.150,0.195,REL,14285,1,20.05959677983906,2.15,97.22,0.9969128456422816,1723,BMA;CA;GOL;MAN;NAG;SIA
1wbh,20260101/pub/pdb/data/structures/divided/mmCIF/wb/1wbh.cif.gz,272956,2286aeb185e6c24cfbabf5080ff33662,a81cf612b0916177d1a81170d44630a29465efbe4377086ff65ed63290560f69,X-RAY DIFFRACTION,54.492,84.244,132.402,90.00,90.00,90.00,P 21 21 21,1.55,0.168,0.217,REL,5440,1,21.088860294117634,7.0,98.46,0.9876838235294118,720,PO4
1wbj,20260101/pub/pdb/data/structures/divided/mmCIF/wb/1wbj.cif.gz,153563,c87b8991c96bacd64f5683945faa875c,c785e73ce35b1c1a7bd83f73ae6328ed3afca81a7c5e96d27658a64b2b34cd97,X-RAY DIFFRACTION,182.045,59.558,67.409,90.00,94.56,90.00,C 1 2 1,1.50,0.179,0.202,REL,5569,1,16.227511222840675,5.11,58.87,0.9905728137906267,533,G3P;NA;PLP
1yyy,20260101/pub/pdb/data/structures/divided/mmCIF/yy/1yyy.cif.gz,62458,7913e19690b164e1ecf44656bca3a529,f0efb51a4a27b74186e97e93b787ead684d649b6938ff9bb4b5854a6463cd9b5,X-RAY DIFFRACTION,63.760,63.140,69.290,90.00,90.00,90.00,P 21 21 21,2.1,0.157,,,1815,1,16.977570247933876,2.26,54.72,0.9788980716253445,157,0KV;CA
1zzz,20260101/pub/pdb/data/structures/divided/mmCIF/zz/1zzz.cif.gz,62648,9c1894c2e79a100499ca7b7c4421575c,e4fff4160dd82d58e3ea6b13249c37f116e1f705f8f59fa0806833dfbb9d3dd7,X-RAY DIFFRACTION,63.670,63.200,69.220,90.00,90.00,90.00,P 21 21 21,1.9,0.157,,,1815,1,17.0162644628099,2.26,54.01,0.9788980716253445,157,0IV;CA
2bsq,20260101/pub/pdb/data/structures/divided/mmCIF/bs/2bsq.cif.gz,213941,8d488e8c44ea896e055ad44d7d6b3d1c,1a1b471ace66d769983949f295f3f9891e3a34296bc6416ed278ea83056fee22,X-RAY DIFFRACTION,75.040,82.403,135.503,90.00,94.19,90.00,P 1 21 1,3.00,0.213,0.271,REL,7910,1,40.02710619469019,5.49,119.51,1.0,45,
2c0a,20260101/pub/pdb/data/structures/divided/mmCIF/c0/2c0a.cif.gz,272242,72eb09671ce1ea8226c5b2ed6f1e60e4,a795bdb400599461b80ba8e111aeb18335122c431a19424a9cd10406265af163,X-RAY DIFFRACTION,54.492,84.244,132.402,90.00,90.00,90.00,P 21 21 21,1.55,0.168,0.217,REL,5457,1,21.181872823895898,7.0,161.96,0.9877221916804105,737,PO4
2clk,20260101/pub/pdb/data/structures/divided/mmCIF/cl/2clk.cif.gz,153491,fe21d06e8039529f69ea4eb16784bb44,d6084302960cad52ba65d217fa759d27d367ae42227cd89d090543d5f17bac94,X-RAY DIFFRACTION,182.045,59.558,67.409,90.00,94.56,90.00,C 1 2 1,1.50,0.179,0.202,REL,5569,1,16.227511222840675,5.11,58.87,0.9905728137906267,533,G3H;NA;PLP
2fap,20260101/pub/pdb/data/structures/divided/mmCIF/fa/2fap.cif.gz,61791,4c43a9296baa9481101f05a7a7643d1d,a0498a930aa4f792a227b30ff7ebd796d6b0c8b18cc8fcea006cd0fc3953881b,X-RAY DIFFRACTION,44.630,52.140,102.530,90.00,90.00,90.00,P 21 21 21,2.2,0.1960000,0.2660000,REL,1829,1,16.740000000000013,2.0,59.89,0.9950792782941498,126,RAD
2gyk,20260101/pub/pdb/data/structures/divided/mmCIF/gy/2gyk.cif.gz,117554,1229aa6bb5b34216c2012f15d7034ff7,8795747a49c366859d6eb3f90327e6b5d7232e27c7891ea37f51033f59b229a1,X-RAY DIFFRACTION,44.903,88.248,52.235,90.000,91.920,90.000,P 1 21 1,1.600,0.185,0.232,REL,4109,1,15.415030421027007,3.77,106.51,0.9907520077877829,686,PO4;ZN
2gzj,20260101/pub/pdb/data/structures/divided/mmCIF/gz/2gzj.cif.gz,117498,2207f41a41fc4965972075dd7f53d47a,6a0d078590e7064840a5c1485d268bb989389dba280e2d6334a5fe58404ab7c9,X-RAY DIFFRACTION,44.903,88.248,52.235,90.000,91.920,90.000,P 1 21 1,1.600,0.185,0.232,REL,4109,1,15.415030421027007,3.77,106.51,0.9907520077877829,686,PO4;ZN
2h1o,20260101/pub/pdb/data/structures/divided/mmCIF/h1/2h1o.cif.gz,212984,3e65463ed08af6ae3ae7140e8aeed083,224d120e2b301fd1a4447fd582e8355e9433bd0ec6c3342d550874fcf0c7d1f1,X-RAY DIFFRACTION,75.040,82.403,135.503,90.00,94.19,90.00,P 1 21 1,3.00,0.212,0.269,REL,7906,1,40.00980268150771,5.49,119.51,1.0,46,
2hqe,20260101/pub/pdb/data/structures/divided/mmCIF/hq/2hqe.cif.gz,80347,4887d97a2d7eb162c6b5268bab5cdf37,6f2b19a204408151247e111cafe85c2b03c3443cd1505b94a922ba4cc8bac7b4,X-RAY DIFFRACTION,49.931,93.413,95.279,90.00,90.00,90.00,P 21 21 21,2.00,0.23338,0.24919,REL,2591,1,28.30829795445772,11.15,62.3,1.0,156,
2mll,20260101/pub/pdb/data/structures/divided/mmCIF/ml/2mll.cif.gz,117105,51de6dfbfd9b04b899a17ce61a59d477,4f3534d96b170758ffdf32472a7b676b4c1993eeb370b4b1e5ffc8a4e42d9199,X-RAY DIFFRACTION,107.648,107.648,311.278,90.00,90.00,120.00,P 65 2 2,2.7,0.251,0.319,,3963,1,58.58748927580074,18.99,80.68,0.9988644965934897,215,NAG
2o4x,20260101/pub/pdb/data/structures/divided/mmCIF/o4/2o4x.cif.gz,76928,66cd8bee1d50e9b5c21fcf61a83c4e61,f34c1d077daba6f0458c5016db76458d2aa621d44119123ff6bfabe119f830f3,X-RAY DIFFRACTION,49.931,93.413,95.279,90.00,90.00,90.00,P 21 21 21,2.00,0.23338,0.24919,,2592,1,28.31356867283949,11.15,62.3,1.0,156,
2pgi,20260101/pub/pdb/data/structures/divided/mmCIF/pg/2pgi.cif.gz,103399,0d2ca879b8824365fdfe7f7e4aba9668,e4029eb722aa252ceef9c17102ec75a3d45cf330b727c435ddce01c0ee9fd260,X-RAY DIFFRACTION,75.100,93.730,171.900,90.00,90.00,90.00,I 2 2 2,2.3,0.1850000,0.2780000,,3698,1,20.840946457544614,4.05,63.89,1.0,184,
2pt2,20260101/pub/pdb/data/structures/divided/mmCIF/pt/2pt2.cif.gz,85627,cd5d157c30484972a06e3dae2a1f0a1d,48140e38d9cb072e244087a919bbf1108e1f6e0e81d499f2df6e3b71ced2c5b1,X-RAY DIFFRACTION,98.307,65.703,50.255,90.000,102.430,90.000,C 1 2 1,2.000,0.175,0.212,REL,2798,1,19.347819871336664,8.04,46.58,0.9991065046461758,318,EDO;FE2;SO4
2qr1,20260101/pub/pdb/data/structures/divided/mmCIF/qr/2qr1.cif.gz,227447,3b166150ca0ccf2aec067828bb3aecdd,fc048bc8c771050196be475b6a0ce8cf58bfa213fb2dc47011324bba95e02771,X-RAY DIFFRACTION,168.293,78.087,108.553,90.00,124.13,90.00,C 1 2 1,2.70,0.20641,0.28945,REL,8544,1,52.844290730336944,29.65,81.83,0.9985369850187266,79,ADP
2qrc,20260101/pub/pdb/data/structures/divided/mmCIF/qr/2qrc.cif.gz,227262,f9dafea6c595f538fcbd3dca6f0ce538,80e8c72f0cd93bef9249096871c0eb05501d99bbb5b1d56cab5ee007b7921cdf,X-RAY DIFFRACTION,168.293,78.087,108.553,90.00,124.13,90.00,C 1 2 1,2.70,0.20641,0.28945,REL,8540,1,52.82979976580782,20.0,81.83,0.9985362997658079,79,ADP;AMP
3f11,20260101/pub/pdb/data/structures/divided/mmCIF/f1/3f11.cif.gz,84354,a10a5c12b28b93d193aa6bceeaba053d,0810adb19f06a8a159696145334e8644d5f1905034a041951f6ad62babc2649c,X-RAY DIFFRACTION,98.307,65.703,50.255,90.00,102.43,90.00,C 1 2 1,2.00,0.175,0.212,REL,2798,1,19.347819871336664,8.04,46.58,0.9991065046461758,318,EDO;FE;SO4
3g9o,20260101/pub/pdb/data/structures/divided/mmCIF/g9/3g9o.cif.gz,117490,d282e1846eaf004be41bf7ded990ab31,c4e05a89f8cd753bf0c2ab49bd0ed232965510dfa5cef3c7e0dede55aa5690eb,X-RAY DIFFRACTION,117.382,38.470,97.039,90.00,123.44,90.00,C 1 2 1,1.65,0.1767,0.2029,REL,1990,1,57.250728643216036,21.73,194.9,1.0,177,ZN
3g9p,20260101/pub/pdb/data/structures/divided/mmCIF/g9/3g9p.cif.gz,117520,fe3a58cdaf85e970b662d2c225af1f1b,575d539f2b1231ff50e91c462966c3863abfa2665ba7e64abe6f9e96caba0b22,X-RAY DIFFRACTION,117.382,38.470,97.039,90.00,123.44,90.00,C 1 2 1,1.652,0.1767,0.2029,REL,1990,1,57.250728643216036,21.73,194.9,1.0,177,ZN
3hhb,20260101/pub/pdb/data/structures/divided/mmCIF/hh/3hhb.cif.gz,126941,39b2a0018f8dfd9c2fa39f7021d7c6ee,022830e647ae27d2a43774aad3941f47e70f3eb7ad80f40674bb149bc95d0035,X-RAY DIFFRACTION,63.150,83.590,53.800,90.00,99.34,90.00,P 1 21 1,1.74,0.2000000,,,4612,1,24.236838681699894,5.84,80.25,1.0,54,HEM;PO4
3lt8,20260101/pub/pdb/data/structures/divided/mmCIF/lt/3lt8.cif.gz,31750,94ed48cb697561faa23582ec09089d3d,6ef60dbc9bd5ede73c34ed18a705e33dfe6ce18a92a46f9570acc1575b30ac92,X-RAY DIFFRACTION,71.461,71.461,55.583,90.00,90.00,120.00,P 32 2 1,2.55,0.178,0.239,REL,664,1,33.46409638554218,17.33,71.42,0.9984939759036144,31,ADP;CL;PEG;ZN
3lt9,20260101/pub/pdb/data/structures/divided/mmCIF/lt/3lt9.cif.gz,31720,088a2044780c0aa0f68a00711baa05ed,4df37f24ca57d7cdab22074366c0e204b60b06b966a8281c9f364a8bd1e84c55,X-RAY DIFFRACTION,71.461,71.461,55.583,90.00,90.00,120.00,P 32 2 1,2.55,0.178,0.239,REL,664,1,33.46409638554218,17.33,71.42,0.9984939759036144,31,ADP;CL;PEG;ZN
3nfn,20260101/pub/pdb/data/structures/divided/mmCIF/nf/3nfn.cif.gz,98509,dc772b2e187886a70a0e26ebf069344f,4d9df7701d96e26af82e2b60d64458ca3420780539275662183f990a25f20fbe,X-RAY DIFFRACTION,161.735,65.062,50.415,90.00,90.23,90.00,C 1 2 1,2.392,0.1882,0.2223,REL,3386,1,38.55745422327232,21.26,102.71,0.9997046662728883,238,
4f2u,20260101/pub/pdb/data/structures/divided/mmCIF/f2/4f2u.cif.gz,83261,1576fb18467a515b1e207f1073a7de6a,154b143978e45eba4cc219fedd000c145914d9714fa1fd194ffff517148a6532,X-RAY DIFFRACTION,86.220,56.119,61.708,90.00,90.00,90.00,P 21 21 21,2.190,0.1580,0.2358,REL,2759,1,34.18927872417548,19.64,79.52,1.0,288,EPE;SO4
4g6d,20260101/pub/pdb/data/structures/divided/mmCIF/g6/4g6d.cif.gz,122745,0b0da0f7ea2e84d0514b5ae59abdac3a,a0dfc498e57f1d80a37bf42634c4cd8dbcd8c222253a44dcdacdd5f697352919,X-RAY DIFFRACTION,38.381,64.724,108.721,90.00,90.00,90.00,P 21 21 21,1.9971,0.2046,0.2426,REL,2151,1,64.7876057647606,29.67,164.56,0.9902370990237099,54,
4g94,20260101/pub/pdb/data/structures/divided/mmCIF/g9/4g94.cif.gz,122428,983e10f6dfec0c68cd0e207c196c7e82,325c5b4f3e9d220a8f28e2fd511b10ba7152cbef17926e3b8bb4a6cb18fa3aab,X-RAY DIFFRACTION,38.381,64.724,108.721,90.00,90.00,90.00,P 21 21 21,1.9971,0.2046,0.2426,REL,2151,1,64.7876057647606,29.67,164.56,0.9902370990237099,54,
4i9m,20260101/pub/pdb/data/structures/divided/mmCIF/i9/4i9m.cif.gz,83242,627fbad78d5c4e647575cbf1b60ca14c,a1d95ed67adbbc12d3d8b6ae3a78e8c64a5971718ebce1a798e4e94a97f61bb2,X-RAY DIFFRACTION,86.220,56.119,61.708,90.00,90.00,90.00,P 21 21 21,2.2,0.1580,0.2358,REL,2759,1,34.18927872417548,19.64,79.52,1.0,288,EPE;SO4
4oor,20260101/pub/pdb/data/structures/divided/mmCIF/oo/4oor.cif.gz,204576,b2a2816c21f2a6c12173f2bfa5e48bf3,8ac1151287868e9da4dd956956878d16691bef3cf89703099c120f210da0ed0f,X-RAY DIFFRACTION,47.472,80.374,115.645,90.000,96.740,90.000,P 1 21 1,2.701,0.1905,0.2326,REL,3685,1,51.070990502035336,13.01,133.9,1.0,53,ZN
4ov7,20260101/pub/pdb/data/structures/divided/mmCIF/ov/4ov7.cif.gz,204534,c891cfd0159f0aae223e0dde66e798ed,e926b08d01d045254fa2d64b0d40350d562e159ed95c39c9fe2c78c3c4443363,X-RAY DIFFRACTION,47.472,80.374,115.645,90.000,96.740,90.000,P 1 21 1,2.701,0.1987,0.2312,REL,3685,1,51.070990502035336,13.01,133.9,1.0,53,ZN
4rrw,20260101/pub/pdb/data/structures/divided/mmCIF/rr/4rrw.cif.gz,931530,5691b34560ec0c6e71d4a9b62b874997,d231048dfe0b562b102190a42d726a52f49902a3f164556cabca3e7d21f40c81,X-RAY DIFFRACTION,215.711,121.047,135.111,90.00,123.20,90.00,C 1 2 1,2.569,0.1841,0.2162,REL,18756,1,49.74214171465111,21.32,131.88,1.0,540,LUR;NAG
4rrz,20260101/pub/pdb/data/structures/divided/mmCIF/rr/4rrz.cif.gz,931751,0f6a96895c3a588b8db9ba6f6f1a7a58,d2613177036850618160e1b3cb30002c29fd060ca264d21a1935724d2f006bd9,X-RAY DIFFRACTION,215.711,121.047,135.111,90.00,123.20,90.00,C 1 2 1,2.569,0.1841,0.2162,REL,18756,1,49.74214171465111,21.32,131.88,1.0,540,LUR;NAG
4y72,20260101/pub/pdb/data/structures/divided/mmCIF/y7/4y72.cif.gz,286782,d093f96fd1dbbc070821f92da8cbb158,827143efcb4d95a5e5ff0bbda6ddfe7533ebf8bfea1fb9d4ab8d8abf07f27816,X-RAY DIFFRACTION,65.166,68.646,166.771,90.000,90.000,90.000,P 21 21 21,2.3000,0.1861,0.2519,REL,5551,1,48.709173121959985,20.26,116.85,0.9967573410196361,368,LZ9
5hgh,20260101/pub/pdb/data/structures/divided/mmCIF/hg/5hgh.cif.gz,100215,b2220d14e8c65ddde242253b9d2bd5fd,ff8252cde7f4ba0bc5b1c9530acc395b4e8e8d83efbda7b5e0600edd0679315d,X-RAY DIFFRACTION,161.735,65.062,50.415,90.00,90.23,90.00,C 1 2 1,2.392,0.1882,0.2223,REL,3386,1,38.55745422327232,21.26,102.71,0.9997046662728883,238,
5hq0,20260101/pub/pdb/data/structures/divided/mmCIF/hq/5hq0.cif.gz,286489,3a1a83eb5db1c2c4c15ff056e542f6c3,89ac8d1db694be04004c4fb2ab863dfcaf5118e8307e7824d6db533cb3393d18,X-RAY DIFFRACTION,65.166,68.646,166.771,90.000,90.000,90.000,P 21 21 21,2.3000,0.1860,0.2518,REL,5551,1,48.70917312196001,20.26,116.85,0.9967573410196361,368,LZ9
5hrf,20260101/pub/pdb/data/structures/divided/mmCIF/hr/5hrf.cif.gz,187154,170d5421a82e0f52dcca0944f2cd8600,0dc4d920dbbc588938bcba651976d830a32e28009db31901b764645300ac085f,X-RAY DIFFRACTION,58.706,75.441,108.450,90.00,90.00,90.00,P 21 21 21,2.25,0.21216,0.26325,REL,3274,1,51.40141111789873,26.21,160.42,1.0,79,DGT;MN;SO4
5mlb,20260101/pub/pdb/data/structures/divided/mmCIF/ml/5mlb.cif.gz,514902,44f71c299e184605acf84c062d7ca1d1,5968de60a7b21d0b3ab788e179db52014a6f5bec1adc1d2201a32b15b69d9b07,X-RAY DIFFRACTION,197.140,197.140,84.610,90.00,90.00,120.00,P 65,3.22,0.20096,0.23537,REL,9902,1,83.54482528782094,11.38,179.2,0.9979802060189861,59,GDP;MG
5o2s,20260101/pub/pdb/data/structures/divided/mmCIF/o2/5o2s.cif.gz,514941,685d8b6a5dba6475667609b6b5639fe8,8437988492751467f45bccf59e32f40df7ea71c537698072acfa71b48df2c725,X-RAY DIFFRACTION,197.140,197.140,84.610,90.00,90.00,120.00,P 65,3.22,0.20096,0.23537,REL,9902,1,83.54482528782094,11.38,179.2,0.9979802060189861,59,GDP;MG
5pad,20260101/pub/pdb/data/structures/divided/mmCIF/pa/5pad.cif.gz,52855,9f09319cc8a79ba4f24f4ed4b8d68df2,734e7e717e8bc9c32eb363d24e600f1d587fa695eff0ee2f40e08070c4a0b892,X-RAY DIFFRACTION,45.000,104.300,50.800,90.00,90.00,90.00,P 21 21 21,2.8,,,,1715,1,0.0,0.0,0.0,1.0,30,
6ebe,20260101/pub/pdb/data/structures/divided/mmCIF/eb/6ebe.cif.gz,121696,93d0d8e45861bfbc5492efa1efcfc75a,f2cde7402eb1a809c9b2205028557b29317bfb0243399829871088fe6cddfd24,X-RAY DIFFRACTION,42.861,41.811,72.909,90.000,104.560,90.000,P 1 21 1,1.880,0.1682,0.2277,REL,2119,1,23.974242567248638,7.66,90.56,1.0,41,J3V;ZN
6eda,20260101/pub/pdb/data/structures/divided/mmCIF/ed/6eda.cif.gz,121719,0d8eba1bbe18f8cd0b411f830b700c40,ac8bfa12531e84237841b7b647a6122181ff5224d92e046487fad88447a7809c,X-RAY DIFFRACTION,42.861,41.811,72.909,90.000,104.560,90.000,P 1 21 1,1.8790,0.1682,0.2277,REL,2119,1,23.974242567248638,7.66,90.56,1.0,41,J3V;ZN
6jy7,20260101/pub/pdb/data/structures/divided/mmCIF/jy/6jy7.cif.gz,76178,870e3f6a0a3aae7a78f6f9d3b6425124,232b4f240825d94fbd290f36676abe4b39ece9e6683904e65c9f4cdc0e0d9e06,X-RAY DIFFRACTION,102.633,48.937,69.219,90.00,110.03,90.00,C 1 2 1,1.8,0.1670,0.1895,REL,2315,1,22.711421166306714,4.52,105.35,1.0,93,CL;OLA;RET
6jy9,20260101/pub/pdb/data/structures/divided/mmCIF/jy/6jy9.cif.gz,76182,93f8339fd0505507ab7a9e09f425d627,e616de39a162d85b3e8008236af308723d0cf2112e964fa7de887dcc29b92887,X-RAY DIFFRACTION,102.633,48.937,69.219,90.00,110.03,90.00,C 1 2 1,1.9,0.1670,0.1895,REL,2315,1,22.711421166306714,4.52,105.35,1.0,93,CL;OLA;RET
6lyz,20260101/pub/pdb/data/structures/divided/mmCIF/ly/6lyz.cif.gz,42592,e96c71edeab75b56baec87a7f57ef01e,bc2805c8a580889a8ffa88c95245400b9c05f476496af4e04f87ff87f74e1a4d,X-RAY DIFFRACTION,79.100,79.100,37.900,90.00,90.00,90.00,P 43 21 2,2.0,,,,1102,1,6.279473684210528,0.25,19.88,0.9995462794918331,101,
6oti,20260101/pub/pdb/data/structures/divided/mmCIF/ot/6oti.cif.gz,121967,6ba3cb06e81f1128e7c18836399d9fbc,dfae6f127e3504eaf830b5b0bfbd0d54251dd0ba7f03ab222f599cb6eb8f35a6,X-RAY DIFFRACTION,42.503,41.603,72.490,90.000,103.450,90.000,P 1 21 1,2.0000,0.1990,0.2543,REL,2109,1,27.392280701754427,4.36,91.41,1.0,36,N84;TRS;ZN
6pad,20260101/pub/pdb/data/structures/divided/mmCIF/pa/6pad.cif.gz,52964,4ec4d0569b12ce8f48be87a12eb00107,fdfe7c489dff9ad4123f4900fcb9a390252e1122bb2784352c9a972625d7549d,X-RAY DIFFRACTION,45.000,104.300,50.800,90.00,90.00,90.00,P 21 21 21,2.8,,,,1712,1,0.0,0.0,0.0,1.0,30,0PC
6vb4,20260101/pub/pdb/data/structures/divided/mmCIF/vb/6vb4.cif.gz,100763,1d922a0a314040da8c6617e872a6d873,9720b753dc3f99f11f438cdf40a9c853992dffa1eabd6c7843674242f0e330bb,X-RAY DIFFRACTION,51.359,81.572,111.072,90.000,90.000,90.000,P 21 21 21,2.3340,0.1762,0.2433,REL,3408,1,36.11066901408457,14.91,89.34,0.9967723004694836,243,ACT;EDO
6viu,20260101/pub/pdb/data/structures/divided/mmCIF/vi/6viu.cif.gz,100705,30ccbafcb6cfbdc323f25d9838d42ffb,7297741eccefd9ef4ca78c4a14fa7c46558d4e735b64fa4a6a7e0a0600ff3a0e,X-RAY DIFFRACTION,51.359,81.572,111.072,90.000,90.000,90.000,P 21 21 21,2.3340,0.1762,0.2433,REL,3406,1,36.09846741045221,14.91,89.34,0.9967704051673517,242,ACT;EDO
6xk7,20260101/pub/pdb/data/structures/divided/mmCIF/xk/6xk7.cif.gz,116587,3f430cd17acfcb492cbda4545854a35a,25bd5b96be857f0886d106b255aaaaf504eb10657a520ba20dceb8d1b34c01c4,X-RAY DIFFRACTION,80.887,94.820,61.924,90.000,90.000,90.000,P 21 21 2,1.85,0.1961,0.2423,REL,3143,1,47.78243996500155,27.68369,113.12716,0.9998409163219854,109,CL;GOL;HEM;POL;V5G
6xmc,20260101/pub/pdb/data/structures/divided/mmCIF/xm/6xmc.cif.gz,116599,391cbab23ca6a14e8bd3672361d06b0a,81010d335ac82c8eb1ca89aba9f3951551ba9d8508aba296276f54f38ca46ed3,X-RAY DIFFRACTION,80.887,94.820,61.924,90.000,90.000,90.000,P 21 21 2,1.85,0.1961,0.2423,REL,3143,1,47.78243996500155,27.68369,113.12716,0.9998409163219854,109,CL;GOL;HEM;POL;V5G
7cjn,20260101/pub/pdb/data/structures/divided/mmCIF/cj/7cjn.cif.gz,70983,89841bde155f8bca5e2f5456f01b227c,126eac53b033e9ad88dd880aff6541fae7af7a38fd9ba8331fdc733ba6df2bd4,X-RAY DIFFRACTION,83.090,83.090,302.931,90.000,90.000,120.000,P 65 2 2,2.66,0.3779,0.4123,REL,1850,1,39.86232639459454,11.28408,109.09186,1.0,0,
7d9m,20260101/pub/pdb/data/structures/divided/mmCIF/d9/7d9m.cif.gz,71404,6f13cb218aafc1fb1d2fd5a9f9ae5187,93e914c6fbc21c0636195d93f044158ff153d525492c69bd4c019e64ee2685f8,X-RAY DIFFRACTION,83.090,83.090,302.931,90.000,90.000,120.000,P 65 2 2,2.66,0.3773,0.4117,REL,1850,1,39.86232639459454,11.28408,109.09186,1.0,0,
7kc9,20260101/pub/pdb/data/structures/divided/mmCIF/kc/7kc9.cif.gz,534334,9c16fe8616756bc4424cbfedceb19368,0ec604e3051b1dbfb2dd49a22b4e791ecfdc0946c1fe29308767c8492aca154e,X-RAY DIFFRACTION,44.345,77.438,101.577,89.970,90.180,89.980,P 1,2.3010,0.1870,0.2377,REL,10550,1,40.89786445497634,12.51,147.07,0.9987677725118483,606,CL;ZN
7kdm,20260101/pub/pdb/data/structures/divided/mmCIF/kd/7kdm.cif.gz,534145,c3c4df0f077c260b6bff75bcdad371bd,c0a52fb122cfe3c676422a3d205406503d010b4d9d18c422e8d6023d0c985076,X-RAY DIFFRACTION,44.345,77.438,101.577,89.970,90.180,89.980,P 1,2.3010,0.1870,0.2377,REL,10550,1,40.89786445497634,12.51,147.07,0.9987677725118483,606,CL;ZN
7wvd,20260101/pub/pdb/data/structures/divided/mmCIF/wv/7wvd.cif.gz,872763,4a62c7b543e663eb79eb4d962b4e750c,920d3a6769acd8fbccf9a41c49a1d1c6d572bb37a5121c05ac8b887d9c27dcb6,X-RAY DIFFRACTION,91.662,120.990,129.759,90.000,107.730,90.000,P 1 21 1,3.39,0.2212,0.2614,REL,15126,1,67.55182610736493,16.86169,204.42231,1.0,0,NAG
7wvi,20260101/pub/pdb/data/structures/divided/mmCIF/wv/7wvi.cif.gz,389990,51125eb9784c9c006b2dcd526221a093,d07af25bd6574fe0947b26d44d04e05bcf0bc920380fa7bb89feb1680ae8a1ac,X-RAY DIFFRACTION,76.560,86.361,82.895,90.000,105.290,90.000,P 1 21 1,2.48,0.1949,0.2298,REL,6897,1,35.532962556183755,14.3429,193.34398,1.0,269,
8d75,20260101/pub/pdb/data/structures/divided/mmCIF/d7/8d75.cif.gz,46497,89094b34acdc3b6697e270614b04d722,8ec6e9e17f96ea79ffdfad3de460b5137e3e8d23c3322ed3f2552c96738109dd,X-RAY DIFFRACTION,79.110,79.110,37.176,90.000,90.000,90.000,P 43 21 2,1.5,0.1669,0.2016,REL,1164,1,10.505750859106534,3.232,42.436,0.9995704467353952,143,CL;GOL;NA
8d77,20260101/pub/pdb/data/structures/divided/mmCIF/d7/8d77.cif.gz,46506,2dd963fd10ea34731b45fcad434b7e26,5b36751eebe65ad0fa1859d3c10f065d9853db52e05ed47405932e5bc9b61c06,X-RAY DIFFRACTION,79.110,79.110,37.176,90.000,90.000,90.000,P 43 21 2,1.5,0.1669,0.2016,REL,1164,1,10.505750859106534,3.232,42.436,0.9995704467353952,143,CL;GOL;NA
8fr1,20260101/pub/pdb/data/structures/divided/mmCIF/fr/8fr1.cif.gz,121658,0c20595f88319a20eedc686ae5eb1cf4,b470d910be37106e379d02a197612fbbab1880bb83d8af63f7c75d507546513d,X-RAY DIFFRACTION,42.503,41.603,72.490,90.00,103.45,90.00,P 1 21 1,2.000,0.1990,0.2543,REL,2109,1,27.392280701754427,4.36,91.41,1.0,36,N84;TRS;ZN
8gv4,20260101/pub/pdb/data/structures/divided/mmCIF/gv/8gv4.cif.gz,390412,a94ed7fa0c22e38f96caff4d4dca2c5f,5afd3fb3ca913fae57bc0409ddef00b707d8374d67436cfcd8a7b3a1853ab581,X-RAY DIFFRACTION,76.560,86.361,82.895,90.000,105.290,90.000,P 1 21 1,2.5,0.1949,0.2298,REL,6897,1,35.532962556183755,14.3429,193.34398,1.0,269,
8gv6,20260101/pub/pdb/data/structures/divided/mmCIF/gv/8gv6.cif.gz,872303,fe4252f5b5901f4089971ccac012075c,3e67bc54280c1e74b736cdf6739d0f169c4dfc49dc1cdc58f0f89d1924cf6c01,X-RAY DIFFRACTION,91.662,120.990,129.759,90.000,107.730,90.000,P 1 21 1,3.40,0.2212,0.2614,REL,15123,1,67.54314028235152,16.86169,204.42231,1.0,0,NAG
8ild,20260101/pub/pdb/data/structures/divided/mmCIF/il/8ild.cif.gz,187725,f360478ca92b91acc71790534ea5379c,64600eba1e978a4c261701f06c9dc79ae3c7b22c7bfb2a700b15910f668dfe57,X-RAY DIFFRACTION,58.706,75.441,108.450,90.00,90.00,90.00,P 21 21 21,2.25,0.21216,0.26325,REL,3270,1,51.38925076452613,26.21,160.42,1.0,75,DGT;MN;SO4
8ju4,20260101/pub/pdb/data/structures/divided/mmCIF/ju/8ju4.cif.gz,194770,45297462e3fc33a52dbff12811b72ada,5e4778188f735f875fac05e2bba622a38b62e08ab6aa76c1e838afd8ecfdc959,X-RAY DIFFRACTION,118.890,118.890,118.610,90.000,90.000,120.000,P 31 1 2,2.300,0.1917,0.2229,REL,7674,1,58.15470419598614,37.1,269.83,0.9783685170706281,4,ANB;FAD
8k7o,20260101/pub/pdb/data/structures/divided/mmCIF/k7/8k7o.cif.gz,104369,3305622f669f2ff2fb2fafcdd7eef305,ccdc9d5ca8d13ba5c14c47c1de9a511b20cfce16f961cd98b7c8c3b8440335fb,X-RAY DIFFRACTION,86.500,33.469,71.772,90.00,91.89,90.00,C 1 2 1,1.70,0.2061,0.2461,REL,1825,1,42.195786301369886,17.14,118.26,0.9997260273972602,108,
8k8f,20260101/pub/pdb/data/structures/divided/mmCIF/k8/8k8f.cif.gz,99284,dc63b2df03ef75d8274f638cd12ee81e,16031ebabb3a0a775cb2f192c59d6b8585414094be920457d3c55d84cf02217c,X-RAY DIFFRACTION,72.427,72.427,33.677,90.000,90.000,90.000,P 4,1.45,0.2010,0.2301,REL,1443,1,24.387276569646613,13.44343,49.54179,0.9993797643797644,137,GOL
8kcj,20260101/pub/pdb/data/structures/divided/mmCIF/kc/8kcj.cif.gz,98974,fb43a8e77db2eabb68fad85457b23d18,7dacd659d2d93677a1b43c15b50ab170fb46f444a040a6a22e48e9345b730d21,X-RAY DIFFRACTION,72.427,72.427,33.677,90.000,90.000,90.000,P 4,1.45,0.2010,0.2301,REL,1443,1,24.387276569646613,13.44343,49.54179,0.9993797643797644,137,GOL
8kcz,20260101/pub/pdb/data/structures/divided/mmCIF/kc/8kcz.cif.gz,116751,10140bffb7c2a88e33c20531ed4067bf,45d360f64f1a3c2da304a4d2c6d48efa9c540ead300d78ad3576cd8c2272c849,X-RAY DIFFRACTION,118.890,118.890,118.610,90.00,90.00,120.00,P 31 1 2,2.30,0.19166,0.22291,REL,3920,1,58.05291581632654,37.1,269.83,1.0,4,ANB;FAD
8kdq,20260101/pub/pdb/data/structures/divided/mmCIF/kd/8kdq.cif.gz,104753,2c5273531e340ed25588d1e82418f25f,c514a1223362de4b88e96ef1604b508e41b6f8b7242999452811cb80e8066400,X-RAY DIFFRACTION,86.500,33.469,71.772,90.00,91.89,90.00,C 1 2 1,1.70,0.2061,0.2461,REL,1825,1,42.195786301369886,17.14,118.26,0.9997260273972602,108,
8qvs,20260101/pub/pdb/data/structures/divided/mmCIF/qv/8qvs.cif.gz,216394,92b15ee0e4236d0696e32f9ac95da65d,b28a2d9e44faa8ebdb8625779a2fb68ab6271653156304e2c15a02a7e238be63,X-RAY DIFFRACTION,232.078,74.700,91.350,90.00,112.21,90.00,C 1 2 1,2.34,0.19262,0.23277,REL,8325,1,41.22781741741747,21.97,157.4,1.0,196,SO4
8qvv,20260101/pub/pdb/data/structures/divided/mmCIF/qv/8qvv.cif.gz,216868,ded59d4a7011a9cafbb3cbc36841fa48,6fdcefb46ff5ba8f5c13c8a170e5ea12d76d2571aca37977257fc3ffc35b6319,X-RAY DIFFRACTION,232.078,74.700,91.350,90.00,112.21,90.00,C 1 2 1,2.34,0.19262,0.23277,REL,8325,1,41.22781741741747,21.97,157.4,1.0,196,SO4
8xix,20260101/pub/pdb/data/structures/divided/mmCIF/xi/8xix.cif.gz,130297,2ad02880e98b76229a4a700438d6fabf,88bfba7a23e9d58fd2f0f1baa821ec2c29a99235c4695eac87d797db066b8b2a,X-RAY DIFFRACTION,119.310,119.310,47.870,90.00,90.00,90.00,P 43 21 2,2.16,0.20299,0.25477,REL,2391,1,33.33457967377668,19.11,64.14,1.0,72,
8xj1,20260101/pub/pdb/data/structures/divided/mmCIF/xj/8xj1.cif.gz,130354,be7e0e56224794d4640336adc26cf08f,96aa2ed927cdaaaf79d20445d3aa05fa6ca9c524df692289f24c3efe535d2d65,X-RAY DIFFRACTION,119.310,119.310,47.870,90.00,90.00,90.00,P 43 21 2,2.16,0.20299,0.25477,REL,2391,1,33.33457967377668,19.11,64.14,1.0,72,
9awv,20260101/pub/pdb/data/structures/divided/mmCIF/aw/9awv.cif.gz,62314,d0cb0e67e965198a052f72482b720a06,4f0e5d7c97463e0826aa0bbcf322b305297a986930da628bdfe8d57171c4e3d7,X-RAY DIFFRACTION,54.214,57.413,66.567,90.000,90.000,90.000,P 21 21 21,1.484,0.2164,0.2446,REL,1719,1,19.93728621291452,8.87,75.787,1.0,80,BEN;CA
9awz,20260101/pub/pdb/data/structures/divided/mmCIF/aw/9awz.cif.gz,61347,43b7a387bae469fc1de8c317a5ca3841,8ae258cb8395b97ab23be05ac22f7387c04e6d23b720524b8af1a37a338874e4,X-RAY DIFFRACTION,54.327,57.396,67.336,90.000,90.000,90.000,P 21 21 21,1.488,0.1861,0.2261,REL,1719,1,19.93728621291452,8.87,75.787,1.0,80,BEN;CA
9eur,20260101/pub/pdb/data/structures/divided/mmCIF/eu/9eur.cif.gz,126942,50f1e3b6bfdea105259681b24acd727f,2a6949a3029b29ff4f744e83602bc2fcc5ae9f608cde4738715374ad690da1de,X-RAY DIFFRACTION,44.979,53.68,113.957,90,100.819,90,I 1 2 1,2.113,0.2102,0.2806,REL,4554,1,63.5049609134828,34.543,206.807,0.9998902064119456,26,
9ewn,20260101/pub/pdb/data/structures/divided/mmCIF/ew/9ewn.cif.gz,126940,9aefeddbe52390eb1885f47fb725ffd8,3403f56c637ee6fac587ae2973efc8d82b3b781a0cf180393001f15be5a45fe8,X-RAY DIFFRACTION,44.979,53.68,113.957,90,100.819,90,I 1 2 1,2.113,0.2102,0.2806,REL,4554,1,63.5049609134828,34.543,206.807,0.9998902064119456,26,
9lyz,20260101/pub/pdb/data/structures/divided/mmCIF/ly/9lyz.cif.gz,43660,54b9a1ff6be24992241ce17faeab55e8,3d898a2b658fa4d890dee9fe30e20b7bebbca80c51f9c87b5c218c3163670024,X-RAY DIFFRACTION,78.970,78.970,38.250,90.00,90.00,90.00,P 43 21 2,2.50,0.230,,,1155,1,5.991324675324677,0.0,19.88,0.9995670995670995,101,
