length_component_id,parent_review_group_id,retained_residue_count,left_pdb_id,right_pdb_id,chain_pair_count,minimum_d_bri_mA,maximum_d_bri_mA
M0001_C001,NZ0001,1,148l,4jna,1,4,4
M0001_C001,NZ0001,1,148l,6wuu,1,10,10
M0001_C001,NZ0001,1,148l,8ti6,1,8,8
M0001_C001,NZ0001,1,148l,9ex5,1,4,4
M0001_C001,NZ0001,1,1a07,8vje,1,6,6
M0001_C001,NZ0001,1,1a08,1a1a,1,6,6
M0001_C001,NZ0001,1,1a08,1hhc,1,10,10
M0001_C001,NZ0001,1,1a08,3ah8,1,8,8
M0001_C001,NZ0001,1,1a08,4y6v,1,10,10
M0001_C001,NZ0001,1,1a08,5d5e,1,9,9
M0001_C001,NZ0001,1,1a08,6psa,1,7,7
M0001_C001,NZ0001,1,1a08,6tdb,1,10,10
M0001_C001,NZ0001,1,1a08,6wx4,1,10,10
M0001_C001,NZ0001,1,1a08,7new,1,10,10
M0001_C001,NZ0001,1,1a08,7u0e,1,10,10
M0001_C001,NZ0001,1,1a08,7z3u,1,7,7
M0001_C001,NZ0001,1,1a08,8s9z,1,6,6
M0001_C001,NZ0001,1,1a08,9ehn,1,8,8
M0001_C001,NZ0001,1,1a08,9emz,1,10,10
M0001_C001,NZ0001,1,1a09,1hh3,1,7,7
M0001_C001,NZ0001,1,1a09,1hhc,1,9,9
M0001_C001,NZ0001,1,1a09,1hhz,1,10,10
M0001_C001,NZ0001,1,1a09,1sho,1,8,8
M0001_C001,NZ0001,1,1a09,4ttk,1,4,4
M0001_C001,NZ0001,1,1a09,6cnu,1,4,4
M0001_C001,NZ0001,1,1a09,8pwj,1,9,9
M0001_C001,NZ0001,1,1a09,9ex5,1,9,9
M0001_C001,NZ0001,1,1a1a,1a1c,2,7,10
M0001_C001,NZ0001,1,1a1a,1t6o,1,9,9
M0001_C001,NZ0001,1,1a1a,3g3p,1,9,9
M0001_C001,NZ0001,1,1a1a,3rc0,1,8,8
M0001_C001,NZ0001,1,1a1a,4gr7,1,10,10
M0001_C001,NZ0001,1,1a1a,4o46,1,10,10
M0001_C001,NZ0001,1,1a1a,5etf,1,8,8
M0001_C001,NZ0001,1,1a1a,6e8m,1,8,8
M0001_C001,NZ0001,1,1a1a,6fcs,1,10,10
M0001_C001,NZ0001,1,1a1a,6fms,1,10,10
M0001_C001,NZ0001,1,1a1a,7axs,1,8,8
M0001_C001,NZ0001,1,1a1a,8ano,1,10,10
M0001_C001,NZ0001,1,1a1a,8vjw,1,9,9
M0001_C001,NZ0001,1,1a1a,9i24,1,10,10
M0001_C001,NZ0001,1,1a1b,1go6,1,8,8
M0001_C001,NZ0001,1,1a1b,1hhf,2,6,8
M0001_C001,NZ0001,1,1a1b,4dg4,1,9,9
M0001_C001,NZ0001,1,1a1b,4ucb,1,7,7
M0001_C001,NZ0001,1,1a1b,5m2h,1,10,10
M0001_C001,NZ0001,1,1a1b,6wuu,1,10,10
M0001_C001,NZ0001,1,1a1b,7lkc,1,6,6
M0001_C001,NZ0001,1,1a1b,8pxy,1,10,10
M0001_C001,NZ0001,1,1a1c,1sho,1,10,10
M0001_C001,NZ0001,1,1a1c,1t6o,1,9,9
M0001_C001,NZ0001,1,1a1c,3che,1,9,9
M0001_C001,NZ0001,1,1a1c,3g3p,1,2,2
M0001_C001,NZ0001,1,1a1c,3l35,1,6,6
M0001_C001,NZ0001,1,1a1c,3rc0,1,5,5
M0001_C001,NZ0001,1,1a1c,3s8l,1,7,7
M0001_C001,NZ0001,1,1a1c,4fln,1,10,10
M0001_C001,NZ0001,1,1a1c,4gr7,1,10,10
M0001_C001,NZ0001,1,1a1c,4o46,1,9,9
M0001_C001,NZ0001,1,1a1c,4qg1,1,5,5
M0001_C001,NZ0001,1,1a1c,4uca,1,7,7
M0001_C001,NZ0001,1,1a1c,5dir,1,9,9
M0001_C001,NZ0001,1,1a1c,5etf,1,5,5
M0001_C001,NZ0001,1,1a1c,6e8m,1,7,7
M0001_C001,NZ0001,1,1a1c,6fcs,1,8,8
M0001_C001,NZ0001,1,1a1c,6fms,1,6,6
M0001_C001,NZ0001,1,1a1c,6g8k,1,6,6
M0001_C001,NZ0001,1,1a1c,7axs,1,7,7
M0001_C001,NZ0001,1,1a1c,8ano,1,4,4
M0001_C001,NZ0001,1,1a1c,8aoo,1,10,10
M0001_C001,NZ0001,1,1a1c,8sou,1,6,6
M0001_C001,NZ0001,1,1a1c,8t5p,1,9,9
M0001_C001,NZ0001,1,1a1c,8vjw,1,2,2
M0001_C001,NZ0001,1,1a1e,8hop,1,9,9
M0001_C001,NZ0001,1,1a1e,8vjd,1,10,10
M0001_C001,NZ0001,1,1a7z,7ajz,1,4,4
M0001_C001,NZ0001,1,1a7z,7aku,1,9,9
M0001_C001,NZ0001,1,1a7z,7zb0,1,9,9
M0001_C001,NZ0001,1,1aa5,1ghg,1,10,10
M0001_C001,NZ0001,1,1aa5,1qd8,1,7,7
M0001_C001,NZ0001,1,1aa5,4jj8,1,4,4
M0001_C001,NZ0001,1,1aa5,4knl,1,5,5
M0001_C001,NZ0001,1,1aa5,5b6l,1,3,3
M0001_C001,NZ0001,1,1aa5,5dir,1,7,7
M0001_C001,NZ0001,1,1aa5,5efk,1,8,8
M0001_C001,NZ0001,1,1aa5,6fms,3,6,7
M0001_C001,NZ0001,1,1aa5,7axp,1,9,9
M0001_C001,NZ0001,1,1aa5,7lkc,1,10,10
M0001_C001,NZ0001,1,1aa5,7nxe,1,3,3
M0001_C001,NZ0001,1,1axd,1zea,1,8,8
M0001_C001,NZ0001,1,1axd,2xdw,1,8,8
M0001_C001,NZ0001,1,1axd,7f0f,1,7,7
M0001_C001,NZ0001,1,1axd,7ofv,1,5,5
M0001_C001,NZ0001,1,1axd,9qbe,1,5,5
M0001_C001,NZ0001,1,1bx9,1ghg,1,10,10
M0001_C001,NZ0001,1,1bx9,3e7a,1,6,6
M0001_C001,NZ0001,1,1bx9,6df1,1,10,10
M0001_C001,NZ0001,1,1bx9,7axp,1,10,10
M0001_C001,NZ0001,1,1bx9,7lfu,1,9,9
M0001_C001,NZ0001,1,1bx9,9j3s,1,7,7
M0001_C001,NZ0001,1,1c0q,1go6,1,10,10
M0001_C001,NZ0001,1,1c0q,1hhz,1,9,9
M0001_C001,NZ0001,1,1c0q,3uw4,1,9,9
M0001_C001,NZ0001,1,1c0q,6wm1,1,9,9
M0001_C001,NZ0001,1,1c0r,1go6,2,6,10
M0001_C001,NZ0001,1,1c0r,2r5d,1,6,6
M0001_C001,NZ0001,1,1c0r,3mbu,1,9,9
M0001_C001,NZ0001,1,1c0r,3mgn,1,10,10
M0001_C001,NZ0001,1,1c0r,5nf0,1,10,10
M0001_C001,NZ0001,1,1c0r,8g82,1,9,9
M0001_C001,NZ0001,1,1c0r,8s6t,1,10,10
M0001_C001,NZ0001,1,1czi,1eyx,1,10,10
M0001_C001,NZ0001,1,1czi,1fvm,1,6,6
M0001_C001,NZ0001,1,1czi,1hhz,1,9,9
M0001_C001,NZ0001,1,1czi,2r5b,1,9,9
M0001_C001,NZ0001,1,1czi,3che,1,9,9
M0001_C001,NZ0001,1,1czi,3chf,1,4,4
M0001_C001,NZ0001,1,1czi,3s8l,1,8,8
M0001_C001,NZ0001,1,1czi,4gr7,1,8,8
M0001_C001,NZ0001,1,1czi,4o46,1,6,6
M0001_C001,NZ0001,1,1czi,5etf,1,10,10
M0001_C001,NZ0001,1,1czi,5mfk,1,8,8
M0001_C001,NZ0001,1,1czi,5tdb,1,9,9
M0001_C001,NZ0001,1,1czi,6fcs,1,7,7
M0001_C001,NZ0001,1,1czi,6g8k,1,9,9
M0001_C001,NZ0001,1,1czi,6tdb,1,9,9
M0001_C001,NZ0001,1,1czi,6wuu,1,4,4
M0001_C001,NZ0001,1,1czi,7u0e,1,10,10
M0001_C001,NZ0001,1,1czi,8vpe,1,10,10
M0001_C001,NZ0001,1,1d5x,1mcr,1,10,10
M0001_C001,NZ0001,1,1eb1,6fcr,1,2,2
M0001_C001,NZ0001,1,1eyx,1ghg,1,9,9
M0001_C001,NZ0001,1,1eyx,1hhz,1,9,9
M0001_C001,NZ0001,1,1eyx,1t6o,1,8,8
M0001_C001,NZ0001,1,1eyx,3qxy,1,5,5
M0001_C001,NZ0001,1,1eyx,3s8l,1,10,10
M0001_C001,NZ0001,1,1eyx,4dg4,1,6,6
M0001_C001,NZ0001,1,1eyx,4gr7,1,7,7
M0001_C001,NZ0001,1,1eyx,4o46,1,8,8
M0001_C001,NZ0001,1,1eyx,4z33,1,5,5
M0001_C001,NZ0001,1,1eyx,4zkr,1,4,4
M0001_C001,NZ0001,1,1eyx,5mfk,1,6,6
M0001_C001,NZ0001,1,1eyx,5nwk,1,4,4
M0001_C001,NZ0001,1,1eyx,5tdb,1,7,7
M0001_C001,NZ0001,1,1eyx,6fcs,1,9,9
M0001_C001,NZ0001,1,1eyx,6fvn,2,4,5
M0001_C001,NZ0001,1,1eyx,6tdb,1,5,5
M0001_C001,NZ0001,1,1eyx,6wuu,1,6,6
M0001_C001,NZ0001,1,1eyx,7new,1,8,8
M0001_C001,NZ0001,1,1eyx,7u0e,1,8,8
M0001_C001,NZ0001,1,1eyx,8vjw,1,5,5
M0001_C001,NZ0001,1,1eyx,8vpe,1,4,4
M0001_C001,NZ0001,1,1eyx,8ysa,1,6,6
M0001_C001,NZ0001,1,1fvm,2r3c,2,8,8
M0001_C001,NZ0001,1,1fvm,2r5b,1,10,10
M0001_C001,NZ0001,1,1fvm,3azq,4,6,10
M0001_C001,NZ0001,1,1fvm,3che,1,4,4
M0001_C001,NZ0001,1,1fvm,3chf,1,10,10
M0001_C001,NZ0001,1,1fvm,3h5r,1,10,10
M0001_C001,NZ0001,1,1fvm,3s8l,1,8,8
M0001_C001,NZ0001,1,1fvm,4cvk,1,7,7
M0001_C001,NZ0001,1,1fvm,4fzg,1,10,10
M0001_C001,NZ0001,1,1fvm,4gk7,1,7,7
M0001_C001,NZ0001,1,1fvm,4o46,1,9,9
M0001_C001,NZ0001,1,1fvm,4s1x,1,10,10
M0001_C001,NZ0001,1,1fvm,4uca,1,7,7
M0001_C001,NZ0001,1,1fvm,4ucb,1,9,9
M0001_C001,NZ0001,1,1fvm,6fcs,1,9,9
M0001_C001,NZ0001,1,1fvm,6rlz,1,6,6
M0001_C001,NZ0001,1,1fvm,6wuu,1,8,8
M0001_C001,NZ0001,1,1fvm,8t5p,1,10,10
M0001_C001,NZ0001,1,1fvm,9qby,3,4,7
M0001_C001,NZ0001,1,1ghg,1go6,2,9,10
M0001_C001,NZ0001,1,1ghg,1rrv,1,10,10
M0001_C001,NZ0001,1,1ghg,1t6o,1,7,7
M0001_C001,NZ0001,1,1ghg,3azq,1,9,9
M0001_C001,NZ0001,1,1ghg,3h9q,1,6,6
M0001_C001,NZ0001,1,1ghg,3ove,1,10,10
M0001_C001,NZ0001,1,1ghg,3qxy,1,8,8
M0001_C001,NZ0001,1,1ghg,3s8o,1,9,9
M0001_C001,NZ0001,1,1ghg,4dg4,1,5,5
M0001_C001,NZ0001,1,1ghg,4f75,1,10,10
M0001_C001,NZ0001,1,1ghg,4jj8,1,10,10
M0001_C001,NZ0001,1,1ghg,4jna,2,7,10
M0001_C001,NZ0001,1,1ghg,4knl,1,7,7
M0001_C001,NZ0001,1,1ghg,4z33,1,8,8
M0001_C001,NZ0001,1,1ghg,4zkr,1,8,8
M0001_C001,NZ0001,1,1ghg,5lrk,1,9,9
M0001_C001,NZ0001,1,1ghg,5nwk,1,8,8
M0001_C001,NZ0001,1,1ghg,6fms,3,6,8
M0001_C001,NZ0001,1,1ghg,6fvn,2,7,10
M0001_C001,NZ0001,1,1ghg,6tdb,1,10,10
M0001_C001,NZ0001,1,1ghg,7nxe,1,10,10
M0001_C001,NZ0001,1,1ghg,8hoo,1,9,9
M0001_C001,NZ0001,1,1ghg,8sou,1,10,10
M0001_C001,NZ0001,1,1ghg,8vjw,1,6,6
M0001_C001,NZ0001,1,1ghg,8vpe,1,9,9
M0001_C001,NZ0001,1,1ghg,8ysa,1,6,6
M0001_C001,NZ0001,1,1ghg,9i24,1,2,2
M0001_C001,NZ0001,1,1go6,1hh3,1,4,4
M0001_C001,NZ0001,1,1go6,1hhf,1,10,10
M0001_C001,NZ0001,1,1go6,1hhz,4,7,10
M0001_C001,NZ0001,1,1go6,2r5d,2,4,10
M0001_C001,NZ0001,1,1go6,3h5r,1,8,8
M0001_C001,NZ0001,1,1go6,3h9q,1,6,6
M0001_C001,NZ0001,1,1go6,3l37,2,4,10
M0001_C001,NZ0001,1,1go6,3mbu,2,5,10
M0001_C001,NZ0001,1,1go6,3nzx,1,6,6
M0001_C001,NZ0001,1,1go6,4f75,1,1,1
M0001_C001,NZ0001,1,1go6,4jj8,1,10,10
M0001_C001,NZ0001,1,1go6,4ucb,1,2,2
M0001_C001,NZ0001,1,1go6,4wkm,3,6,8
M0001_C001,NZ0001,1,1go6,5dir,1,10,10
M0001_C001,NZ0001,1,1go6,5m2h,1,7,7
M0001_C001,NZ0001,1,1go6,5nf0,2,5,10
M0001_C001,NZ0001,1,1go6,6fms,2,10,10
M0001_C001,NZ0001,1,1go6,6m5e,1,7,7
M0001_C001,NZ0001,1,1go6,6phm,2,6,10
M0001_C001,NZ0001,1,1go6,6wm1,1,9,9
M0001_C001,NZ0001,1,1go6,6wuu,2,7,10
M0001_C001,NZ0001,1,1go6,7axp,1,7,7
M0001_C001,NZ0001,1,1go6,7lfu,1,10,10
M0001_C001,NZ0001,1,1go6,7lkc,2,6,9
M0001_C001,NZ0001,1,1go6,7ltb,1,3,3
M0001_C001,NZ0001,1,1go6,8hoo,1,4,4
M0001_C001,NZ0001,1,1go6,8pxy,1,9,9
M0001_C001,NZ0001,1,1go6,8rhk,1,10,10
M0001_C001,NZ0001,1,1go6,8vld,1,10,10
M0001_C001,NZ0001,1,1go6,9emz,1,8,8
M0001_C001,NZ0001,1,1hh3,1hhf,1,10,10
M0001_C001,NZ0001,1,1hh3,1hhu,4,2,9
M0001_C001,NZ0001,1,1hh3,1hhz,1,9,9
M0001_C001,NZ0001,1,1hh3,1n51,1,5,5
M0001_C001,NZ0001,1,1hh3,1sho,1,4,4
M0001_C001,NZ0001,1,1hh3,3lvy,2,6,9
M0001_C001,NZ0001,1,1hh3,4f75,1,3,3
M0001_C001,NZ0001,1,1hh3,4jj7,1,9,9
M0001_C001,NZ0001,1,1hh3,4jj8,2,10,10
M0001_C001,NZ0001,1,1hh3,4ttk,1,8,8
M0001_C001,NZ0001,1,1hh3,4wkm,3,6,7
M0001_C001,NZ0001,1,1hh3,5aa2,1,10,10
M0001_C001,NZ0001,1,1hh3,5m2h,1,7,7
M0001_C001,NZ0001,1,1hh3,6cnu,1,3,3
M0001_C001,NZ0001,1,1hh3,6fbt,1,10,10
M0001_C001,NZ0001,1,1hh3,6m5e,2,8,10
M0001_C001,NZ0001,1,1hh3,6pt2,1,7,7
M0001_C001,NZ0001,1,1hh3,6ryo,1,10,10
M0001_C001,NZ0001,1,1hh3,6tch,1,10,10
M0001_C001,NZ0001,1,1hh3,6wuu,1,9,9
M0001_C001,NZ0001,1,1hh3,7lkc,1,9,9
M0001_C001,NZ0001,1,1hh3,8hoo,3,1,5
M0001_C001,NZ0001,1,1hh3,8vld,1,8,8
M0001_C001,NZ0001,1,1hh3,9emz,1,10,10
M0001_C001,NZ0001,1,1hhc,4jj8,1,9,9
M0001_C001,NZ0001,1,1hhc,4nz8,1,7,7
M0001_C001,NZ0001,1,1hhc,5b6l,1,9,9
M0001_C001,NZ0001,1,1hhc,5efk,1,8,8
M0001_C001,NZ0001,1,1hhc,6fms,1,10,10
M0001_C001,NZ0001,1,1hhc,8pwj,1,4,4
M0001_C001,NZ0001,1,1hhf,4wkm,2,4,8
M0001_C001,NZ0001,1,1hhf,6x5r,1,8,8
M0001_C001,NZ0001,1,1hhf,7ltb,1,7,7
M0001_C001,NZ0001,1,1hhu,1hhy,2,10,10
M0001_C001,NZ0001,1,1hhu,3lvy,2,3,5
M0001_C001,NZ0001,1,1hhu,4jj8,2,6,8
M0001_C001,NZ0001,1,1hhu,4wkm,2,6,10
M0001_C001,NZ0001,1,1hhu,5dir,3,4,9
M0001_C001,NZ0001,1,1hhu,5efk,1,8,8
M0001_C001,NZ0001,1,1hhu,5m2h,1,9,9
M0001_C001,NZ0001,1,1hhu,6fbt,1,6,6
M0001_C001,NZ0001,1,1hhu,6m5e,1,6,6
M0001_C001,NZ0001,1,1hhu,6pt2,1,7,7
M0001_C001,NZ0001,1,1hhu,6ryo,2,4,9
M0001_C001,NZ0001,1,1hhu,6tch,1,4,4
M0001_C001,NZ0001,1,1hhu,7lkc,1,7,7
M0001_C001,NZ0001,1,1hhu,8hoo,2,1,8
M0001_C001,NZ0001,1,1hhu,8vld,2,6,10
M0001_C001,NZ0001,1,1hhy,4wkm,1,7,7
M0001_C001,NZ0001,1,1hhy,4y84,1,9,9
M0001_C001,NZ0001,1,1hhy,5dir,1,9,9
M0001_C001,NZ0001,1,1hhy,6tch,1,10,10
M0001_C001,NZ0001,1,1hhy,7ltb,1,10,10
M0001_C001,NZ0001,1,1hhz,1sho,1,10,10
M0001_C001,NZ0001,1,1hhz,3chf,1,10,10
M0001_C001,NZ0001,1,1hhz,3mbu,3,4,10
M0001_C001,NZ0001,1,1hhz,3td5,1,10,10
M0001_C001,NZ0001,1,1hhz,4wkm,1,9,9
M0001_C001,NZ0001,1,1hhz,5mfk,1,8,8
M0001_C001,NZ0001,1,1hhz,5nf0,1,9,9
M0001_C001,NZ0001,1,1hhz,6cnu,1,10,10
M0001_C001,NZ0001,1,1hhz,6ecf,1,9,9
M0001_C001,NZ0001,1,1hhz,6fvn,1,9,9
M0001_C001,NZ0001,1,1hhz,6ppm,1,9,9
M0001_C001,NZ0001,1,1hhz,6tdb,1,10,10
M0001_C001,NZ0001,1,1hhz,6wuu,1,9,9
M0001_C001,NZ0001,1,1hhz,7ltb,1,8,8
M0001_C001,NZ0001,1,1hhz,7new,1,6,6
M0001_C001,NZ0001,1,1hhz,7u0e,1,8,8
M0001_C001,NZ0001,1,1hhz,8rhk,1,10,10
M0001_C001,NZ0001,1,1hhz,8vpe,1,10,10
M0001_C001,NZ0001,1,1hhz,8ysa,1,10,10
M0001_C001,NZ0001,1,1jyq,3gkr,1,10,10
M0001_C001,NZ0001,1,1jyq,4jsq,2,8,9
M0001_C001,NZ0001,1,1jyq,6ece,1,7,7
M0001_C001,NZ0001,1,1jyq,6ecf,1,6,6
M0001_C001,NZ0001,1,1jyq,6l5z,1,5,5
M0001_C001,NZ0001,1,1jyq,7qdi,1,9,9
M0001_C001,NZ0001,1,1jyq,8vje,1,10,10
M0001_C001,NZ0001,1,1lgc,2h5d,1,9,9
M0001_C001,NZ0001,1,1lgc,6wo2,1,8,8
M0001_C001,NZ0001,1,1lgc,6yd2,1,8,8
M0001_C001,NZ0001,1,1lgc,6zve,1,9,9
M0001_C001,NZ0001,1,1lgc,7f0c,1,4,4
M0001_C001,NZ0001,1,1mcb,6xbg,1,10,10
M0001_C001,NZ0001,1,1mcb,7lfv,1,10,10
M0001_C001,NZ0001,1,1mcb,9ehn,1,9,9
M0001_C001,NZ0001,1,1mck,3che,1,6,6
M0001_C001,NZ0001,1,1mck,3l35,1,10,10
M0001_C001,NZ0001,1,1mck,3td5,3,5,10
M0001_C001,NZ0001,1,1mck,4jsq,2,9,9
M0001_C001,NZ0001,1,1mck,6mw2,1,10,10
M0001_C001,NZ0001,1,1mck,6ppm,1,10,10
M0001_C001,NZ0001,1,1mck,7q4t,1,8,8
M0001_C001,NZ0001,1,1mcr,6ece,1,7,7
M0001_C001,NZ0001,1,1n51,1sho,1,9,9
M0001_C001,NZ0001,1,1n51,4wkm,2,10,10
M0001_C001,NZ0001,1,1n51,5dir,1,8,8
M0001_C001,NZ0001,1,1n51,6cnu,1,8,8
M0001_C001,NZ0001,1,1n51,6tch,1,7,7
M0001_C001,NZ0001,1,1qd8,4x6z,1,9,9
M0001_C001,NZ0001,1,1qd8,5b6l,1,9,9
M0001_C001,NZ0001,1,1qd8,5dir,1,7,7
M0001_C001,NZ0001,1,1qd8,6fms,1,10,10
M0001_C001,NZ0001,1,1qd8,7nxe,1,6,6
M0001_C001,NZ0001,1,1qd8,8g82,8,4,10
M0001_C001,NZ0001,1,1qd8,8s6t,1,7,7
M0001_C001,NZ0001,1,1rrv,5m2h,1,7,7
M0001_C001,NZ0001,1,1sho,2r5b,2,6,8
M0001_C001,NZ0001,1,1sho,2r5d,1,9,9
M0001_C001,NZ0001,1,1sho,3chf,1,9,9
M0001_C001,NZ0001,1,1sho,3l35,1,4,4
M0001_C001,NZ0001,1,1sho,4han,1,9,9
M0001_C001,NZ0001,1,1sho,4qg1,1,8,8
M0001_C001,NZ0001,1,1sho,4ttk,1,9,9
M0001_C001,NZ0001,1,1sho,4wkm,2,9,9
M0001_C001,NZ0001,1,1sho,6cnu,1,4,4
M0001_C001,NZ0001,1,1sho,6fms,1,9,9
M0001_C001,NZ0001,1,1sho,6tch,1,9,9
M0001_C001,NZ0001,1,1sho,6tsl,1,10,10
M0001_C001,NZ0001,1,1sho,8ano,1,10,10
M0001_C001,NZ0001,1,1sho,8aoo,1,4,4
M0001_C001,NZ0001,1,1sho,9emz,1,9,9
M0001_C001,NZ0001,1,1t6o,3ove,1,10,10
M0001_C001,NZ0001,1,1t6o,3qxy,1,3,3
M0001_C001,NZ0001,1,1t6o,3rc0,1,5,5
M0001_C001,NZ0001,1,1t6o,3s8l,1,10,10
M0001_C001,NZ0001,1,1t6o,4dg4,1,3,3
M0001_C001,NZ0001,1,1t6o,4fln,1,9,9
M0001_C001,NZ0001,1,1t6o,4gr7,1,8,8
M0001_C001,NZ0001,1,1t6o,4o46,1,7,7
M0001_C001,NZ0001,1,1t6o,4uca,1,9,9
M0001_C001,NZ0001,1,1t6o,4z33,1,3,3
M0001_C001,NZ0001,1,1t6o,4zkr,1,4,4
M0001_C001,NZ0001,1,1t6o,5etf,1,5,5
M0001_C001,NZ0001,1,1t6o,5nwk,1,4,4
M0001_C001,NZ0001,1,1t6o,5tdb,1,5,5
M0001_C001,NZ0001,1,1t6o,6fcs,1,7,7
M0001_C001,NZ0001,1,1t6o,6fvn,2,4,8
M0001_C001,NZ0001,1,1t6o,6g8k,1,9,9
M0001_C001,NZ0001,1,1t6o,6wuu,1,8,8
M0001_C001,NZ0001,1,1t6o,7lfv,1,10,10
M0001_C001,NZ0001,1,1t6o,8sou,1,7,7
M0001_C001,NZ0001,1,1t6o,8vjw,1,3,3
M0001_C001,NZ0001,1,1t6o,8vpe,1,4,4
M0001_C001,NZ0001,1,1t6o,8ysa,1,4,4
M0001_C001,NZ0001,1,1t6o,9i24,1,9,9
M0001_C002,NZ0017,1,1tmb,6yd3,1,9,9
M0001_C001,NZ0001,1,1w9u,1waw,1,3,3
M0001_C001,NZ0001,1,1w9u,6wo2,1,8,8
M0001_C001,NZ0001,1,1zea,4y69,1,9,9
M0001_C001,NZ0001,1,1zea,7f0f,1,9,9
M0001_C001,NZ0001,1,1zea,9qdf,2,7,10
M0001_C001,NZ0001,1,2g2l,4gm8,1,10,10
M0001_C001,NZ0001,1,2ig0,5cgh,2,6,7
M0001_C001,NZ0001,1,2j9n,5ctv,1,7,7
M0001_C001,NZ0001,1,2j9n,7qdi,2,8,9
M0001_C001,NZ0001,1,2r3c,3azq,1,6,6
M0001_C001,NZ0001,1,2r3c,3h5r,1,7,7
M0001_C001,NZ0001,1,2r3c,4dg4,1,5,5
M0001_C001,NZ0001,1,2r3c,4s1x,1,3,3
M0001_C001,NZ0001,1,2r3c,5gnd,1,6,6
M0001_C001,NZ0001,1,2r3c,5nqa,1,9,9
M0001_C001,NZ0001,1,2r3c,6m9c,1,9,9
M0001_C001,NZ0001,1,2r3c,6tsl,1,8,8
M0001_C001,NZ0001,1,2r3c,6wuu,3,7,9
M0001_C001,NZ0001,1,2r3c,8aoo,1,10,10
M0001_C001,NZ0001,1,2r3c,8ti6,1,6,6
M0001_C001,NZ0001,1,2r3c,9emz,1,8,8
M0001_C001,NZ0001,1,2r3c,9ex5,1,9,9
M0001_C001,NZ0001,1,2r3c,9fxn,1,9,9
M0001_C001,NZ0001,1,2r5b,2r5d,3,5,9
M0001_C001,NZ0001,1,2r5b,3azq,1,9,9
M0001_C001,NZ0001,1,2r5b,3che,1,6,6
M0001_C001,NZ0001,1,2r5b,3l35,1,10,10
M0001_C001,NZ0001,1,2r5b,3s8l,1,6,6
M0001_C001,NZ0001,1,2r5b,4fln,1,7,7
M0001_C001,NZ0001,1,2r5b,4han,2,3,8
M0001_C001,NZ0001,1,2r5b,4jt0,2,9,10
M0001_C001,NZ0001,1,2r5b,4knl,1,10,10
M0001_C001,NZ0001,1,2r5b,4o46,1,9,9
M0001_C001,NZ0001,1,2r5b,4qg1,1,10,10
M0001_C001,NZ0001,1,2r5b,4uca,1,8,8
M0001_C001,NZ0001,1,2r5b,5dir,1,9,9
M0001_C001,NZ0001,1,2r5b,5i5a,1,9,9
M0001_C001,NZ0001,1,2r5b,5lrk,1,10,10
M0001_C001,NZ0001,1,2r5b,6fcs,1,9,9
M0001_C001,NZ0001,1,2r5b,6g8k,1,7,7
M0001_C001,NZ0001,1,2r5b,6m9c,1,9,9
M0001_C001,NZ0001,1,2r5b,6phq,1,10,10
M0001_C001,NZ0001,1,2r5b,6wuu,1,9,9
M0001_C001,NZ0001,1,2r5b,7qdi,1,10,10
M0001_C001,NZ0001,1,2r5b,8ano,1,10,10
M0001_C001,NZ0001,1,2r5b,8aoo,1,10,10
M0001_C001,NZ0001,1,2r5b,8c3d,2,10,10
M0001_C001,NZ0001,1,2r5b,8cis,1,8,8
M0001_C001,NZ0001,1,2r5b,8t5p,1,10,10
M0001_C001,NZ0001,1,2r5b,9emz,2,10,10
M0001_C001,NZ0001,1,2r5b,9fxn,1,9,9
M0001_C001,NZ0001,1,2r5d,3l37,1,8,8
M0001_C001,NZ0001,1,2r5d,3s8o,2,9,10
M0001_C001,NZ0001,1,2r5d,4han,2,8,10
M0001_C001,NZ0001,1,2r5d,4knl,2,8,10
M0001_C001,NZ0001,1,2r5d,5d13,2,7,9
M0001_C001,NZ0001,1,2r5d,5dir,1,10,10
M0001_C001,NZ0001,1,2r5d,5i5a,2,6,9
M0001_C001,NZ0001,1,2r5d,5jqs,1,10,10
M0001_C001,NZ0001,1,2r5d,5lrk,4,7,10
M0001_C001,NZ0001,1,2r5d,6fms,1,10,10
M0001_C001,NZ0001,1,2r5d,6m9c,1,10,10
M0001_C001,NZ0001,1,2r5d,6phq,2,7,10
M0001_C001,NZ0001,1,2r5d,6whq,2,8,10
M0001_C001,NZ0001,1,2r5d,7axp,1,7,7
M0001_C001,NZ0001,1,2r5d,7lkc,1,10,10
M0001_C001,NZ0001,1,2r5d,8c3d,1,10,10
M0001_C001,NZ0001,1,2r5d,8cis,2,4,4
M0001_C001,NZ0001,1,2r5d,8vld,1,7,7
M0001_C001,NZ0001,1,2r5d,9emz,4,6,9
M0001_C001,NZ0001,1,2r5d,9fxn,1,10,10
M0001_C001,NZ0001,1,2r5d,9j3s,1,10,10
M0001_C001,NZ0001,1,2xdw,3q4a,1,9,9
M0001_C001,NZ0001,1,2xdw,4y6a,1,10,10
M0001_C001,NZ0001,1,2xdw,7ofv,1,7,7
M0001_C001,NZ0001,1,2xdw,8hoq,1,7,7
M0001_C001,NZ0001,1,2xdw,9qbe,1,3,3
M0001_C001,NZ0001,1,3ah8,3uw5,1,6,6
M0001_C001,NZ0001,1,3ah8,4y6v,1,4,4
M0001_C001,NZ0001,1,3ah8,5d5e,1,9,9
M0001_C001,NZ0001,1,3ah8,6psa,1,6,6
M0001_C001,NZ0001,1,3ah8,7ms1,1,9,9
M0001_C001,NZ0001,1,3ah8,7z3u,1,9,9
M0001_C001,NZ0001,1,3ah8,8s9z,1,6,6
M0001_C001,NZ0001,1,3ah8,8vld,1,10,10
M0001_C001,NZ0001,1,3ah8,9ehn,1,4,4
M0001_C001,NZ0001,1,3ah8,9emz,1,3,3
M0001_C001,NZ0001,1,3ah8,9qbe,1,7,7
M0001_C001,NZ0001,1,3azq,3h5r,1,9,9
M0001_C001,NZ0001,1,3azq,4cvk,1,6,6
M0001_C001,NZ0001,1,3azq,4s1x,1,8,8
M0001_C001,NZ0001,1,3azq,9qby,1,8,8
M0001_C001,NZ0001,1,3che,3l35,1,8,8
M0001_C001,NZ0001,1,3che,3rc0,1,7,7
M0001_C001,NZ0001,1,3che,3s8l,1,4,4
M0001_C001,NZ0001,1,3che,3td5,4,3,10
M0001_C001,NZ0001,1,3che,4gr7,1,8,8
M0001_C001,NZ0001,1,3che,4o46,1,5,5
M0001_C001,NZ0001,1,3che,4qg1,1,10,10
M0001_C001,NZ0001,1,3che,4uca,1,3,3
M0001_C001,NZ0001,1,3che,5dir,1,9,9
M0001_C001,NZ0001,1,3che,5etf,1,7,7
M0001_C001,NZ0001,1,3che,5tdb,1,7,7
M0001_C001,NZ0001,1,3che,6fcr,1,5,5
M0001_C001,NZ0001,1,3che,6fcs,1,5,5
M0001_C001,NZ0001,1,3che,6g8k,1,7,7
M0001_C001,NZ0001,1,3che,6mw2,1,5,5
M0001_C001,NZ0001,1,3che,6ppm,1,8,8
M0001_C001,NZ0001,1,3che,6wuu,1,9,9
M0001_C001,NZ0001,1,3che,7q4t,1,6,6
M0001_C001,NZ0001,1,3che,8ano,1,10,10
M0001_C001,NZ0001,1,3che,8t5p,1,7,7
M0001_C001,NZ0001,1,3che,8vpe,1,10,10
M0001_C001,NZ0001,1,3che,9qby,1,8,8
M0001_C001,NZ0001,1,3chf,3l35,1,6,6
M0001_C001,NZ0001,1,3chf,3rc0,1,10,10
M0001_C001,NZ0001,1,3chf,4gr7,1,9,9
M0001_C001,NZ0001,1,3chf,4o46,1,10,10
M0001_C001,NZ0001,1,3chf,4qg1,1,7,7
M0001_C001,NZ0001,1,3chf,4uca,1,9,9
M0001_C001,NZ0001,1,3chf,5dir,1,3,3
M0001_C001,NZ0001,1,3chf,5mfk,1,7,7
M0001_C001,NZ0001,1,3chf,6tdb,1,10,10
M0001_C001,NZ0001,1,3chf,6tsl,1,6,6
M0001_C001,NZ0001,1,3chf,6wuu,1,5,5
M0001_C001,NZ0001,1,3chf,7u0e,1,10,10
M0001_C001,NZ0001,1,3chf,8ano,1,8,8
M0001_C001,NZ0001,1,3chf,8aoo,1,5,5
M0001_C001,NZ0001,1,3chf,8t5p,1,10,10
M0001_C001,NZ0001,1,3chf,8ti6,1,8,8
M0001_C001,NZ0001,1,3e0n,3nzw,1,8,8
M0001_C001,NZ0001,1,3e0n,6s5p,1,10,10
M0001_C001,NZ0001,1,3e0n,8c3d,1,6,6
M0001_C001,NZ0001,1,3e7a,3l37,1,7,7
M0001_C001,NZ0001,1,3e7a,3u8o,1,10,10
M0001_C001,NZ0001,1,3e7a,4dkt,1,5,5
M0001_C001,NZ0001,1,3e7a,6df1,1,10,10
M0001_C001,NZ0001,1,3e7a,6phm,1,10,10
M0001_C001,NZ0001,1,3e7a,9j3s,1,4,4
M0001_C001,NZ0001,1,3g3p,3l35,1,8,8
M0001_C001,NZ0001,1,3g3p,3rc0,1,7,7
M0001_C001,NZ0001,1,3g3p,3s8l,1,9,9
M0001_C001,NZ0001,1,3g3p,4qg1,1,7,7
M0001_C001,NZ0001,1,3g3p,4uca,1,9,9
M0001_C001,NZ0001,1,3g3p,5etf,1,7,7
M0001_C001,NZ0001,1,3g3p,6e8m,1,5,5
M0001_C001,NZ0001,1,3g3p,6fcs,1,10,10
M0001_C001,NZ0001,1,3g3p,6fms,1,4,4
M0001_C001,NZ0001,1,3g3p,6g8k,1,8,8
M0001_C001,NZ0001,1,3g3p,6tsl,1,10,10
M0001_C001,NZ0001,1,3g3p,6wuu,1,10,10
M0001_C001,NZ0001,1,3g3p,7lfv,1,9,9
M0001_C001,NZ0001,1,3g3p,8ano,1,6,6
M0001_C001,NZ0001,1,3g3p,8aoo,1,9,9
M0001_C001,NZ0001,1,3g3p,8pwp,1,9,9
M0001_C001,NZ0001,1,3g3p,8sou,1,4,4
M0001_C001,NZ0001,1,3g3p,9fxn,1,9,9
M0001_C001,NZ0001,1,3gkr,5ctv,1,6,6
M0001_C001,NZ0001,1,3gkr,7qdi,1,3,3
M0001_C001,NZ0001,1,3h5r,4cvk,1,9,9
M0001_C001,NZ0001,1,3h5r,4fzg,1,10,10
M0001_C001,NZ0001,1,3h5r,4s1x,1,5,5
M0001_C001,NZ0001,1,3h5r,5nqa,2,2,5
M0001_C001,NZ0001,1,3h5r,5zms,1,9,9
M0001_C001,NZ0001,1,3h5r,8bfd,1,10,10
M0001_C001,NZ0001,1,3h9q,4dg4,1,8,8
M0001_C001,NZ0001,1,3h9q,4jna,1,9,9
M0001_C001,NZ0001,1,3h9q,4knl,1,9,9
M0001_C001,NZ0001,1,3h9q,4ucb,1,7,7
M0001_C001,NZ0001,1,3h9q,6whq,1,9,9
M0001_C001,NZ0001,1,3h9q,7lkc,1,8,8
M0001_C001,NZ0001,1,3k26,3l35,1,8,8
M0001_C001,NZ0001,1,3k26,4gm8,1,10,10
M0001_C001,NZ0001,1,3l35,3td5,6,8,9
M0001_C001,NZ0001,1,3l35,4qg1,1,4,4
M0001_C001,NZ0001,1,3l35,4rcp,1,9,9
M0001_C001,NZ0001,1,3l35,5dir,1,8,8
M0001_C001,NZ0001,1,3l35,6e8m,1,7,7
M0001_C001,NZ0001,1,3l35,6ecf,1,10,10
M0001_C001,NZ0001,1,3l35,6fcr,1,9,9
M0001_C001,NZ0001,1,3l35,6fms,1,5,5
M0001_C001,NZ0001,1,3l35,6m9c,1,10,10
M0001_C001,NZ0001,1,3l35,6mw2,1,9,9
M0001_C001,NZ0001,1,3l35,6s7g,1,9,9
M0001_C001,NZ0001,1,3l35,6tsl,1,6,6
M0001_C001,NZ0001,1,3l35,6wi3,1,7,7
M0001_C001,NZ0001,1,3l35,6wuu,2,8,9
M0001_C001,NZ0001,1,3l35,7q4t,1,5,5
M0001_C001,NZ0001,1,3l35,8ano,1,6,6
M0001_C001,NZ0001,1,3l35,8aoo,1,4,4
M0001_C001,NZ0001,1,3l35,8g82,2,9,10
M0001_C001,NZ0001,1,3l35,8i82,1,9,9
M0001_C001,NZ0001,1,3l35,8pwp,1,9,9
M0001_C001,NZ0001,1,3l35,8sou,1,10,10
M0001_C001,NZ0001,1,3l35,8ti6,1,10,10
M0001_C001,NZ0001,1,3l35,8vjw,1,8,8
M0001_C001,NZ0001,1,3l35,8vld,1,8,8
M0001_C001,NZ0001,1,3l35,9emz,1,10,10
M0001_C001,NZ0001,1,3l35,9fxn,1,8,8
M0001_C001,NZ0001,1,3l37,5dir,1,10,10
M0001_C001,NZ0001,1,3l37,6fms,1,10,10
M0001_C001,NZ0001,1,3l37,6phm,1,6,6
M0001_C001,NZ0001,1,3l37,7axp,1,7,7
M0001_C001,NZ0001,1,3l37,7lkc,1,6,6
M0001_C001,NZ0001,1,3l37,8vld,1,7,7
M0001_C001,NZ0001,1,3lvy,5dir,2,7,9
M0001_C001,NZ0001,1,3lvy,5efk,1,8,8
M0001_C001,NZ0001,1,3lvy,6fbt,1,6,6
M0001_C001,NZ0001,1,3lvy,7lkc,1,7,7
M0001_C001,NZ0001,1,3lvy,8hoo,1,5,5
M0001_C001,NZ0001,1,3lvy,8vld,1,6,6
M0001_C001,NZ0001,1,3mbu,3uw5,1,7,7
M0001_C001,NZ0001,1,3mbu,4fbv,1,8,8
M0001_C001,NZ0001,1,3mbu,4y6v,1,9,9
M0001_C001,NZ0001,1,3mbu,4y84,1,9,9
M0001_C001,NZ0001,1,3mbu,5dc8,1,10,10
M0001_C001,NZ0001,1,3mbu,5nf0,1,9,9
M0001_C001,NZ0001,1,3mbu,6ecd,1,10,10
M0001_C001,NZ0001,1,3mbu,6ucw,1,8,8
M0001_C001,NZ0001,1,3mbu,7ms1,1,8,8
M0001_C001,NZ0001,1,3mbu,7rxf,1,6,6
M0001_C001,NZ0001,1,3mbu,8hor,1,9,9
M0001_C001,NZ0001,1,3mbu,8i84,1,8,8
M0001_C001,NZ0001,1,3mbu,8vld,1,9,9
M0001_C001,NZ0001,1,3mbu,9qbe,1,1,1
M0001_C001,NZ0001,1,3mgn,3nzj,2,10,10
M0001_C001,NZ0001,1,3mgn,5n8j,1,10,10
M0001_C001,NZ0001,1,3nzw,6s5p,1,9,9
M0001_C001,NZ0001,1,3nzx,4ucb,1,7,7
M0001_C001,NZ0001,1,3ove,4dg4,1,9,9
M0001_C001,NZ0001,1,3ove,7lfv,1,3,3
M0001_C001,NZ0001,1,3ove,8pwp,1,10,10
M0001_C001,NZ0001,1,3ove,8sou,1,9,9
M0001_C001,NZ0001,1,3ove,8vjw,1,10,10
M0001_C001,NZ0001,1,3ove,8ysa,1,10,10
M0001_C001,NZ0001,1,3ove,9i24,1,10,10
M0001_C001,NZ0001,1,3q4a,5d53,1,10,10
M0001_C001,NZ0001,1,3q4a,6pt2,1,10,10
M0001_C001,NZ0001,1,3q4a,7ofv,1,9,9
M0001_C001,NZ0001,1,3q4a,8hoq,1,9,9
M0001_C001,NZ0001,1,3q4a,9qbe,1,8,8
M0001_C001,NZ0001,1,3qxy,3rc0,1,8,8
M0001_C001,NZ0001,1,3qxy,3s8l,1,9,9
M0001_C001,NZ0001,1,3qxy,4dg4,1,3,3
M0001_C001,NZ0001,1,3qxy,4fln,1,9,9
M0001_C001,NZ0001,1,3qxy,4gr7,1,6,6
M0001_C001,NZ0001,1,3qxy,4o46,1,6,6
M0001_C001,NZ0001,1,3qxy,4uca,1,9,9
M0001_C001,NZ0001,1,3qxy,4zkr,1,1,1
M0001_C001,NZ0001,1,3qxy,5etf,1,7,7
M0001_C001,NZ0001,1,3qxy,5nwk,1,1,1
M0001_C001,NZ0001,1,3qxy,5tdb,1,4,4
M0001_C001,NZ0001,1,3qxy,6fcs,1,6,6
M0001_C001,NZ0001,1,3qxy,6fvn,2,1,6
M0001_C001,NZ0001,1,3qxy,6g8k,1,8,8
M0001_C001,NZ0001,1,3qxy,6tdb,1,10,10
M0001_C001,NZ0001,1,3qxy,6wuu,1,7,7
M0001_C001,NZ0001,1,3qxy,8sou,1,10,10
M0001_C001,NZ0001,1,3qxy,8vjw,1,2,2
M0001_C001,NZ0001,1,3qxy,8vpe,1,2,2
M0001_C001,NZ0001,1,3qxy,8ysa,1,3,3
M0001_C001,NZ0001,1,3qxy,9i24,1,10,10
M0001_C001,NZ0001,1,3rc0,3s8l,1,5,5
M0001_C001,NZ0001,1,3rc0,4dg4,1,7,7
M0001_C001,NZ0001,1,3rc0,4gr7,1,6,6
M0001_C001,NZ0001,1,3rc0,4o46,1,5,5
M0001_C001,NZ0001,1,3rc0,4qg1,1,8,8
M0001_C001,NZ0001,1,3rc0,4uca,1,4,4
M0001_C001,NZ0001,1,3rc0,4z33,1,8,8
M0001_C001,NZ0001,1,3rc0,4zkr,1,9,9
M0001_C001,NZ0001,1,3rc0,5dir,1,7,7
M0001_C001,NZ0001,1,3rc0,5etf,1,4,4
M0001_C001,NZ0001,1,3rc0,5nwk,1,9,9
M0001_C001,NZ0001,1,3rc0,5tdb,1,8,8
M0001_C001,NZ0001,1,3rc0,6fcs,1,4,4
M0001_C001,NZ0001,1,3rc0,6fms,1,10,10
M0001_C001,NZ0001,1,3rc0,6fvn,2,8,9
M0001_C001,NZ0001,1,3rc0,6g8k,1,7,7
M0001_C001,NZ0001,1,3rc0,8ano,1,8,8
M0001_C001,NZ0001,1,3rc0,8t5p,1,7,7
M0001_C001,NZ0001,1,3rc0,8vjw,2,7,8
M0001_C001,NZ0001,1,3rc0,8vpe,1,9,9
M0001_C001,NZ0001,1,3rc0,8ysa,1,7,7
M0001_C003,NZ0024,1,3run,7zmu,1,8,8
M0001_C004,NZ0025,1,3s60,8vjf,1,10,10
M0001_C001,NZ0001,1,3s8l,4fln,1,8,8
M0001_C001,NZ0001,1,3s8l,4gr7,1,7,7
M0001_C001,NZ0001,1,3s8l,4o46,1,5,5
M0001_C001,NZ0001,1,3s8l,4uca,1,6,6
M0001_C001,NZ0001,1,3s8l,4z33,1,9,9
M0001_C001,NZ0001,1,3s8l,4zkr,1,9,9
M0001_C001,NZ0001,1,3s8l,5dir,1,10,10
M0001_C001,NZ0001,1,3s8l,5etf,1,5,5
M0001_C001,NZ0001,1,3s8l,5nwk,1,9,9
M0001_C001,NZ0001,1,3s8l,5tdb,1,5,5
M0001_C001,NZ0001,1,3s8l,6fcs,1,4,4
M0001_C001,NZ0001,1,3s8l,6fvn,2,9,10
M0001_C001,NZ0001,1,3s8l,6g8k,1,3,3
M0001_C001,NZ0001,1,3s8l,6wuu,1,8,8
M0001_C001,NZ0001,1,3s8l,8t5p,1,8,8
M0001_C001,NZ0001,1,3s8l,8vjw,1,9,9
M0001_C001,NZ0001,1,3s8l,8vpe,1,8,8
M0001_C001,NZ0001,1,3s8n,4y84,1,10,10
M0001_C001,NZ0001,1,3s8n,5i5a,1,10,10
M0001_C001,NZ0001,1,3s8n,5jqs,1,6,6
M0001_C001,NZ0001,1,3s8n,6xbg,1,7,7
M0001_C001,NZ0001,1,3s8n,8pwp,1,10,10
M0001_C001,NZ0001,1,3s8n,8vjd,1,9,9
M0001_C001,NZ0001,1,3s8n,9j3s,1,7,7
M0001_C001,NZ0001,1,3s8o,4dg4,1,9,9
M0001_C001,NZ0001,1,3s8o,4jna,1,7,7
M0001_C001,NZ0001,1,3s8o,5d13,1,7,7
M0001_C001,NZ0001,1,3s8o,5gnd,1,8,8
M0001_C001,NZ0001,1,3s8o,5lrk,1,4,4
M0001_C001,NZ0001,1,3s8o,6whq,1,3,3
M0001_C001,NZ0001,1,3s8o,9emz,1,7,7
M0001_C001,NZ0001,1,3td5,3u1i,1,10,10
M0001_C001,NZ0001,1,3td5,4fln,4,5,8
M0001_C001,NZ0001,1,3td5,5d54,1,9,9
M0001_C001,NZ0001,1,3td5,5mfk,1,10,10
M0001_C001,NZ0001,1,3td5,6fcr,2,6,6
M0001_C001,NZ0001,1,3td5,6m9d,1,10,10
M0001_C001,NZ0001,1,3td5,6mw2,2,5,6
M0001_C001,NZ0001,1,3td5,6ppm,2,8,10
M0001_C001,NZ0001,1,3td5,6wi3,7,8,10
M0001_C001,NZ0001,1,3td5,7q4t,4,6,9
M0001_C001,NZ0001,1,3td5,7u0e,1,10,10
M0001_C001,NZ0001,1,3td5,7zb0,2,9,10
M0001_C001,NZ0001,1,3td5,8i82,4,8,10
M0001_C001,NZ0001,1,3td5,9qby,6,5,8
M0001_C001,NZ0001,1,3u1i,7o50,1,7,7
M0001_C001,NZ0001,1,3u1i,9qby,1,4,4
M0001_C001,NZ0001,1,3u8o,4dkt,1,10,10
M0001_C001,NZ0001,1,3u8o,8pwp,1,8,8
M0001_C001,NZ0001,1,3uw5,4fbv,1,7,7
M0001_C001,NZ0001,1,3uw5,4gm9,1,10,10
M0001_C001,NZ0001,1,3uw5,4jsq,1,10,10
M0001_C001,NZ0001,1,3uw5,4y6a,1,9,9
M0001_C001,NZ0001,1,3uw5,4y6v,1,8,8
M0001_C001,NZ0001,1,3uw5,6s5p,1,8,8
M0001_C001,NZ0001,1,3uw5,9ehn,1,10,10
M0001_C001,NZ0001,1,3uw5,9emz,1,9,9
M0001_C001,NZ0001,1,3uw5,9qbe,2,7,10
M0001_C001,NZ0001,1,4cvk,5nqa,1,8,8
M0001_C001,NZ0001,1,4cvk,6rlz,1,8,8
M0001_C001,NZ0001,1,4dg4,4gr7,1,6,6
M0001_C001,NZ0001,1,4dg4,4jna,1,10,10
M0001_C001,NZ0001,1,4dg4,4knl,1,6,6
M0001_C001,NZ0001,1,4dg4,4o46,1,9,9
M0001_C001,NZ0001,1,4dg4,4ucb,1,10,10
M0001_C001,NZ0001,1,4dg4,4z33,1,3,3
M0001_C001,NZ0001,1,4dg4,4zkr,1,3,3
M0001_C001,NZ0001,1,4dg4,5etf,1,7,7
M0001_C001,NZ0001,1,4dg4,5gnd,1,4,4
M0001_C001,NZ0001,1,4dg4,5lrk,1,9,9
M0001_C001,NZ0001,1,4dg4,5nwk,1,3,3
M0001_C001,NZ0001,1,4dg4,5tdb,1,7,7
M0001_C001,NZ0001,1,4dg4,6fcs,1,9,9
M0001_C001,NZ0001,1,4dg4,6fvn,2,2,5
M0001_C001,NZ0001,1,4dg4,6m9c,1,8,8
M0001_C001,NZ0001,1,4dg4,6whq,1,6,6
M0001_C001,NZ0001,1,4dg4,6wuu,2,7,10
M0001_C001,NZ0001,1,4dg4,7lkc,1,7,7
M0001_C001,NZ0001,1,4dg4,8sou,1,9,9
M0001_C001,NZ0001,1,4dg4,8ti6,1,10,10
M0001_C001,NZ0001,1,4dg4,8vjw,1,1,1
M0001_C001,NZ0001,1,4dg4,8vpe,1,4,4
M0001_C001,NZ0001,1,4dg4,8ysa,1,1,1
M0001_C001,NZ0001,1,4dg4,9emz,3,7,8
M0001_C001,NZ0001,1,4dg4,9i24,1,7,7
M0001_C001,NZ0001,1,4dkt,6xbg,1,9,9
M0001_C001,NZ0001,1,4f75,6fms,2,10,10
M0001_C001,NZ0001,1,4f75,6wuu,1,7,7
M0001_C001,NZ0001,1,4f75,7lfu,1,10,10
M0001_C001,NZ0001,1,4f75,7lkc,1,10,10
M0001_C001,NZ0001,1,4f75,8hoo,1,5,5
M0001_C001,NZ0001,1,4f75,8pxy,1,8,8
M0001_C001,NZ0001,1,4f75,9emz,1,9,9
M0001_C001,NZ0001,1,4fbv,4y6a,1,8,8
M0001_C001,NZ0001,1,4fbv,5d53,1,8,8
M0001_C001,NZ0001,1,4fbv,5d54,1,8,8
M0001_C001,NZ0001,1,4fbv,6m9d,1,10,10
M0001_C001,NZ0001,1,4fbv,6wi3,1,9,9
M0001_C001,NZ0001,1,4fbv,7ofv,1,10,10
M0001_C001,NZ0001,1,4fbv,8i82,1,5,5
M0001_C001,NZ0001,1,4fbv,9qbe,1,8,8
M0001_C001,NZ0001,1,4fln,4jt0,2,3,4
M0001_C001,NZ0001,1,4fln,4z33,1,9,9
M0001_C001,NZ0001,1,4fln,4zkr,1,9,9
M0001_C001,NZ0001,1,4fln,5etf,1,8,8
M0001_C001,NZ0001,1,4fln,5nwk,1,9,9
M0001_C001,NZ0001,1,4fln,5tdb,1,5,5
M0001_C001,NZ0001,1,4fln,6fvn,1,9,9
M0001_C001,NZ0001,1,4fln,6g8k,1,5,5
M0001_C001,NZ0001,1,4fln,6m9d,1,10,10
M0001_C001,NZ0001,1,4fln,7qdi,1,10,10
M0001_C001,NZ0001,1,4fln,7zb0,1,8,8
M0001_C001,NZ0001,1,4fln,8sou,1,10,10
M0001_C001,NZ0001,1,4fln,8v2n,1,7,7
M0001_C001,NZ0001,1,4fln,8vjw,1,10,10
M0001_C001,NZ0001,1,4fzg,4s1x,1,9,9
M0001_C001,NZ0001,1,4fzg,5nqa,1,9,9
M0001_C001,NZ0001,1,4fzg,5zms,1,5,5
M0001_C001,NZ0001,1,4fzg,8bfd,1,9,9
M0001_C001,NZ0001,1,4gk7,4ucb,1,9,9
M0001_C001,NZ0001,1,4gm9,6xbg,1,5,5
M0001_C001,NZ0001,1,4gmb,4nz8,1,10,10
M0001_C001,NZ0001,1,4gr7,4o46,1,3,3
M0001_C001,NZ0001,1,4gr7,4uca,1,7,7
M0001_C001,NZ0001,1,4gr7,4z33,1,6,6
M0001_C001,NZ0001,1,4gr7,4zkr,1,6,6
M0001_C001,NZ0001,1,4gr7,5etf,1,7,7
M0001_C001,NZ0001,1,4gr7,5nwk,1,6,6
M0001_C001,NZ0001,1,4gr7,5tdb,1,10,10
M0001_C001,NZ0001,1,4gr7,6fcs,1,3,3
M0001_C001,NZ0001,1,4gr7,6fvn,2,3,7
M0001_C001,NZ0001,1,4gr7,6g8k,1,10,10
M0001_C001,NZ0001,1,4gr7,6wuu,1,5,5
M0001_C001,NZ0001,1,4gr7,8vjw,1,5,5
M0001_C001,NZ0001,1,4gr7,8vpe,1,4,4
M0001_C001,NZ0001,1,4gr7,8ysa,1,6,6
M0001_C001,NZ0001,1,4gr7,9ex5,1,10,10
M0001_C001,NZ0001,1,4han,6m9c,1,10,10
M0001_C001,NZ0001,1,4han,8c3d,1,10,10
M0001_C001,NZ0001,1,4han,8pwp,1,9,9
M0001_C001,NZ0001,1,4han,9fxn,1,10,10
M0001_C001,NZ0001,1,4jj7,5i5a,1,5,5
M0001_C001,NZ0001,1,4jj7,5jqs,1,8,8
M0001_C001,NZ0001,1,4jj7,5lrk,2,4,9
M0001_C001,NZ0001,1,4jj7,6phq,1,4,4
M0001_C001,NZ0001,1,4jj7,8cis,1,10,10
M0001_C001,NZ0001,1,4jj7,8hoo,1,9,9
M0001_C001,NZ0001,1,4jj7,9j3s,2,4,7
M0001_C001,NZ0001,1,4jj7,9mkj,1,10,10
M0001_C001,NZ0001,1,4jj8,4knl,1,3,3
M0001_C001,NZ0001,1,4jj8,5b6l,1,3,3
M0001_C001,NZ0001,1,4jj8,5dir,2,7,8
M0001_C001,NZ0001,1,4jj8,5efk,1,8,8
M0001_C001,NZ0001,1,4jj8,5m2h,1,9,9
M0001_C001,NZ0001,1,4jj8,6fbt,1,7,7
M0001_C001,NZ0001,1,4jj8,6fms,3,3,4
M0001_C001,NZ0001,1,4jj8,6ryo,1,3,3
M0001_C001,NZ0001,1,4jj8,6tch,1,7,7
M0001_C001,NZ0001,1,4jj8,7axp,1,6,6
M0001_C001,NZ0001,1,4jj8,7lkc,1,9,9
M0001_C001,NZ0001,1,4jj8,7nxe,1,6,6
M0001_C001,NZ0001,1,4jj8,8hoo,1,9,9
M0001_C001,NZ0001,1,4jj8,8vld,1,10,10
M0001_C001,NZ0001,1,4jna,5d13,1,10,10
M0001_C001,NZ0001,1,4jna,5lrk,1,7,7
M0001_C001,NZ0001,1,4jna,6fms,1,10,10
M0001_C001,NZ0001,1,4jna,6whq,1,10,10
M0001_C001,NZ0001,1,4jna,6wuu,1,9,9
M0001_C001,NZ0001,1,4jna,7lkc,1,9,9
M0001_C001,NZ0001,1,4jna,8ti6,1,7,7
M0001_C001,NZ0001,1,4jna,9emz,1,10,10
M0001_C001,NZ0001,1,4jna,9ex5,1,2,2
M0001_C001,NZ0001,1,4jsq,6ppm,1,10,10
M0001_C001,NZ0001,1,4jsq,7q4t,1,10,10
M0001_C001,NZ0001,1,4jsq,8i82,1,9,9
M0001_C001,NZ0001,1,4jsq,9emz,1,10,10
M0001_C001,NZ0001,1,4jsq,9qbe,1,8,8
M0001_C001,NZ0001,1,4jsu,6ecd,4,5,6
M0001_C001,NZ0001,1,4jsu,6uf4,2,9,10
M0001_C001,NZ0001,1,4jsu,6wo2,4,7,8
M0001_C001,NZ0001,1,4jsu,7oyq,1,10,10
M0001_C001,NZ0001,1,4jsu,9qby,7,5,10
M0001_C001,NZ0001,1,4jt0,5tdb,2,8,9
M0001_C001,NZ0001,1,4jt0,6g8k,2,8,9
M0001_C001,NZ0001,1,4jt0,7qdi,2,9,9
M0001_C001,NZ0001,1,4jt0,9qbe,2,9,10
M0001_C001,NZ0001,1,4knl,5b6l,1,6,6
M0001_C001,NZ0001,1,4knl,5d13,1,10,10
M0001_C001,NZ0001,1,4knl,5dir,1,10,10
M0001_C001,NZ0001,1,4knl,5gnd,1,6,6
M0001_C001,NZ0001,1,4knl,5jqs,1,10,10
M0001_C001,NZ0001,1,4knl,5lrk,1,7,7
M0001_C001,NZ0001,1,4knl,6fms,3,3,5
M0001_C001,NZ0001,1,4knl,6m9c,1,7,7
M0001_C001,NZ0001,1,4knl,6whq,1,8,8
M0001_C001,NZ0001,1,4knl,6wuu,1,6,6
M0001_C001,NZ0001,1,4knl,7axp,1,8,8
M0001_C001,NZ0001,1,4knl,7lkc,1,9,9
M0001_C001,NZ0001,1,4knl,7nxe,1,6,6
M0001_C001,NZ0001,1,4knl,8cis,1,6,6
M0001_C001,NZ0001,1,4knl,8hoo,1,8,8
M0001_C001,NZ0001,1,4knl,9emz,3,4,7
M0001_C001,NZ0001,1,4knl,9j3s,1,9,9
M0001_C001,NZ0001,1,4o46,4uca,1,6,6
M0001_C001,NZ0001,1,4o46,4z33,1,6,6
M0001_C001,NZ0001,1,4o46,4zkr,1,6,6
M0001_C001,NZ0001,1,4o46,5etf,1,5,5
M0001_C001,NZ0001,1,4o46,5nwk,1,6,6
M0001_C001,NZ0001,1,4o46,5tdb,1,8,8
M0001_C001,NZ0001,1,4o46,6fcs,1,1,1
M0001_C001,NZ0001,1,4o46,6fvn,2,6,7
M0001_C001,NZ0001,1,4o46,6g8k,1,8,8
M0001_C001,NZ0001,1,4o46,6wuu,1,6,6
M0001_C001,NZ0001,1,4o46,8t5p,1,10,10
M0001_C001,NZ0001,1,4o46,8vjw,1,8,8
M0001_C001,NZ0001,1,4o46,8vpe,1,5,5
M0001_C001,NZ0001,1,4o46,8ysa,1,9,9
M0001_C001,NZ0001,1,4p9z,6ecf,1,6,6
M0001_C001,NZ0001,1,4p9z,6l5z,1,10,10
M0001_C001,NZ0001,1,4p9z,8i8g,1,9,9
M0001_C001,NZ0001,1,4p9z,8v2n,1,6,6
M0001_C001,NZ0001,1,4qa5,4y84,1,10,10
M0001_C001,NZ0001,1,4qa5,5dc8,1,3,3
M0001_C001,NZ0001,1,4qa5,6ecf,1,4,4
M0001_C001,NZ0001,1,4qa5,6yi1,1,10,10
M0001_C001,NZ0001,1,4qa5,7oyq,1,7,7
M0001_C001,NZ0001,1,4qa5,7rxf,1,9,9
M0001_C001,NZ0001,1,4qa5,8i84,1,6,6
M0001_C001,NZ0001,1,4qa5,9qby,2,7,9
M0001_C001,NZ0001,1,4qg1,4uca,1,9,9
M0001_C001,NZ0001,1,4qg1,5dir,1,4,4
M0001_C001,NZ0001,1,4qg1,5etf,1,9,9
M0001_C001,NZ0001,1,4qg1,6e8m,1,6,6
M0001_C001,NZ0001,1,4qg1,6fms,1,4,4
M0001_C001,NZ0001,1,4qg1,6g8k,1,10,10
M0001_C001,NZ0001,1,4qg1,6tsl,1,8,8
M0001_C001,NZ0001,1,4qg1,6wuu,2,8,9
M0001_C001,NZ0001,1,4qg1,8ano,1,2,2
M0001_C001,NZ0001,1,4qg1,8aoo,1,6,6
M0001_C001,NZ0001,1,4qg1,8pwp,1,9,9
M0001_C001,NZ0001,1,4qg1,8sou,1,9,9
M0001_C001,NZ0001,1,4qg1,8ti6,1,10,10
M0001_C001,NZ0001,1,4qg1,8vjw,1,7,7
M0001_C001,NZ0001,1,4qg1,9fxn,1,7,7
M0001_C001,NZ0001,1,4rcp,4y84,1,7,7
M0001_C001,NZ0001,1,4rcp,5d5e,1,5,5
M0001_C001,NZ0001,1,4rcp,6ecf,2,3,5
M0001_C001,NZ0001,1,4rcp,6ppm,1,9,9
M0001_C001,NZ0001,1,4rcp,6psa,1,5,5
M0001_C001,NZ0001,1,4rcp,6s7g,1,6,6
M0001_C001,NZ0001,1,4rcp,7ms1,1,9,9
M0001_C001,NZ0001,1,4rcp,7new,1,10,10
M0001_C001,NZ0001,1,4rcp,7u0e,1,10,10
M0001_C001,NZ0001,1,4rcp,7z3u,1,8,8
M0001_C001,NZ0001,1,4rcp,8s9z,1,5,5
M0001_C001,NZ0001,1,4rcp,8vld,1,9,9
M0001_C001,NZ0001,1,4rcp,9ehn,1,7,7
M0001_C001,NZ0001,1,4s1x,5nqa,1,7,7
M0001_C001,NZ0001,1,4s1x,5zms,1,9,9
M0001_C001,NZ0001,1,4s1x,7o50,1,9,9
M0001_C001,NZ0001,1,4ttk,5efj,1,10,10
M0001_C001,NZ0001,1,4ttk,6cnu,1,5,5
M0001_C001,NZ0001,1,4uca,4z33,1,9,9
M0001_C001,NZ0001,1,4uca,4zkr,1,10,10
M0001_C001,NZ0001,1,4uca,5dir,1,6,6
M0001_C001,NZ0001,1,4uca,5etf,1,6,6
M0001_C001,NZ0001,1,4uca,5nwk,1,10,10
M0001_C001,NZ0001,1,4uca,5tdb,1,9,9
M0001_C001,NZ0001,1,4uca,6e8m,1,10,10
M0001_C001,NZ0001,1,4uca,6fcs,1,5,5
M0001_C001,NZ0001,1,4uca,6fms,1,10,10
M0001_C001,NZ0001,1,4uca,6fvn,2,9,10
M0001_C001,NZ0001,1,4uca,6g8k,1,9,9
M0001_C001,NZ0001,1,4uca,8ano,1,7,7
M0001_C001,NZ0001,1,4uca,8t5p,1,4,4
M0001_C001,NZ0001,1,4uca,8vjw,2,9,10
M0001_C001,NZ0001,1,4uca,8vpe,1,10,10
M0001_C001,NZ0001,1,4ucb,6wuu,1,9,9
M0001_C001,NZ0001,1,4ucb,7lkc,1,5,5
M0001_C001,NZ0001,1,4whl,5svi,1,7,7
M0001_C001,NZ0001,1,4whl,9qb1,2,2,5
M0001_C001,NZ0001,1,4wkm,6cnu,1,8,8
M0001_C001,NZ0001,1,4wkm,6m5e,3,1,9
M0001_C001,NZ0001,1,4wkm,6pt2,2,3,9
M0001_C001,NZ0001,1,4wkm,6tch,1,10,10
M0001_C001,NZ0001,1,4wkm,7ltb,4,7,10
M0001_C001,NZ0001,1,4wkm,8hoo,2,6,10
M0001_C001,NZ0001,1,4x6z,8g82,6,4,10
M0001_C001,NZ0001,1,4x6z,8s6t,1,9,9
M0001_C001,NZ0001,1,4y69,4y6v,1,8,8
M0001_C001,NZ0001,1,4y69,9qdf,1,4,4
M0001_C001,NZ0001,1,4y6a,6s5p,1,9,9
M0001_C001,NZ0001,1,4y6a,7ofv,1,8,8
M0001_C001,NZ0001,1,4y6a,9qbe,1,8,8
M0001_C001,NZ0001,1,4y6v,6psa,1,10,10
M0001_C001,NZ0001,1,4y6v,8s9z,1,10,10
M0001_C001,NZ0001,1,4y6v,9ehn,1,8,8
M0001_C001,NZ0001,1,4y6v,9emz,1,6,6
M0001_C001,NZ0001,1,4y6v,9qbe,2,10,10
M0001_C001,NZ0001,1,4y6v,9qdf,1,9,9
M0001_C001,NZ0001,1,4y84,6ecf,2,7,9
M0001_C001,NZ0001,1,4y84,6psa,1,6,6
M0001_C001,NZ0001,1,4y84,7ms1,1,5,5
M0001_C001,NZ0001,1,4y84,8s9z,1,8,8
M0001_C001,NZ0001,1,4y84,9qbe,1,10,10
M0001_C001,NZ0001,1,4y84,9qdf,1,8,8
M0001_C001,NZ0001,1,4z33,4zkr,1,1,1
M0001_C001,NZ0001,1,4z33,5etf,1,7,7
M0001_C001,NZ0001,1,4z33,5nwk,1,1,1
M0001_C001,NZ0001,1,4z33,5tdb,1,4,4
M0001_C001,NZ0001,1,4z33,6fcs,1,6,6
M0001_C001,NZ0001,1,4z33,6fvn,2,1,6
M0001_C001,NZ0001,1,4z33,6g8k,1,8,8
M0001_C001,NZ0001,1,4z33,6tdb,1,10,10
M0001_C001,NZ0001,1,4z33,6wuu,1,7,7
M0001_C001,NZ0001,1,4z33,8sou,1,10,10
M0001_C001,NZ0001,1,4z33,8vjw,1,2,2
M0001_C001,NZ0001,1,4z33,8vpe,1,2,2
M0001_C001,NZ0001,1,4z33,8ysa,1,3,3
M0001_C001,NZ0001,1,4z33,9i24,1,10,10
M0001_C001,NZ0001,1,4zkr,5etf,1,8,8
M0001_C001,NZ0001,1,4zkr,5mfk,1,10,10
M0001_C001,NZ0001,1,4zkr,5tdb,1,4,4
M0001_C001,NZ0001,1,4zkr,6fcs,1,6,6
M0001_C001,NZ0001,1,4zkr,6fvn,2,1,6
M0001_C001,NZ0001,1,4zkr,6g8k,1,8,8
M0001_C001,NZ0001,1,4zkr,6tdb,1,9,9
M0001_C001,NZ0001,1,4zkr,6wuu,1,7,7
M0001_C001,NZ0001,1,4zkr,8vjw,1,2,2
M0001_C001,NZ0001,1,4zkr,8vpe,1,2,2
M0001_C001,NZ0001,1,4zkr,8ysa,1,3,3
M0001_C001,NZ0001,1,4zkr,9i24,1,10,10
M0001_C001,NZ0001,1,5aa2,9j3s,1,10,10
M0001_C001,NZ0001,1,5b6l,5dir,2,5,9
M0001_C001,NZ0001,1,5b6l,5efk,1,6,6
M0001_C001,NZ0001,1,5b6l,6fms,3,5,7
M0001_C001,NZ0001,1,5b6l,7axp,1,8,8
M0001_C001,NZ0001,1,5b6l,7lkc,1,9,9
M0001_C001,NZ0001,1,5b6l,7nxe,1,4,4
M0001_C001,NZ0001,1,5b6l,8vld,1,10,10
M0001_C001,NZ0001,1,5cgh,9qby,2,10,10
M0001_C001,NZ0001,1,5ctv,7qdi,2,5,8
M0001_C001,NZ0001,1,5d13,5i5a,1,9,9
M0001_C001,NZ0001,1,5d13,5lrk,2,7,10
M0001_C001,NZ0001,1,5d13,6phq,1,10,10
M0001_C001,NZ0001,1,5d13,6whq,1,10,10
M0001_C001,NZ0001,1,5d13,8cis,1,6,6
M0001_C001,NZ0001,1,5d13,9emz,2,8,9
M0001_C001,NZ0001,1,5d53,5d54,1,9,9
M0001_C001,NZ0001,1,5d53,6ecf,1,7,7
M0001_C001,NZ0001,1,5d53,6m9d,1,8,8
M0001_C001,NZ0001,1,5d53,6pt2,1,6,6
M0001_C001,NZ0001,1,5d53,6wi3,1,10,10
M0001_C001,NZ0001,1,5d53,7ofv,1,10,10
M0001_C001,NZ0001,1,5d53,8i8g,1,4,4
M0001_C001,NZ0001,1,5d53,8v2n,1,8,8
M0001_C001,NZ0001,1,5d54,6ecf,1,8,8
M0001_C001,NZ0001,1,5d54,6m9d,1,2,2
M0001_C001,NZ0001,1,5d54,6uf4,1,8,8
M0001_C001,NZ0001,1,5d54,7ofv,1,10,10
M0001_C001,NZ0001,1,5d54,8i8g,1,8,8
M0001_C001,NZ0001,1,5d54,8v2n,1,9,9
M0001_C001,NZ0001,1,5d5e,5mfk,1,9,9
M0001_C001,NZ0001,1,5d5e,6ecf,2,6,6
M0001_C001,NZ0001,1,5d5e,6ppm,1,4,4
M0001_C001,NZ0001,1,5d5e,6psa,1,6,6
M0001_C001,NZ0001,1,5d5e,6s7g,1,2,2
M0001_C001,NZ0001,1,5d5e,6tdb,1,10,10
M0001_C001,NZ0001,1,5d5e,7new,1,7,7
M0001_C001,NZ0001,1,5d5e,7q4t,1,6,6
M0001_C001,NZ0001,1,5d5e,7u0e,1,7,7
M0001_C001,NZ0001,1,5d5e,7z3u,1,10,10
M0001_C001,NZ0001,1,5d5e,8s9z,1,4,4
M0001_C001,NZ0001,1,5d5e,9ehn,1,5,5
M0001_C001,NZ0001,1,5dc8,6ecf,1,5,5
M0001_C001,NZ0001,1,5dc8,6yi1,1,8,8
M0001_C001,NZ0001,1,5dc8,7oyq,1,6,6
M0001_C001,NZ0001,1,5dc8,7rxf,1,6,6
M0001_C001,NZ0001,1,5dc8,8i84,1,3,3
M0001_C001,NZ0001,1,5dc8,9qby,1,9,9
M0001_C001,NZ0001,1,5dir,5efk,2,4,9
M0001_C001,NZ0001,1,5dir,5etf,1,8,8
M0001_C001,NZ0001,1,5dir,6e8m,1,10,10
M0001_C001,NZ0001,1,5dir,6fbt,1,9,9
M0001_C001,NZ0001,1,5dir,6fms,3,8,10
M0001_C001,NZ0001,1,5dir,6g8k,1,9,9
M0001_C001,NZ0001,1,5dir,6ryo,1,8,8
M0001_C001,NZ0001,1,5dir,6tch,1,3,3
M0001_C001,NZ0001,1,5dir,6tsl,1,9,9
M0001_C001,NZ0001,1,5dir,6wuu,1,10,10
M0001_C001,NZ0001,1,5dir,7axp,1,6,6
M0001_C001,NZ0001,1,5dir,7lkc,1,4,4
M0001_C001,NZ0001,1,5dir,7nxe,1,9,9
M0001_C001,NZ0001,1,5dir,8ano,1,5,5
M0001_C001,NZ0001,1,5dir,8aoo,1,8,8
M0001_C001,NZ0001,1,5dir,8t5p,1,7,7
M0001_C001,NZ0001,1,5dir,8vld,2,5,8
M0001_C001,NZ0001,1,5efk,6fms,1,10,10
M0001_C001,NZ0001,1,5efk,7axp,1,7,7
M0001_C001,NZ0001,1,5efk,7lkc,1,8,8
M0001_C001,NZ0001,1,5efk,7nxe,1,9,9
M0001_C001,NZ0001,1,5efk,8vld,1,9,9
M0001_C001,NZ0001,1,5etf,5nwk,1,8,8
M0001_C001,NZ0001,1,5etf,5tdb,1,7,7
M0001_C001,NZ0001,1,5etf,6fcs,1,4,4
M0001_C001,NZ0001,1,5etf,6fvn,2,7,8
M0001_C001,NZ0001,1,5etf,6g8k,1,4,4
M0001_C001,NZ0001,1,5etf,6wuu,1,10,10
M0001_C001,NZ0001,1,5etf,8ano,1,9,9
M0001_C001,NZ0001,1,5etf,8sou,1,7,7
M0001_C001,NZ0001,1,5etf,8t5p,1,8,8
M0001_C001,NZ0001,1,5etf,8vjw,2,7,7
M0001_C001,NZ0001,1,5etf,8vpe,1,8,8
M0001_C001,NZ0001,1,5etf,8ysa,1,7,7
M0001_C001,NZ0001,1,5gnd,5lrk,1,8,8
M0001_C001,NZ0001,1,5gnd,6m9c,1,7,7
M0001_C001,NZ0001,1,5gnd,6tsl,1,8,8
M0001_C001,NZ0001,1,5gnd,6whq,1,5,5
M0001_C001,NZ0001,1,5gnd,6wuu,3,8,10
M0001_C001,NZ0001,1,5gnd,8aoo,1,10,10
M0001_C001,NZ0001,1,5gnd,8ti6,1,10,10
M0001_C001,NZ0001,1,5gnd,9emz,3,5,8
M0001_C001,NZ0001,1,5gnd,9fxn,1,9,9
M0001_C001,NZ0001,1,5i5a,5jqs,1,4,4
M0001_C001,NZ0001,1,5i5a,5lrk,1,2,2
M0001_C001,NZ0001,1,5i5a,6phq,1,2,2
M0001_C001,NZ0001,1,5i5a,8cis,1,7,7
M0001_C001,NZ0001,1,5i5a,8hoo,1,10,10
M0001_C001,NZ0001,1,5i5a,9j3s,2,4,6
M0001_C001,NZ0001,1,5jqs,5lrk,1,6,6
M0001_C001,NZ0001,1,5jqs,6phq,1,6,6
M0001_C001,NZ0001,1,5jqs,8cis,1,9,9
M0001_C001,NZ0001,1,5jqs,9emz,1,10,10
M0001_C001,NZ0001,1,5jqs,9j3s,2,2,6
M0001_C001,NZ0001,1,5lrk,6phq,1,4,4
M0001_C001,NZ0001,1,5lrk,6whq,1,3,3
M0001_C001,NZ0001,1,5lrk,8cis,2,7,9
M0001_C001,NZ0001,1,5lrk,9emz,2,4,9
M0001_C001,NZ0001,1,5lrk,9j3s,2,5,6
M0001_C001,NZ0001,1,5m2h,6fbt,1,8,8
M0001_C001,NZ0001,1,5m2h,6ryo,1,10,10
M0001_C001,NZ0001,1,5m2h,7ltb,1,10,10
M0001_C001,NZ0001,1,5m2h,8hoo,1,10,10
M0001_C001,NZ0001,1,5m2k,9c2y,2,5,6
M0001_C001,NZ0001,1,5mfk,5nwk,1,10,10
M0001_C001,NZ0001,1,5mfk,6ecf,1,10,10
M0001_C001,NZ0001,1,5mfk,6fvn,1,10,10
M0001_C001,NZ0001,1,5mfk,6ppm,1,7,7
M0001_C001,NZ0001,1,5mfk,6tdb,1,3,3
M0001_C001,NZ0001,1,5mfk,6wuu,1,8,8
M0001_C001,NZ0001,1,5mfk,7new,1,5,5
M0001_C001,NZ0001,1,5mfk,7u0e,1,3,3
M0001_C001,NZ0001,1,5mfk,8vpe,1,10,10
M0001_C001,NZ0001,1,5mfk,9ehn,1,10,10
M0001_C001,NZ0001,1,5n22,6x5r,1,8,8
M0001_C001,NZ0001,1,5n8j,7qdi,1,10,10
M0001_C001,NZ0001,1,5nf0,6phm,1,10,10
M0001_C001,NZ0001,1,5nqa,6rlz,1,10,10
M0001_C001,NZ0001,1,5nwk,5tdb,1,4,4
M0001_C001,NZ0001,1,5nwk,6fcs,1,6,6
M0001_C001,NZ0001,1,5nwk,6fvn,2,1,6
M0001_C001,NZ0001,1,5nwk,6g8k,1,8,8
M0001_C001,NZ0001,1,5nwk,6tdb,1,9,9
M0001_C001,NZ0001,1,5nwk,6wuu,1,7,7
M0001_C001,NZ0001,1,5nwk,8vjw,1,2,2
M0001_C001,NZ0001,1,5nwk,8vpe,1,2,2
M0001_C001,NZ0001,1,5nwk,8ysa,1,3,3
M0001_C001,NZ0001,1,5nwk,9i24,1,10,10
M0001_C001,NZ0001,1,5onj,6wo2,1,10,10
M0001_C001,NZ0001,1,5svi,9qb1,2,9,9
M0001_C001,NZ0001,1,5tdb,6fcs,1,7,7
M0001_C001,NZ0001,1,5tdb,6fvn,2,5,10
M0001_C001,NZ0001,1,5tdb,6g8k,1,6,6
M0001_C001,NZ0001,1,5tdb,6tdb,1,10,10
M0001_C001,NZ0001,1,5tdb,6wuu,1,7,7
M0001_C001,NZ0001,1,5tdb,8sou,1,10,10
M0001_C001,NZ0001,1,5tdb,8vjw,1,6,6
M0001_C001,NZ0001,1,5tdb,8vpe,1,6,6
M0001_C001,NZ0001,1,5tdb,8ysa,1,7,7
M0001_C001,NZ0001,1,6cl1,6yd2,1,8,8
M0001_C001,NZ0001,1,6df1,9j3s,1,6,6
M0001_C001,NZ0001,1,6e8m,6fms,1,2,2
M0001_C001,NZ0001,1,6e8m,6m9c,1,9,9
M0001_C001,NZ0001,1,6e8m,6tsl,1,9,9
M0001_C001,NZ0001,1,6e8m,6wuu,2,5,6
M0001_C001,NZ0001,1,6e8m,7lfv,1,10,10
M0001_C001,NZ0001,1,6e8m,8ano,1,5,5
M0001_C001,NZ0001,1,6e8m,8aoo,1,8,8
M0001_C001,NZ0001,1,6e8m,8pwp,1,10,10
M0001_C001,NZ0001,1,6e8m,8sou,1,9,9
M0001_C001,NZ0001,1,6e8m,8t5p,1,10,10
M0001_C001,NZ0001,1,6e8m,8ti6,1,9,9
M0001_C001,NZ0001,1,6e8m,8vjw,1,5,5
M0001_C001,NZ0001,1,6e8m,9emz,1,9,9
M0001_C001,NZ0001,1,6e8m,9fxn,1,8,8
M0001_C001,NZ0001,1,6ecd,9qby,1,10,10
M0001_C001,NZ0001,1,6ece,6ecf,2,3,8
M0001_C001,NZ0001,1,6ece,6l5z,1,10,10
M0001_C001,NZ0001,1,6ece,9qby,1,9,9
M0001_C001,NZ0001,1,6ecf,6l5z,2,8,9
M0001_C001,NZ0001,1,6ecf,6m9d,2,8,10
M0001_C001,NZ0001,1,6ecf,6ppm,2,9,10
M0001_C001,NZ0001,1,6ecf,6psa,2,8,9
M0001_C001,NZ0001,1,6ecf,6pt2,1,6,6
M0001_C001,NZ0001,1,6ecf,6s7g,2,6,7
M0001_C001,NZ0001,1,6ecf,6tdb,1,9,9
M0001_C001,NZ0001,1,6ecf,6wi3,1,8,8
M0001_C001,NZ0001,1,6ecf,7new,2,5,8
M0001_C001,NZ0001,1,6ecf,7oyq,1,10,10
M0001_C001,NZ0001,1,6ecf,7rxf,1,9,9
M0001_C001,NZ0001,1,6ecf,7u0e,2,7,8
M0001_C001,NZ0001,1,6ecf,7z3u,2,7,8
M0001_C001,NZ0001,1,6ecf,8i82,1,10,10
M0001_C001,NZ0001,1,6ecf,8i84,1,6,6
M0001_C001,NZ0001,1,6ecf,8i8g,1,3,3
M0001_C001,NZ0001,1,6ecf,8s9z,2,8,9
M0001_C001,NZ0001,1,6ecf,8v2n,1,4,4
M0001_C001,NZ0001,1,6ecf,9c2y,1,10,10
M0001_C001,NZ0001,1,6ecf,9ehn,1,10,10
M0001_C001,NZ0001,1,6ecf,9qb1,1,10,10
M0001_C001,NZ0001,1,6ecf,9qby,2,10,10
M0001_C001,NZ0001,1,6fbt,6ryo,1,7,7
M0001_C001,NZ0001,1,6fcr,6mw2,1,1,1
M0001_C001,NZ0001,1,6fcr,7q4t,1,9,9
M0001_C001,NZ0001,1,6fcr,9qby,1,10,10
M0001_C001,NZ0001,1,6fcs,6fvn,2,6,7
M0001_C001,NZ0001,1,6fcs,6g8k,1,7,7
M0001_C001,NZ0001,1,6fcs,6wuu,1,7,7
M0001_C001,NZ0001,1,6fcs,8t5p,1,9,9
M0001_C001,NZ0001,1,6fcs,8vjw,2,8,10
M0001_C001,NZ0001,1,6fcs,8vpe,1,5,5
M0001_C001,NZ0001,1,6fcs,8ysa,1,9,9
M0001_C001,NZ0001,1,6fms,6m9c,1,10,10
M0001_C001,NZ0001,1,6fms,6tsl,1,7,7
M0001_C001,NZ0001,1,6fms,6wuu,2,6,7
M0001_C001,NZ0001,1,6fms,7axp,3,5,5
M0001_C001,NZ0001,1,6fms,7nxe,3,8,9
M0001_C001,NZ0001,1,6fms,8ano,1,3,3
M0001_C001,NZ0001,1,6fms,8aoo,1,6,6
M0001_C001,NZ0001,1,6fms,8pwp,1,8,8
M0001_C001,NZ0001,1,6fms,8sou,1,8,8
M0001_C001,NZ0001,1,6fms,8ti6,1,8,8
M0001_C001,NZ0001,1,6fms,8vjw,1,4,4
M0001_C001,NZ0001,1,6fms,9emz,1,10,10
M0001_C001,NZ0001,1,6fms,9fxn,1,6,6
M0001_C001,NZ0001,1,6fvn,6g8k,2,9,10
M0001_C001,NZ0001,1,6fvn,6tdb,2,9,10
M0001_C001,NZ0001,1,6fvn,6wuu,2,7,8
M0001_C001,NZ0001,1,6fvn,8vjw,2,2,5
M0001_C001,NZ0001,1,6fvn,8vpe,2,3,4
M0001_C001,NZ0001,1,6fvn,8ysa,2,3,4
M0001_C001,NZ0001,1,6fvn,9ex5,1,10,10
M0001_C001,NZ0001,1,6fvn,9i24,2,9,10
M0001_C001,NZ0001,1,6g8k,6wuu,1,9,9
M0001_C001,NZ0001,1,6g8k,8ano,1,10,10
M0001_C001,NZ0001,1,6g8k,8pwp,1,9,9
M0001_C001,NZ0001,1,6g8k,8sou,1,10,10
M0001_C001,NZ0001,1,6g8k,8vjw,2,8,10
M0001_C001,NZ0001,1,6g8k,8vpe,1,7,7
M0001_C001,NZ0001,1,6l5z,8i8g,1,8,8
M0001_C001,NZ0001,1,6m5e,6pt2,1,4,4
M0001_C001,NZ0001,1,6m5e,6xif,1,9,9
M0001_C001,NZ0001,1,6m5e,7ltb,1,9,9
M0001_C001,NZ0001,1,6m5e,8hoo,1,7,7
M0001_C001,NZ0001,1,6m9c,6tsl,1,9,9
M0001_C001,NZ0001,1,6m9c,6whq,1,9,9
M0001_C001,NZ0001,1,6m9c,6wuu,1,7,7
M0001_C001,NZ0001,1,6m9c,8aoo,1,8,8
M0001_C001,NZ0001,1,6m9c,8cis,1,8,8
M0001_C001,NZ0001,1,6m9c,9emz,2,2,7
M0001_C001,NZ0001,1,6m9c,9fxn,1,5,5
M0001_C001,NZ0001,1,6m9d,6uf4,1,9,9
M0001_C001,NZ0001,1,6m9d,7ofv,1,10,10
M0001_C001,NZ0001,1,6m9d,8i8g,1,8,8
M0001_C001,NZ0001,1,6m9d,8v2n,1,9,9
M0001_C001,NZ0001,1,6mw2,6ppm,1,10,10
M0001_C001,NZ0001,1,6mw2,7q4t,1,8,8
M0001_C001,NZ0001,1,6phm,8vld,1,10,10
M0001_C001,NZ0001,1,6phq,8cis,1,6,6
M0001_C001,NZ0001,1,6phq,8hoo,1,8,8
M0001_C001,NZ0001,1,6phq,9emz,2,10,10
M0001_C001,NZ0001,1,6phq,9j3s,2,3,5
M0001_C001,NZ0001,1,6ppm,6psa,1,10,10
M0001_C001,NZ0001,1,6ppm,6s7g,1,4,4
M0001_C001,NZ0001,1,6ppm,6tdb,1,8,8
M0001_C001,NZ0001,1,6ppm,7new,1,5,5
M0001_C001,NZ0001,1,6ppm,7q4t,1,8,8
M0001_C001,NZ0001,1,6ppm,7u0e,1,5,5
M0001_C001,NZ0001,1,6ppm,8s9z,1,8,8
M0001_C001,NZ0001,1,6ppm,9ehn,1,9,9
M0001_C001,NZ0001,1,6psa,6s7g,1,7,7
M0001_C001,NZ0001,1,6psa,7ms1,1,9,9
M0001_C001,NZ0001,1,6psa,7new,1,10,10
M0001_C001,NZ0001,1,6psa,7u0e,1,10,10
M0001_C001,NZ0001,1,6psa,7z3u,1,8,8
M0001_C001,NZ0001,1,6psa,8s9z,1,2,2
M0001_C001,NZ0001,1,6psa,8vld,1,9,9
M0001_C001,NZ0001,1,6psa,9ehn,1,6,6
M0001_C001,NZ0001,1,6psa,9emz,1,9,9
M0001_C001,NZ0001,1,6pt2,7ms1,1,9,9
M0001_C001,NZ0001,1,6pt2,8hoo,1,7,7
M0001_C001,NZ0001,1,6pt2,8i8g,1,6,6
M0001_C001,NZ0001,1,6pt2,8v2n,1,9,9
M0001_C001,NZ0001,1,6pt2,8vld,1,10,10
M0001_C001,NZ0001,1,6ryo,6tch,1,6,6
M0001_C001,NZ0001,1,6ryo,8hoo,1,9,9
M0001_C001,NZ0001,1,6s7g,7ms1,1,10,10
M0001_C001,NZ0001,1,6s7g,7new,1,9,9
M0001_C001,NZ0001,1,6s7g,7q4t,1,5,5
M0001_C001,NZ0001,1,6s7g,7u0e,1,9,9
M0001_C001,NZ0001,1,6s7g,8s9z,1,5,5
M0001_C001,NZ0001,1,6s7g,8vld,1,10,10
M0001_C001,NZ0001,1,6s7g,9ehn,1,7,7
M0001_C001,NZ0001,1,6tdb,6wuu,1,7,7
M0001_C001,NZ0001,1,6tdb,7new,1,4,4
M0001_C001,NZ0001,1,6tdb,7u0e,1,3,3
M0001_C001,NZ0001,1,6tdb,8vjw,1,10,10
M0001_C001,NZ0001,1,6tdb,8vpe,1,9,9
M0001_C001,NZ0001,1,6tdb,9qbe,1,10,10
M0001_C001,NZ0001,1,6tsl,6wuu,1,9,9
M0001_C001,NZ0001,1,6tsl,8ano,1,8,8
M0001_C001,NZ0001,1,6tsl,8aoo,1,6,6
M0001_C001,NZ0001,1,6tsl,8ti6,1,4,4
M0001_C001,NZ0001,1,6tsl,8vjw,1,10,10
M0001_C001,NZ0001,1,6tsl,9emz,1,8,8
M0001_C001,NZ0001,1,6tsl,9ex5,1,9,9
M0001_C001,NZ0001,1,6tsl,9fxn,1,10,10
M0001_C001,NZ0001,1,6ucw,6yi1,1,10,10
M0001_C001,NZ0001,1,6ucw,7f0f,1,8,8
M0001_C001,NZ0001,1,6ucw,7oyq,1,9,9
M0001_C001,NZ0001,1,6ucw,8hor,1,2,2
M0001_C001,NZ0001,1,6uf4,6wo2,1,8,8
M0001_C001,NZ0001,1,6whq,7lkc,1,9,9
M0001_C001,NZ0001,1,6whq,8cis,1,8,8
M0001_C001,NZ0001,1,6whq,9emz,3,4,10
M0001_C001,NZ0001,1,6wi3,8i82,1,4,4
M0001_C001,NZ0001,1,6wi3,8i8g,1,8,8
M0001_C001,NZ0001,1,6wi3,8v2n,1,7,7
M0001_C001,NZ0001,1,6wi3,8vld,1,8,8
M0001_C001,NZ0001,1,6wo2,7f0c,1,8,8
M0001_C001,NZ0001,1,6wo2,9qby,1,10,10
M0001_C001,NZ0001,1,6wuu,7lkc,1,5,5
M0001_C001,NZ0001,1,6wuu,7new,1,10,10
M0001_C001,NZ0001,1,6wuu,7u0e,1,10,10
M0001_C001,NZ0001,1,6wuu,8ano,2,8,9
M0001_C001,NZ0001,1,6wuu,8aoo,2,8,10
M0001_C001,NZ0001,1,6wuu,8hoo,1,9,9
M0001_C001,NZ0001,1,6wuu,8ti6,1,9,9
M0001_C001,NZ0001,1,6wuu,8vjw,2,9,10
M0001_C001,NZ0001,1,6wuu,8vpe,1,6,6
M0001_C001,NZ0001,1,6wuu,8ysa,1,10,10
M0001_C001,NZ0001,1,6wuu,9emz,4,6,10
M0001_C001,NZ0001,1,6wuu,9ex5,1,7,7
M0001_C001,NZ0001,1,6wuu,9fxn,1,7,7
M0001_C001,NZ0001,1,6wx4,7z3u,1,7,7
M0001_C001,NZ0001,1,6wx4,9i24,1,9,9
M0001_C001,NZ0001,1,6xbg,7lfv,1,9,9
M0001_C001,NZ0001,1,6xbg,8vjd,1,5,5
M0001_C001,NZ0001,1,6xbh,8hoq,1,8,8
M0001_C001,NZ0001,1,6yd2,9qb1,1,10,10
M0001_C001,NZ0001,1,6yi1,7oyq,1,4,4
M0001_C001,NZ0001,1,6yi1,7rxf,1,9,9
M0001_C001,NZ0001,1,6yi1,7zb0,1,5,5
M0001_C001,NZ0001,1,6yi1,8hor,1,9,9
M0001_C001,NZ0001,1,6yi1,8i84,1,10,10
M0001_C001,NZ0001,1,6yi1,9qby,1,10,10
M0001_C001,NZ0001,1,6zve,9qb1,2,8,10
M0001_C001,NZ0001,1,7ajz,7zb0,1,9,9
M0001_C001,NZ0001,1,7axp,7lkc,1,8,8
M0001_C001,NZ0001,1,7axp,8vld,1,9,9
M0001_C001,NZ0001,1,7axx,8g82,2,9,10
M0001_C001,NZ0001,1,7f0f,8hor,1,7,7
M0001_C001,NZ0001,1,7lfv,8pwp,1,8,8
M0001_C001,NZ0001,1,7lfv,8sou,1,7,7
M0001_C001,NZ0001,1,7lfv,8vjw,1,9,9
M0001_C001,NZ0001,1,7lfv,9fxn,1,10,10
M0001_C001,NZ0001,1,7lkc,8hoo,1,10,10
M0001_C001,NZ0001,1,7lkc,8vld,1,3,3
M0001_C001,NZ0001,1,7lkc,9emz,1,10,10
M0001_C001,NZ0001,1,7m2p,8tqu,1,8,8
M0001_C001,NZ0001,1,7m2p,9qbe,1,4,4
M0001_C001,NZ0001,1,7m2p,9qdf,1,9,9
M0001_C001,NZ0001,1,7ms1,8s9z,1,10,10
M0001_C001,NZ0001,1,7ms1,8vld,1,8,8
M0001_C001,NZ0001,1,7ms1,9qbe,1,8,8
M0001_C001,NZ0001,1,7new,7u0e,1,2,2
M0001_C001,NZ0001,1,7new,7z3u,1,10,10
M0001_C001,NZ0001,1,7new,8s9z,1,9,9
M0001_C001,NZ0001,1,7new,9ehn,1,8,8
M0001_C001,NZ0001,1,7ofv,8hoq,1,9,9
M0001_C001,NZ0001,1,7ofv,9qbe,1,5,5
M0001_C001,NZ0001,1,7oyq,7rxf,1,10,10
M0001_C001,NZ0001,1,7oyq,7zb0,1,8,8
M0001_C001,NZ0001,1,7oyq,8hor,1,10,10
M0001_C001,NZ0001,1,7oyq,8i84,1,7,7
M0001_C001,NZ0001,1,7oyq,9qby,2,6,10
M0001_C001,NZ0001,1,7q4t,8s9z,1,10,10
M0001_C001,NZ0001,1,7q4t,8vld,1,6,6
M0001_C001,NZ0001,1,7qdi,8c3d,1,10,10
M0001_C001,NZ0001,1,7rxf,8i84,1,3,3
M0001_C001,NZ0001,1,7u0e,8s9z,1,9,9
M0001_C001,NZ0001,1,7u0e,9ehn,1,8,8
M0001_C001,NZ0001,1,7z3u,8s9z,1,7,7
M0001_C001,NZ0001,1,7z3u,9ehn,1,10,10
M0001_C001,NZ0001,1,7zb0,8v2n,1,10,10
M0001_C001,NZ0001,1,8ano,8aoo,1,6,6
M0001_C001,NZ0001,1,8ano,8sou,1,8,8
M0001_C001,NZ0001,1,8ano,8t5p,1,9,9
M0001_C001,NZ0001,1,8ano,8ti6,1,10,10
M0001_C001,NZ0001,1,8ano,8vjw,1,6,6
M0001_C001,NZ0001,1,8ano,9fxn,1,9,9
M0001_C001,NZ0001,1,8aoo,8pwp,1,10,10
M0001_C001,NZ0001,1,8aoo,8ti6,1,10,10
M0001_C001,NZ0001,1,8aoo,8vjw,1,9,9
M0001_C001,NZ0001,1,8aoo,9emz,1,6,6
M0001_C001,NZ0001,1,8aoo,9fxn,1,9,9
M0001_C005,NZ0051,1,8bzl,9cl8,2,5,9
M0001_C001,NZ0001,1,8cis,8hoo,1,10,10
M0001_C001,NZ0001,1,8cis,9emz,3,4,9
M0001_C001,NZ0001,1,8cis,9fxn,1,10,10
M0001_C001,NZ0001,1,8cis,9j3s,1,9,9
M0001_C001,NZ0001,1,8g1w,9kgq,1,3,3
M0001_C001,NZ0001,1,8g82,8s6t,6,5,9
M0001_C001,NZ0001,1,8hoo,8vld,1,9,9
M0001_C001,NZ0001,1,8hoo,9emz,1,6,6
M0001_C001,NZ0001,1,8hoo,9j3s,1,8,8
M0001_C001,NZ0001,1,8hop,8hoq,1,9,9
M0001_C001,NZ0001,1,8hoq,9qbe,1,7,7
M0001_C006,NZ0053,1,8hos,9bc1,2,8,10
M0001_C001,NZ0001,1,8i82,8i8g,1,9,9
M0001_C001,NZ0001,1,8i82,8vld,1,8,8
M0001_C001,NZ0001,1,8i84,9qby,1,10,10
M0001_C001,NZ0001,1,8i8g,8v2n,1,4,4
M0001_C001,NZ0001,1,8pwp,8sou,1,5,5
M0001_C001,NZ0001,1,8pwp,8vjw,1,9,9
M0001_C001,NZ0001,1,8pwp,9fxn,1,10,10
M0001_C001,NZ0001,1,8s9z,8vld,1,10,10
M0001_C001,NZ0001,1,8s9z,9ehn,1,4,4
M0001_C001,NZ0001,1,8s9z,9emz,1,9,9
M0001_C001,NZ0001,1,8s9z,9qbe,1,10,10
M0001_C001,NZ0001,1,8sou,8vjw,2,4,10
M0001_C001,NZ0001,1,8sou,8ysa,1,10,10
M0001_C001,NZ0001,1,8sou,9i24,1,10,10
M0001_C001,NZ0001,1,8t5p,9ex5,1,10,10
M0001_C001,NZ0001,1,8ti6,9ex5,1,6,6
M0001_C001,NZ0001,1,8tqu,9qbe,1,7,7
M0001_C001,NZ0001,1,8vjw,8vpe,1,3,3
M0001_C001,NZ0001,1,8vjw,8ysa,1,1,1
M0001_C001,NZ0001,1,8vjw,9fxn,1,9,9
M0001_C001,NZ0001,1,8vjw,9i24,1,8,8
M0001_C001,NZ0001,1,8vld,9qbe,1,9,9
M0001_C001,NZ0001,1,8vpe,8ysa,1,4,4
M0001_C001,NZ0001,1,8ysa,9i24,1,7,7
M0001_C001,NZ0001,1,9c2y,9kgq,1,8,8
M0001_C001,NZ0001,1,9c2y,9qb1,2,9,10
M0001_C001,NZ0001,1,9ehn,9emz,1,7,7
M0001_C001,NZ0001,1,9ehn,9qbe,1,8,8
M0001_C001,NZ0001,1,9emz,9fxn,1,5,5
M0001_C001,NZ0001,1,9emz,9j3s,2,8,10
M0001_C001,NZ0001,1,9emz,9qbe,1,4,4
M0001_C001,NZ0001,1,9qbe,9qdf,1,10,10
M0003_C003,NZ0020,3,2h4y,2hby,1,2,2
M0003_C004,NZ0040,3,7gue,7guf,1,9,9
M0003_C005,NZ0041,3,7gvb,7gve,1,10,10
M0003_C002,NZ0009,3,7gvc,7gvg,1,10,10
M0003_C002,NZ0009,3,7gvf,7gvg,1,10,10
M0003_C006,NZ0042,3,7gvr,7gvz,1,9,9
M0003_C007,NZ0043,3,7gvv,7gvx,1,10,10
M0003_C001,NZ0007,3,7gw3,7gw4,1,10,10
M0003_C001,NZ0007,3,7gw4,7gw6,1,9,9
M0003_C001,NZ0007,3,7gw6,7gw7,1,10,10
M0003_C008,NZ0044,3,7gwb,7gwf,1,10,10
M0003_C009,NZ0045,3,7gwm,7gxb,1,9,9
M0003_C010,NZ0046,3,7gwy,7gx2,1,9,9
M0003_C011,NZ0047,3,7gx1,7gx9,1,10,10
M0003_C012,NZ0048,3,7gxe,7gxf,1,8,8
M0003_C013,NZ0049,3,7gxh,7gxn,1,9,9
M0003_C014,NZ0050,3,7gxs,7gxu,1,10,10
M0006_C001,NZ0031,6,5c7z,5fpi,1,1,1
M0020_C001,NZ0018,20,1ydt,2uzw,1,2,2
M0025_C001,NZ0019,25,2ck3,2w6j,1,2,2
M0025_C002,NZ0039,25,7f4m,7f4n,1,2,2
M0028_C001,NZ0008,28,3kzi,4v62,1,2,2
M0032_C001,NZ0008,32,4v62,4v82,1,3,3
M0034_C001,NZ0008,34,3kzi,4v62,1,3,3
M0034_C001,NZ0008,34,4v62,4v82,1,3,3
M0035_C001,NZ0008,35,3kzi,4v62,1,3,3
M0035_C001,NZ0008,35,4v62,4v82,3,3,3
M0037_C001,NZ0008,37,4v62,4v82,4,3,4
M0039_C001,NZ0002,39,2zxe,5avq,1,2,2
M0039_C001,NZ0002,39,2zxe,5avr,1,3,3
M0039_C001,NZ0002,39,2zxe,5avs,1,3,3
M0039_C001,NZ0002,39,2zxe,5avt,1,3,3
M0039_C001,NZ0002,39,2zxe,5avu,1,3,3
M0039_C001,NZ0002,39,2zxe,5avv,1,2,2
M0039_C001,NZ0002,39,2zxe,5avw,1,3,3
M0039_C001,NZ0002,39,2zxe,5avx,1,2,2
M0039_C001,NZ0002,39,2zxe,5avy,1,3,3
M0039_C001,NZ0002,39,2zxe,5avz,1,3,3
M0039_C001,NZ0002,39,2zxe,5aw0,1,2,2
M0039_C001,NZ0002,39,2zxe,5aw1,1,3,3
M0039_C001,NZ0002,39,2zxe,5aw2,1,2,2
M0039_C001,NZ0002,39,2zxe,5aw3,1,3,3
M0039_C001,NZ0002,39,2zxe,5aw4,1,3,3
M0039_C001,NZ0002,39,2zxe,5aw5,1,3,3
M0039_C001,NZ0002,39,2zxe,5aw6,1,4,4
M0039_C001,NZ0002,39,2zxe,5aw7,1,3,3
M0039_C001,NZ0002,39,2zxe,5aw8,1,4,4
M0039_C001,NZ0002,39,5avq,5avr,1,3,3
M0039_C001,NZ0002,39,5avq,5avs,1,3,3
M0039_C001,NZ0002,39,5avq,5avt,1,4,4
M0039_C001,NZ0002,39,5avq,5avu,1,3,3
M0039_C001,NZ0002,39,5avq,5avv,1,3,3
M0039_C001,NZ0002,39,5avq,5avw,1,3,3
M0039_C001,NZ0002,39,5avq,5avx,1,3,3
M0039_C001,NZ0002,39,5avq,5avy,1,3,3
M0039_C001,NZ0002,39,5avq,5avz,1,4,4
M0039_C001,NZ0002,39,5avq,5aw0,1,3,3
M0039_C001,NZ0002,39,5avq,5aw1,1,4,4
M0039_C001,NZ0002,39,5avq,5aw2,1,4,4
M0039_C001,NZ0002,39,5avq,5aw3,1,4,4
M0039_C001,NZ0002,39,5avq,5aw4,1,5,5
M0039_C001,NZ0002,39,5avq,5aw5,1,4,4
M0039_C001,NZ0002,39,5avq,5aw6,1,4,4
M0039_C001,NZ0002,39,5avq,5aw7,1,4,4
M0039_C001,NZ0002,39,5avq,5aw8,1,4,4
M0039_C001,NZ0002,39,5avr,5avs,1,4,4
M0039_C001,NZ0002,39,5avr,5avt,1,4,4
M0039_C001,NZ0002,39,5avr,5avu,1,4,4
M0039_C001,NZ0002,39,5avr,5avv,1,4,4
M0039_C001,NZ0002,39,5avr,5avw,1,4,4
M0039_C001,NZ0002,39,5avr,5avx,1,4,4
M0039_C001,NZ0002,39,5avr,5avy,1,3,3
M0039_C001,NZ0002,39,5avr,5avz,1,4,4
M0039_C001,NZ0002,39,5avr,5aw0,1,4,4
M0039_C001,NZ0002,39,5avr,5aw1,1,5,5
M0039_C001,NZ0002,39,5avr,5aw2,1,3,3
M0039_C001,NZ0002,39,5avr,5aw3,1,4,4
M0039_C001,NZ0002,39,5avr,5aw4,1,4,4
M0039_C001,NZ0002,39,5avr,5aw5,1,4,4
M0039_C001,NZ0002,39,5avr,5aw6,1,5,5
M0039_C001,NZ0002,39,5avr,5aw7,1,4,4
M0039_C001,NZ0002,39,5avr,5aw8,1,4,4
M0039_C001,NZ0002,39,5avs,5avt,1,4,4
M0039_C001,NZ0002,39,5avs,5avu,1,4,4
M0039_C001,NZ0002,39,5avs,5avv,1,3,3
M0039_C001,NZ0002,39,5avs,5avw,1,4,4
M0039_C001,NZ0002,39,5avs,5avx,1,4,4
M0039_C001,NZ0002,39,5avs,5avy,1,3,3
M0039_C001,NZ0002,39,5avs,5avz,1,3,3
M0039_C001,NZ0002,39,5avs,5aw0,1,4,4
M0039_C001,NZ0002,39,5avs,5aw1,1,5,5
M0039_C001,NZ0002,39,5avs,5aw2,1,3,3
M0039_C001,NZ0002,39,5avs,5aw3,1,3,3
M0039_C001,NZ0002,39,5avs,5aw4,1,4,4
M0039_C001,NZ0002,39,5avs,5aw5,1,3,3
M0039_C001,NZ0002,39,5avs,5aw6,1,6,6
M0039_C001,NZ0002,39,5avs,5aw7,1,4,4
M0039_C001,NZ0002,39,5avs,5aw8,1,5,5
M0039_C001,NZ0002,39,5avt,5avu,1,3,3
M0039_C001,NZ0002,39,5avt,5avv,1,4,4
M0039_C001,NZ0002,39,5avt,5avw,1,3,3
M0039_C001,NZ0002,39,5avt,5avx,1,4,4
M0039_C001,NZ0002,39,5avt,5avy,1,4,4
M0039_C001,NZ0002,39,5avt,5avz,1,4,4
M0039_C001,NZ0002,39,5avt,5aw0,1,5,5
M0039_C001,NZ0002,39,5avt,5aw1,1,4,4
M0039_C001,NZ0002,39,5avt,5aw2,1,4,4
M0039_C001,NZ0002,39,5avt,5aw3,1,3,3
M0039_C001,NZ0002,39,5avt,5aw4,1,5,5
M0039_C001,NZ0002,39,5avt,5aw5,1,4,4
M0039_C001,NZ0002,39,5avt,5aw6,1,4,4
M0039_C001,NZ0002,39,5avt,5aw7,1,4,4
M0039_C001,NZ0002,39,5avt,5aw8,1,4,4
M0039_C001,NZ0002,39,5avu,5avv,1,4,4
M0039_C001,NZ0002,39,5avu,5avw,1,4,4
M0039_C001,NZ0002,39,5avu,5avx,1,4,4
M0039_C001,NZ0002,39,5avu,5avy,1,3,3
M0039_C001,NZ0002,39,5avu,5avz,1,5,5
M0039_C001,NZ0002,39,5avu,5aw0,1,4,4
M0039_C001,NZ0002,39,5avu,5aw1,1,5,5
M0039_C001,NZ0002,39,5avu,5aw2,1,4,4
M0039_C001,NZ0002,39,5avu,5aw3,1,5,5
M0039_C001,NZ0002,39,5avu,5aw4,1,4,4
M0039_C001,NZ0002,39,5avu,5aw5,1,5,5
M0039_C001,NZ0002,39,5avu,5aw6,1,5,5
M0039_C001,NZ0002,39,5avu,5aw7,1,4,4
M0039_C001,NZ0002,39,5avu,5aw8,1,4,4
M0039_C001,NZ0002,39,5avv,5avw,1,4,4
M0039_C001,NZ0002,39,5avv,5avx,1,4,4
M0039_C001,NZ0002,39,5avv,5avy,1,4,4
M0039_C001,NZ0002,39,5avv,5avz,1,4,4
M0039_C001,NZ0002,39,5avv,5aw0,1,3,3
M0039_C001,NZ0002,39,5avv,5aw1,1,3,3
M0039_C001,NZ0002,39,5avv,5aw2,1,4,4
M0039_C001,NZ0002,39,5avv,5aw3,1,4,4
M0039_C001,NZ0002,39,5avv,5aw4,1,4,4
M0039_C001,NZ0002,39,5avv,5aw5,1,4,4
M0039_C001,NZ0002,39,5avv,5aw6,1,4,4
M0039_C001,NZ0002,39,5avv,5aw7,1,5,5
M0039_C001,NZ0002,39,5avv,5aw8,1,5,5
M0039_C001,NZ0002,39,5avw,5avx,1,3,3
M0039_C001,NZ0002,39,5avw,5avy,1,3,3
M0039_C001,NZ0002,39,5avw,5avz,1,4,4
M0039_C001,NZ0002,39,5avw,5aw0,1,3,3
M0039_C001,NZ0002,39,5avw,5aw1,1,3,3
M0039_C001,NZ0002,39,5avw,5aw2,1,5,5
M0039_C001,NZ0002,39,5avw,5aw3,1,4,4
M0039_C001,NZ0002,39,5avw,5aw4,1,4,4
M0039_C001,NZ0002,39,5avw,5aw5,1,4,4
M0039_C001,NZ0002,39,5avw,5aw6,1,6,6
M0039_C001,NZ0002,39,5avw,5aw7,1,4,4
M0039_C001,NZ0002,39,5avw,5aw8,1,4,4
M0039_C001,NZ0002,39,5avx,5avy,1,4,4
M0039_C001,NZ0002,39,5avx,5avz,1,3,3
M0039_C001,NZ0002,39,5avx,5aw0,1,3,3
M0039_C001,NZ0002,39,5avx,5aw1,1,5,5
M0039_C001,NZ0002,39,5avx,5aw2,1,3,3
M0039_C001,NZ0002,39,5avx,5aw3,1,4,4
M0039_C001,NZ0002,39,5avx,5aw4,1,5,5
M0039_C001,NZ0002,39,5avx,5aw5,1,4,4
M0039_C001,NZ0002,39,5avx,5aw6,1,4,4
M0039_C001,NZ0002,39,5avx,5aw7,1,4,4
M0039_C001,NZ0002,39,5avx,5aw8,1,4,4
M0039_C001,NZ0002,39,5avy,5avz,1,3,3
M0039_C001,NZ0002,39,5avy,5aw0,1,4,4
M0039_C001,NZ0002,39,5avy,5aw1,1,3,3
M0039_C001,NZ0002,39,5avy,5aw2,1,4,4
M0039_C001,NZ0002,39,5avy,5aw3,1,3,3
M0039_C001,NZ0002,39,5avy,5aw4,1,4,4
M0039_C001,NZ0002,39,5avy,5aw5,1,5,5
M0039_C001,NZ0002,39,5avy,5aw6,1,5,5
M0039_C001,NZ0002,39,5avy,5aw7,1,4,4
M0039_C001,NZ0002,39,5avy,5aw8,1,5,5
M0039_C001,NZ0002,39,5avz,5aw0,1,4,4
M0039_C001,NZ0002,39,5avz,5aw1,1,3,3
M0039_C001,NZ0002,39,5avz,5aw2,1,4,4
M0039_C001,NZ0002,39,5avz,5aw3,1,4,4
M0039_C001,NZ0002,39,5avz,5aw4,1,4,4
M0039_C001,NZ0002,39,5avz,5aw5,1,5,5
M0039_C001,NZ0002,39,5avz,5aw6,1,5,5
M0039_C001,NZ0002,39,5avz,5aw7,1,5,5
M0039_C001,NZ0002,39,5avz,5aw8,1,4,4
M0039_C001,NZ0002,39,5aw0,5aw1,1,3,3
M0039_C001,NZ0002,39,5aw0,5aw2,1,4,4
M0039_C001,NZ0002,39,5aw0,5aw3,1,3,3
M0039_C001,NZ0002,39,5aw0,5aw4,1,4,4
M0039_C001,NZ0002,39,5aw0,5aw5,1,4,4
M0039_C001,NZ0002,39,5aw0,5aw6,1,4,4
M0039_C001,NZ0002,39,5aw0,5aw7,1,3,3
M0039_C001,NZ0002,39,5aw0,5aw8,1,4,4
M0039_C001,NZ0002,39,5aw1,5aw2,1,4,4
M0039_C001,NZ0002,39,5aw1,5aw3,1,4,4
M0039_C001,NZ0002,39,5aw1,5aw4,1,5,5
M0039_C001,NZ0002,39,5aw1,5aw5,1,4,4
M0039_C001,NZ0002,39,5aw1,5aw6,1,4,4
M0039_C001,NZ0002,39,5aw1,5aw7,1,4,4
M0039_C001,NZ0002,39,5aw1,5aw8,1,4,4
M0039_C001,NZ0002,39,5aw2,5aw3,1,4,4
M0039_C001,NZ0002,39,5aw2,5aw4,1,3,3
M0039_C001,NZ0002,39,5aw2,5aw5,1,4,4
M0039_C001,NZ0002,39,5aw2,5aw6,1,4,4
M0039_C001,NZ0002,39,5aw2,5aw7,1,4,4
M0039_C001,NZ0002,39,5aw2,5aw8,1,4,4
M0039_C001,NZ0002,39,5aw3,5aw4,1,4,4
M0039_C001,NZ0002,39,5aw3,5aw5,1,3,3
M0039_C001,NZ0002,39,5aw3,5aw6,1,5,5
M0039_C001,NZ0002,39,5aw3,5aw7,1,4,4
M0039_C001,NZ0002,39,5aw3,5aw8,1,4,4
M0039_C001,NZ0002,39,5aw4,5aw5,1,3,3
M0039_C001,NZ0002,39,5aw4,5aw6,1,3,3
M0039_C001,NZ0002,39,5aw4,5aw7,1,3,3
M0039_C001,NZ0002,39,5aw4,5aw8,1,4,4
M0039_C001,NZ0002,39,5aw5,5aw6,1,4,4
M0039_C001,NZ0002,39,5aw5,5aw7,1,4,4
M0039_C001,NZ0002,39,5aw5,5aw8,1,3,3
M0039_C001,NZ0002,39,5aw6,5aw7,1,4,4
M0039_C001,NZ0002,39,5aw6,5aw8,1,3,3
M0039_C001,NZ0002,39,5aw7,5aw8,1,3,3
M0062_C001,NZ0008,62,3kzi,4v62,1,2,2
M0062_C001,NZ0008,62,3kzi,4v82,1,5,5
M0062_C001,NZ0008,62,4v62,4v82,2,3,4
M0067_C001,NZ0003,67,5eeu,5eev,1,2,2
M0067_C001,NZ0003,67,5eeu,5eew,1,2,2
M0067_C001,NZ0003,67,5eeu,5eex,1,3,3
M0067_C001,NZ0003,67,5eeu,5eey,1,2,2
M0067_C001,NZ0003,67,5eeu,5eez,1,2,2
M0067_C001,NZ0003,67,5eeu,5ef0,1,2,2
M0067_C001,NZ0003,67,5eeu,5ef1,1,2,2
M0067_C001,NZ0003,67,5eeu,5ef2,1,2,2
M0067_C001,NZ0003,67,5eeu,5ef3,1,2,2
M0067_C001,NZ0003,67,5eev,5eew,1,2,2
M0067_C001,NZ0003,67,5eev,5eex,1,3,3
M0067_C001,NZ0003,67,5eev,5eey,1,3,3
M0067_C001,NZ0003,67,5eev,5eez,1,3,3
M0067_C001,NZ0003,67,5eev,5ef0,1,2,2
M0067_C001,NZ0003,67,5eev,5ef1,1,3,3
M0067_C001,NZ0003,67,5eev,5ef2,1,3,3
M0067_C001,NZ0003,67,5eev,5ef3,1,3,3
M0067_C001,NZ0003,67,5eew,5eex,1,3,3
M0067_C001,NZ0003,67,5eew,5eey,1,3,3
M0067_C001,NZ0003,67,5eew,5eez,1,3,3
M0067_C001,NZ0003,67,5eew,5ef0,1,3,3
M0067_C001,NZ0003,67,5eew,5ef1,1,3,3
M0067_C001,NZ0003,67,5eew,5ef2,1,3,3
M0067_C001,NZ0003,67,5eew,5ef3,1,2,2
M0067_C001,NZ0003,67,5eex,5eey,1,2,2
M0067_C001,NZ0003,67,5eex,5eez,1,3,3
M0067_C001,NZ0003,67,5eex,5ef0,1,2,2
M0067_C001,NZ0003,67,5eex,5ef1,1,3,3
M0067_C001,NZ0003,67,5eex,5ef2,1,3,3
M0067_C001,NZ0003,67,5eex,5ef3,1,5,5
M0067_C001,NZ0003,67,5eey,5eez,1,3,3
M0067_C001,NZ0003,67,5eey,5ef0,1,3,3
M0067_C001,NZ0003,67,5eey,5ef1,1,3,3
M0067_C001,NZ0003,67,5eey,5ef2,1,3,3
M0067_C001,NZ0003,67,5eey,5ef3,1,3,3
M0067_C001,NZ0003,67,5eez,5ef0,1,3,3
M0067_C001,NZ0003,67,5eez,5ef1,1,2,2
M0067_C001,NZ0003,67,5eez,5ef2,1,3,3
M0067_C001,NZ0003,67,5eez,5ef3,1,3,3
M0067_C001,NZ0003,67,5ef0,5ef1,1,3,3
M0067_C001,NZ0003,67,5ef0,5ef2,1,3,3
M0067_C001,NZ0003,67,5ef0,5ef3,1,4,4
M0067_C001,NZ0003,67,5ef1,5ef2,1,3,3
M0067_C001,NZ0003,67,5ef1,5ef3,1,3,3
M0067_C001,NZ0003,67,5ef2,5ef3,1,3,3
M0068_C001,NZ0003,68,5eeu,5eev,5,2,2
M0068_C001,NZ0003,68,5eeu,5eew,5,2,2
M0068_C001,NZ0003,68,5eeu,5eex,5,2,2
M0068_C001,NZ0003,68,5eeu,5eey,5,2,2
M0068_C001,NZ0003,68,5eeu,5eez,5,2,2
M0068_C001,NZ0003,68,5eeu,5ef0,5,2,2
M0068_C001,NZ0003,68,5eeu,5ef1,5,2,3
M0068_C001,NZ0003,68,5eeu,5ef2,5,2,2
M0068_C001,NZ0003,68,5eeu,5ef3,5,2,2
M0068_C001,NZ0003,68,5eev,5eew,5,3,3
M0068_C001,NZ0003,68,5eev,5eex,5,2,3
M0068_C001,NZ0003,68,5eev,5eey,5,3,3
M0068_C001,NZ0003,68,5eev,5eez,5,2,3
M0068_C001,NZ0003,68,5eev,5ef0,5,2,3
M0068_C001,NZ0003,68,5eev,5ef1,5,2,3
M0068_C001,NZ0003,68,5eev,5ef2,5,2,3
M0068_C001,NZ0003,68,5eev,5ef3,5,2,3
M0068_C001,NZ0003,68,5eew,5eex,5,2,3
M0068_C001,NZ0003,68,5eew,5eey,5,2,4
M0068_C001,NZ0003,68,5eew,5eez,5,2,3
M0068_C001,NZ0003,68,5eew,5ef0,5,2,3
M0068_C001,NZ0003,68,5eew,5ef1,5,3,3
M0068_C001,NZ0003,68,5eew,5ef2,5,2,3
M0068_C001,NZ0003,68,5eew,5ef3,5,2,3
M0068_C001,NZ0003,68,5eex,5eey,5,3,3
M0068_C001,NZ0003,68,5eex,5eez,5,2,3
M0068_C001,NZ0003,68,5eex,5ef0,5,2,3
M0068_C001,NZ0003,68,5eex,5ef1,5,2,3
M0068_C001,NZ0003,68,5eex,5ef2,5,3,3
M0068_C001,NZ0003,68,5eex,5ef3,5,2,3
M0068_C001,NZ0003,68,5eey,5eez,5,2,3
M0068_C001,NZ0003,68,5eey,5ef0,5,2,3
M0068_C001,NZ0003,68,5eey,5ef1,5,2,4
M0068_C001,NZ0003,68,5eey,5ef2,5,3,3
M0068_C001,NZ0003,68,5eey,5ef3,5,3,3
M0068_C001,NZ0003,68,5eez,5ef0,5,2,3
M0068_C001,NZ0003,68,5eez,5ef1,5,2,3
M0068_C001,NZ0003,68,5eez,5ef2,5,3,3
M0068_C001,NZ0003,68,5eez,5ef3,5,3,3
M0068_C001,NZ0003,68,5ef0,5ef1,5,2,3
M0068_C001,NZ0003,68,5ef0,5ef2,5,2,3
M0068_C001,NZ0003,68,5ef0,5ef3,5,2,3
M0068_C001,NZ0003,68,5ef1,5ef2,5,2,3
M0068_C001,NZ0003,68,5ef1,5ef3,5,3,3
M0068_C001,NZ0003,68,5ef2,5ef3,5,2,3
M0069_C001,NZ0003,69,5eeu,5eev,3,2,2
M0069_C001,NZ0003,69,5eeu,5eew,3,2,2
M0069_C001,NZ0003,69,5eeu,5eex,3,2,2
M0069_C001,NZ0003,69,5eeu,5eey,3,2,2
M0069_C001,NZ0003,69,5eeu,5eez,3,2,2
M0069_C001,NZ0003,69,5eeu,5ef0,3,2,2
M0069_C001,NZ0003,69,5eeu,5ef1,3,2,3
M0069_C001,NZ0003,69,5eeu,5ef2,3,2,2
M0069_C001,NZ0003,69,5eeu,5ef3,3,2,2
M0069_C001,NZ0003,69,5eev,5eew,3,3,3
M0069_C001,NZ0003,69,5eev,5eex,3,2,3
M0069_C001,NZ0003,69,5eev,5eey,3,3,3
M0069_C001,NZ0003,69,5eev,5eez,3,2,3
M0069_C001,NZ0003,69,5eev,5ef0,3,3,3
M0069_C001,NZ0003,69,5eev,5ef1,3,2,3
M0069_C001,NZ0003,69,5eev,5ef2,3,2,3
M0069_C001,NZ0003,69,5eev,5ef3,3,2,3
M0069_C001,NZ0003,69,5eew,5eex,3,3,3
M0069_C001,NZ0003,69,5eew,5eey,3,3,3
M0069_C001,NZ0003,69,5eew,5eez,3,3,3
M0069_C001,NZ0003,69,5eew,5ef0,3,2,3
M0069_C001,NZ0003,69,5eew,5ef1,3,3,3
M0069_C001,NZ0003,69,5eew,5ef2,3,3,3
M0069_C001,NZ0003,69,5eew,5ef3,3,3,3
M0069_C001,NZ0003,69,5eex,5eey,3,3,3
M0069_C001,NZ0003,69,5eex,5eez,3,3,3
M0069_C001,NZ0003,69,5eex,5ef0,3,2,3
M0069_C001,NZ0003,69,5eex,5ef1,3,3,3
M0069_C001,NZ0003,69,5eex,5ef2,3,3,3
M0069_C001,NZ0003,69,5eex,5ef3,3,3,3
M0069_C001,NZ0003,69,5eey,5eez,3,2,3
M0069_C001,NZ0003,69,5eey,5ef0,3,3,3
M0069_C001,NZ0003,69,5eey,5ef1,3,3,3
M0069_C001,NZ0003,69,5eey,5ef2,3,3,3
M0069_C001,NZ0003,69,5eey,5ef3,3,2,3
M0069_C001,NZ0003,69,5eez,5ef0,3,3,3
M0069_C001,NZ0003,69,5eez,5ef1,3,3,3
M0069_C001,NZ0003,69,5eez,5ef2,3,3,3
M0069_C001,NZ0003,69,5eez,5ef3,3,3,3
M0069_C001,NZ0003,69,5ef0,5ef1,3,3,3
M0069_C001,NZ0003,69,5ef0,5ef2,3,2,3
M0069_C001,NZ0003,69,5ef0,5ef3,3,3,3
M0069_C001,NZ0003,69,5ef1,5ef2,3,3,3
M0069_C001,NZ0003,69,5ef1,5ef3,3,3,4
M0069_C001,NZ0003,69,5ef2,5ef3,3,2,3
M0070_C001,NZ0003,70,5eeu,5eev,10,2,2
M0070_C001,NZ0003,70,5eeu,5eew,10,2,2
M0070_C001,NZ0003,70,5eeu,5eex,10,2,2
M0070_C001,NZ0003,70,5eeu,5eey,10,2,2
M0070_C001,NZ0003,70,5eeu,5eez,10,2,2
M0070_C001,NZ0003,70,5eeu,5ef0,10,2,2
M0070_C001,NZ0003,70,5eeu,5ef1,10,2,2
M0070_C001,NZ0003,70,5eeu,5ef2,10,2,2
M0070_C001,NZ0003,70,5eeu,5ef3,10,2,2
M0070_C001,NZ0003,70,5eev,5eew,10,2,3
M0070_C001,NZ0003,70,5eev,5eex,10,2,3
M0070_C001,NZ0003,70,5eev,5eey,10,2,3
M0070_C001,NZ0003,70,5eev,5eez,10,2,3
M0070_C001,NZ0003,70,5eev,5ef0,10,2,3
M0070_C001,NZ0003,70,5eev,5ef1,10,2,4
M0070_C001,NZ0003,70,5eev,5ef2,10,2,3
M0070_C001,NZ0003,70,5eev,5ef3,10,2,4
M0070_C001,NZ0003,70,5eew,5eex,10,2,4
M0070_C001,NZ0003,70,5eew,5eey,10,3,3
M0070_C001,NZ0003,70,5eew,5eez,10,2,3
M0070_C001,NZ0003,70,5eew,5ef0,10,2,4
M0070_C001,NZ0003,70,5eew,5ef1,10,2,3
M0070_C001,NZ0003,70,5eew,5ef2,10,2,4
M0070_C001,NZ0003,70,5eew,5ef3,10,2,4
M0070_C001,NZ0003,70,5eex,5eey,10,2,3
M0070_C001,NZ0003,70,5eex,5eez,10,2,3
M0070_C001,NZ0003,70,5eex,5ef0,10,2,3
M0070_C001,NZ0003,70,5eex,5ef1,10,2,3
M0070_C001,NZ0003,70,5eex,5ef2,10,2,3
M0070_C001,NZ0003,70,5eex,5ef3,10,2,3
M0070_C001,NZ0003,70,5eey,5eez,10,2,3
M0070_C001,NZ0003,70,5eey,5ef0,10,2,3
M0070_C001,NZ0003,70,5eey,5ef1,10,2,3
M0070_C001,NZ0003,70,5eey,5ef2,10,2,3
M0070_C001,NZ0003,70,5eey,5ef3,10,2,3
M0070_C001,NZ0003,70,5eez,5ef0,10,2,3
M0070_C001,NZ0003,70,5eez,5ef1,10,2,3
M0070_C001,NZ0003,70,5eez,5ef2,10,2,3
M0070_C001,NZ0003,70,5eez,5ef3,10,2,4
M0070_C001,NZ0003,70,5ef0,5ef1,10,2,3
M0070_C001,NZ0003,70,5ef0,5ef2,10,2,4
M0070_C001,NZ0003,70,5ef0,5ef3,10,3,4
M0070_C001,NZ0003,70,5ef1,5ef2,10,2,3
M0070_C001,NZ0003,70,5ef1,5ef3,10,2,3
M0070_C001,NZ0003,70,5ef2,5ef3,10,2,3
M0076_C001,NZ0004,76,4x4b,4x4c,2,2,2
M0076_C001,NZ0004,76,4x4b,4x4d,2,2,2
M0076_C001,NZ0004,76,4x4b,4x4e,2,2,2
M0076_C001,NZ0004,76,4x4b,4x4f,2,2,2
M0076_C001,NZ0004,76,4x4b,4x4g,2,2,2
M0076_C001,NZ0004,76,4x4b,4x4h,2,2,2
M0076_C001,NZ0004,76,4x4b,4x4i,2,2,2
M0076_C001,NZ0004,76,4x4c,4x4d,2,3,3
M0076_C001,NZ0004,76,4x4c,4x4e,2,3,3
M0076_C001,NZ0004,76,4x4c,4x4f,2,2,2
M0076_C001,NZ0004,76,4x4c,4x4g,2,2,3
M0076_C001,NZ0004,76,4x4c,4x4h,2,2,3
M0076_C001,NZ0004,76,4x4c,4x4i,2,3,3
M0076_C001,NZ0004,76,4x4d,4x4e,2,3,3
M0076_C001,NZ0004,76,4x4d,4x4f,2,3,3
M0076_C001,NZ0004,76,4x4d,4x4g,2,2,3
M0076_C001,NZ0004,76,4x4d,4x4h,2,3,3
M0076_C001,NZ0004,76,4x4d,4x4i,2,2,3
M0076_C001,NZ0004,76,4x4e,4x4f,2,2,3
M0076_C001,NZ0004,76,4x4e,4x4g,2,3,3
M0076_C001,NZ0004,76,4x4e,4x4h,2,3,3
M0076_C001,NZ0004,76,4x4e,4x4i,2,3,3
M0076_C001,NZ0004,76,4x4f,4x4g,2,3,3
M0076_C001,NZ0004,76,4x4f,4x4h,2,2,3
M0076_C001,NZ0004,76,4x4f,4x4i,2,2,3
M0076_C001,NZ0004,76,4x4g,4x4h,2,3,3
M0076_C001,NZ0004,76,4x4g,4x4i,2,2,2
M0076_C001,NZ0004,76,4x4h,4x4i,2,2,3
M0077_C001,NZ0004,77,4x4b,4x4c,2,2,2
M0077_C001,NZ0004,77,4x4b,4x4d,2,2,2
M0077_C001,NZ0004,77,4x4b,4x4e,2,2,2
M0077_C001,NZ0004,77,4x4b,4x4f,2,2,2
M0077_C001,NZ0004,77,4x4b,4x4g,2,2,2
M0077_C001,NZ0004,77,4x4b,4x4h,2,2,2
M0077_C001,NZ0004,77,4x4b,4x4i,2,2,2
M0077_C001,NZ0004,77,4x4c,4x4d,2,3,3
M0077_C001,NZ0004,77,4x4c,4x4e,2,2,2
M0077_C001,NZ0004,77,4x4c,4x4f,2,2,3
M0077_C001,NZ0004,77,4x4c,4x4g,2,3,3
M0077_C001,NZ0004,77,4x4c,4x4h,2,3,3
M0077_C001,NZ0004,77,4x4c,4x4i,2,2,3
M0077_C001,NZ0004,77,4x4d,4x4e,2,3,3
M0077_C001,NZ0004,77,4x4d,4x4f,2,3,3
M0077_C001,NZ0004,77,4x4d,4x4g,2,3,3
M0077_C001,NZ0004,77,4x4d,4x4h,2,3,3
M0077_C001,NZ0004,77,4x4d,4x4i,2,3,3
M0077_C001,NZ0004,77,4x4e,4x4f,2,2,3
M0077_C001,NZ0004,77,4x4e,4x4g,2,2,3
M0077_C001,NZ0004,77,4x4e,4x4h,2,2,2
M0077_C001,NZ0004,77,4x4e,4x4i,2,3,4
M0077_C001,NZ0004,77,4x4f,4x4g,2,3,3
M0077_C001,NZ0004,77,4x4f,4x4h,2,2,3
M0077_C001,NZ0004,77,4x4f,4x4i,2,3,3
M0077_C001,NZ0004,77,4x4g,4x4h,2,3,3
M0077_C001,NZ0004,77,4x4g,4x4i,2,3,3
M0077_C001,NZ0004,77,4x4h,4x4i,2,3,3
M0084_C001,NZ0022,84,3l3o,3ohx,2,3,4
M0094_C001,NZ0029,94,4oin,4q4z,1,2,2
M0097_C001,NZ0008,97,4v62,4v82,1,3,3
M0106_C001,NZ0030,106,4v2b,4v2c,1,3,3
M0121_C001,NZ0016,121,1th6,2arm,1,2,2
M0124_C001,NZ0013,124,1kac,1p69,1,2,2
M0129_C001,NZ0028,129,4lyz,5lyz,1,2,2
M0130_C001,NZ0039,130,7f4m,7f4n,1,3,3
M0133_C001,NZ0052,133,8f6s,9el8,1,2,2
M0137_C001,NZ0008,137,4v62,4v82,2,4,4
M0172_C001,NZ0015,172,1mqm,1mqn,3,2,3
M0174_C001,NZ0035,174,6dvc,6tyf,1,2,2
M0184_C001,NZ0022,184,3l3o,3ohx,4,3,4
M0200_C001,NZ0014,200,1kqa,1krr,3,4,6
M0212_C001,NZ0005,212,1k4c,3f5w,1,2,2
M0212_C001,NZ0005,212,1k4c,3f7y,1,2,2
M0212_C001,NZ0005,212,1k4c,3fb6,1,3,3
M0212_C001,NZ0005,212,1k4c,3fb8,1,2,2
M0212_C001,NZ0005,212,3f5w,3f7y,1,3,3
M0212_C001,NZ0005,212,3f5w,3fb6,1,4,4
M0212_C001,NZ0005,212,3f5w,3fb8,1,3,3
M0212_C001,NZ0005,212,3f7y,3fb6,1,5,5
M0212_C001,NZ0005,212,3f7y,3fb8,1,3,3
M0212_C001,NZ0005,212,3fb6,3fb8,1,4,4
M0217_C001,NZ0021,217,3g1f,3g1h,1,3,3
M0219_C001,NZ0005,219,1k4c,3f5w,1,2,2
M0219_C001,NZ0005,219,1k4c,3f7y,1,2,2
M0219_C001,NZ0005,219,1k4c,3fb6,1,3,3
M0219_C001,NZ0005,219,1k4c,3fb8,1,2,2
M0219_C001,NZ0005,219,3f5w,3f7y,1,3,3
M0219_C001,NZ0005,219,3f5w,3fb6,1,4,4
M0219_C001,NZ0005,219,3f5w,3fb8,1,3,3
M0219_C001,NZ0005,219,3f7y,3fb6,1,3,3
M0219_C001,NZ0005,219,3f7y,3fb8,1,3,3
M0219_C001,NZ0005,219,3fb6,3fb8,1,3,3
M0227_C001,NZ0029,227,4oin,4q4z,1,3,3
M0231_C001,NZ0029,231,4oin,4q4z,1,3,3
M0243_C001,NZ0008,243,4v62,4v82,1,4,4
M0246_C001,NZ0026,246,4f9n,4i47,1,1,1
M0246_C002,NZ0037,246,6j5p,6j5q,1,1,1
M0257_C001,NZ0006,257,6zhw,6zi6,1,1,1
M0257_C001,NZ0006,257,6zhw,6zi9,1,1,1
M0257_C001,NZ0006,257,6zhw,6zia,1,1,1
M0257_C001,NZ0006,257,6zhw,6zid,1,1,1
M0257_C002,NZ0038,257,6zi4,6zi5,1,1,1
M0257_C001,NZ0006,257,6zi6,6zi9,1,1,1
M0257_C001,NZ0006,257,6zi6,6zia,1,1,1
M0257_C001,NZ0006,257,6zi6,6zid,1,1,1
M0257_C001,NZ0006,257,6zi9,6zia,1,1,1
M0257_C001,NZ0006,257,6zi9,6zid,1,1,1
M0257_C001,NZ0006,257,6zia,6zid,1,1,1
M0286_C001,NZ0027,286,4lo0,4lo7,1,5,5
M0318_C001,NZ0015,318,1mqm,1mqn,3,2,3
M0327_C001,NZ0036,327,6e2w,6e2y,1,4,4
M0332_C001,NZ0006,332,6zhw,6zi6,1,1,1
M0332_C001,NZ0006,332,6zhw,6zi9,1,1,1
M0332_C001,NZ0006,332,6zhw,6zia,1,1,1
M0332_C001,NZ0006,332,6zhw,6zid,1,1,1
M0332_C002,NZ0038,332,6zi4,6zi5,1,1,1
M0332_C001,NZ0006,332,6zi6,6zi9,1,1,1
M0332_C001,NZ0006,332,6zi6,6zia,1,1,1
M0332_C001,NZ0006,332,6zi6,6zid,1,1,1
M0332_C001,NZ0006,332,6zi9,6zia,1,1,1
M0332_C001,NZ0006,332,6zi9,6zid,1,1,1
M0332_C001,NZ0006,332,6zia,6zid,1,1,1
M0335_C001,NZ0008,335,3kzi,4v62,1,3,3
M0335_C001,NZ0008,335,3kzi,4v82,1,6,6
M0335_C001,NZ0008,335,4v62,4v82,2,4,4
M0339_C001,NZ0023,339,3rhw,3ria,1,7,7
M0340_C001,NZ0008,340,3kzi,4v62,1,3,3
M0340_C002,NZ0023,340,3rhw,3ria,2,8,9
M0348_C001,NZ0032,348,5cry,5hbc,1,3,3
M0358_C001,NZ0012,358,1gyp,1gyq,4,2,3
M0384_C001,NZ0011,384,1fzi,1mty,2,3,3
M0417_C001,NZ0033,417,5wku,5wky,1,2,2
M0418_C001,NZ0033,418,5wku,5wky,1,3,3
M0449_C001,NZ0034,449,5zis,5zlh,1,3,3
M0451_C001,NZ0034,451,5zis,5zlh,1,3,3
M0466_C001,NZ0010,466,1bmf,2w6i,2,6,7
M0467_C001,NZ0010,467,1bmf,2w6i,1,6,6
M0487_C001,NZ0010,487,1bmf,2w6i,1,6,6
M0490_C001,NZ0019,490,2ck3,2w6j,1,3,3
M0492_C001,NZ0010,492,1bmf,2w6i,1,6,6
M0665_C001,NZ0052,665,8f6s,9el8,1,2,2
M0992_C001,NZ0002,992,2zxe,5avq,1,3,3
M0992_C001,NZ0002,992,2zxe,5avr,1,3,3
M0992_C001,NZ0002,992,2zxe,5avs,1,3,3
M0992_C001,NZ0002,992,2zxe,5avt,1,3,3
M0992_C001,NZ0002,992,2zxe,5avu,1,3,3
M0992_C001,NZ0002,992,2zxe,5avv,1,3,3
M0992_C001,NZ0002,992,2zxe,5avw,1,3,3
M0992_C001,NZ0002,992,2zxe,5avx,1,4,4
M0992_C001,NZ0002,992,2zxe,5avy,1,4,4
M0992_C001,NZ0002,992,2zxe,5avz,1,3,3
M0992_C001,NZ0002,992,2zxe,5aw0,1,3,3
M0992_C001,NZ0002,992,2zxe,5aw1,1,3,3
M0992_C001,NZ0002,992,2zxe,5aw2,1,3,3
M0992_C001,NZ0002,992,2zxe,5aw3,1,3,3
M0992_C001,NZ0002,992,2zxe,5aw4,1,5,5
M0992_C001,NZ0002,992,2zxe,5aw5,1,4,4
M0992_C001,NZ0002,992,2zxe,5aw6,1,4,4
M0992_C001,NZ0002,992,2zxe,5aw7,1,4,4
M0992_C001,NZ0002,992,2zxe,5aw8,1,4,4
M0992_C001,NZ0002,992,5avq,5avr,1,5,5
M0992_C001,NZ0002,992,5avq,5avs,1,5,5
M0992_C001,NZ0002,992,5avq,5avt,1,5,5
M0992_C001,NZ0002,992,5avq,5avu,1,4,4
M0992_C001,NZ0002,992,5avq,5avv,1,4,4
M0992_C001,NZ0002,992,5avq,5avw,1,4,4
M0992_C001,NZ0002,992,5avq,5avx,1,5,5
M0992_C001,NZ0002,992,5avq,5avy,1,5,5
M0992_C001,NZ0002,992,5avq,5avz,1,5,5
M0992_C001,NZ0002,992,5avq,5aw0,1,4,4
M0992_C001,NZ0002,992,5avq,5aw1,1,5,5
M0992_C001,NZ0002,992,5avq,5aw2,1,4,4
M0992_C001,NZ0002,992,5avq,5aw3,1,4,4
M0992_C001,NZ0002,992,5avq,5aw4,1,6,6
M0992_C001,NZ0002,992,5avq,5aw5,1,4,4
M0992_C001,NZ0002,992,5avq,5aw6,1,5,5
M0992_C001,NZ0002,992,5avq,5aw7,1,5,5
M0992_C001,NZ0002,992,5avq,5aw8,1,5,5
M0992_C001,NZ0002,992,5avr,5avs,1,5,5
M0992_C001,NZ0002,992,5avr,5avt,1,5,5
M0992_C001,NZ0002,992,5avr,5avu,1,4,4
M0992_C001,NZ0002,992,5avr,5avv,1,5,5
M0992_C001,NZ0002,992,5avr,5avw,1,5,5
M0992_C001,NZ0002,992,5avr,5avx,1,5,5
M0992_C001,NZ0002,992,5avr,5avy,1,5,5
M0992_C001,NZ0002,992,5avr,5avz,1,5,5
M0992_C001,NZ0002,992,5avr,5aw0,1,5,5
M0992_C001,NZ0002,992,5avr,5aw1,1,4,4
M0992_C001,NZ0002,992,5avr,5aw2,1,5,5
M0992_C001,NZ0002,992,5avr,5aw3,1,5,5
M0992_C001,NZ0002,992,5avr,5aw4,1,5,5
M0992_C001,NZ0002,992,5avr,5aw5,1,5,5
M0992_C001,NZ0002,992,5avr,5aw6,1,5,5
M0992_C001,NZ0002,992,5avr,5aw7,1,5,5
M0992_C001,NZ0002,992,5avr,5aw8,1,5,5
M0992_C001,NZ0002,992,5avs,5avt,1,5,5
M0992_C001,NZ0002,992,5avs,5avu,1,4,4
M0992_C001,NZ0002,992,5avs,5avv,1,5,5
M0992_C001,NZ0002,992,5avs,5avw,1,4,4
M0992_C001,NZ0002,992,5avs,5avx,1,5,5
M0992_C001,NZ0002,992,5avs,5avy,1,5,5
M0992_C001,NZ0002,992,5avs,5avz,1,4,4
M0992_C001,NZ0002,992,5avs,5aw0,1,5,5
M0992_C001,NZ0002,992,5avs,5aw1,1,4,4
M0992_C001,NZ0002,992,5avs,5aw2,1,4,4
M0992_C001,NZ0002,992,5avs,5aw3,1,5,5
M0992_C001,NZ0002,992,5avs,5aw4,1,6,6
M0992_C001,NZ0002,992,5avs,5aw5,1,5,5
M0992_C001,NZ0002,992,5avs,5aw6,1,6,6
M0992_C001,NZ0002,992,5avs,5aw7,1,5,5
M0992_C001,NZ0002,992,5avs,5aw8,1,5,5
M0992_C001,NZ0002,992,5avt,5avu,1,4,4
M0992_C001,NZ0002,992,5avt,5avv,1,4,4
M0992_C001,NZ0002,992,5avt,5avw,1,5,5
M0992_C001,NZ0002,992,5avt,5avx,1,5,5
M0992_C001,NZ0002,992,5avt,5avy,1,5,5
M0992_C001,NZ0002,992,5avt,5avz,1,5,5
M0992_C001,NZ0002,992,5avt,5aw0,1,5,5
M0992_C001,NZ0002,992,5avt,5aw1,1,5,5
M0992_C001,NZ0002,992,5avt,5aw2,1,4,4
M0992_C001,NZ0002,992,5avt,5aw3,1,5,5
M0992_C001,NZ0002,992,5avt,5aw4,1,6,6
M0992_C001,NZ0002,992,5avt,5aw5,1,6,6
M0992_C001,NZ0002,992,5avt,5aw6,1,5,5
M0992_C001,NZ0002,992,5avt,5aw7,1,5,5
M0992_C001,NZ0002,992,5avt,5aw8,1,5,5
M0992_C001,NZ0002,992,5avu,5avv,1,4,4
M0992_C001,NZ0002,992,5avu,5avw,1,4,4
M0992_C001,NZ0002,992,5avu,5avx,1,5,5
M0992_C001,NZ0002,992,5avu,5avy,1,4,4
M0992_C001,NZ0002,992,5avu,5avz,1,4,4
M0992_C001,NZ0002,992,5avu,5aw0,1,5,5
M0992_C001,NZ0002,992,5avu,5aw1,1,4,4
M0992_C001,NZ0002,992,5avu,5aw2,1,4,4
M0992_C001,NZ0002,992,5avu,5aw3,1,4,4
M0992_C001,NZ0002,992,5avu,5aw4,1,5,5
M0992_C001,NZ0002,992,5avu,5aw5,1,5,5
M0992_C001,NZ0002,992,5avu,5aw6,1,5,5
M0992_C001,NZ0002,992,5avu,5aw7,1,5,5
M0992_C001,NZ0002,992,5avu,5aw8,1,5,5
M0992_C001,NZ0002,992,5avv,5avw,1,5,5
M0992_C001,NZ0002,992,5avv,5avx,1,4,4
M0992_C001,NZ0002,992,5avv,5avy,1,5,5
M0992_C001,NZ0002,992,5avv,5avz,1,5,5
M0992_C001,NZ0002,992,5avv,5aw0,1,5,5
M0992_C001,NZ0002,992,5avv,5aw1,1,6,6
M0992_C001,NZ0002,992,5avv,5aw2,1,5,5
M0992_C001,NZ0002,992,5avv,5aw3,1,4,4
M0992_C001,NZ0002,992,5avv,5aw4,1,5,5
M0992_C001,NZ0002,992,5avv,5aw5,1,6,6
M0992_C001,NZ0002,992,5avv,5aw6,1,5,5
M0992_C001,NZ0002,992,5avv,5aw7,1,7,7
M0992_C001,NZ0002,992,5avv,5aw8,1,5,5
M0992_C001,NZ0002,992,5avw,5avx,1,4,4
M0992_C001,NZ0002,992,5avw,5avy,1,4,4
M0992_C001,NZ0002,992,5avw,5avz,1,5,5
M0992_C001,NZ0002,992,5avw,5aw0,1,5,5
M0992_C001,NZ0002,992,5avw,5aw1,1,5,5
M0992_C001,NZ0002,992,5avw,5aw2,1,5,5
M0992_C001,NZ0002,992,5avw,5aw3,1,5,5
M0992_C001,NZ0002,992,5avw,5aw4,1,5,5
M0992_C001,NZ0002,992,5avw,5aw5,1,6,6
M0992_C001,NZ0002,992,5avw,5aw6,1,6,6
M0992_C001,NZ0002,992,5avw,5aw7,1,6,6
M0992_C001,NZ0002,992,5avw,5aw8,1,6,6
M0992_C001,NZ0002,992,5avx,5avy,1,6,6
M0992_C001,NZ0002,992,5avx,5avz,1,5,5
M0992_C001,NZ0002,992,5avx,5aw0,1,5,5
M0992_C001,NZ0002,992,5avx,5aw1,1,4,4
M0992_C001,NZ0002,992,5avx,5aw2,1,4,4
M0992_C001,NZ0002,992,5avx,5aw3,1,6,6
M0992_C001,NZ0002,992,5avx,5aw4,1,5,5
M0992_C001,NZ0002,992,5avx,5aw5,1,6,6
M0992_C001,NZ0002,992,5avx,5aw6,1,6,6
M0992_C001,NZ0002,992,5avx,5aw7,1,6,6
M0992_C001,NZ0002,992,5avx,5aw8,1,6,6
M0992_C001,NZ0002,992,5avy,5avz,1,5,5
M0992_C001,NZ0002,992,5avy,5aw0,1,5,5
M0992_C001,NZ0002,992,5avy,5aw1,1,5,5
M0992_C001,NZ0002,992,5avy,5aw2,1,5,5
M0992_C001,NZ0002,992,5avy,5aw3,1,4,4
M0992_C001,NZ0002,992,5avy,5aw4,1,5,5
M0992_C001,NZ0002,992,5avy,5aw5,1,5,5
M0992_C001,NZ0002,992,5avy,5aw6,1,5,5
M0992_C001,NZ0002,992,5avy,5aw7,1,5,5
M0992_C001,NZ0002,992,5avy,5aw8,1,6,6
M0992_C001,NZ0002,992,5avz,5aw0,1,5,5
M0992_C001,NZ0002,992,5avz,5aw1,1,5,5
M0992_C001,NZ0002,992,5avz,5aw2,1,5,5
M0992_C001,NZ0002,992,5avz,5aw3,1,5,5
M0992_C001,NZ0002,992,5avz,5aw4,1,6,6
M0992_C001,NZ0002,992,5avz,5aw5,1,5,5
M0992_C001,NZ0002,992,5avz,5aw6,1,6,6
M0992_C001,NZ0002,992,5avz,5aw7,1,7,7
M0992_C001,NZ0002,992,5avz,5aw8,1,6,6
M0992_C001,NZ0002,992,5aw0,5aw1,1,5,5
M0992_C001,NZ0002,992,5aw0,5aw2,1,5,5
M0992_C001,NZ0002,992,5aw0,5aw3,1,5,5
M0992_C001,NZ0002,992,5aw0,5aw4,1,6,6
M0992_C001,NZ0002,992,5aw0,5aw5,1,5,5
M0992_C001,NZ0002,992,5aw0,5aw6,1,6,6
M0992_C001,NZ0002,992,5aw0,5aw7,1,6,6
M0992_C001,NZ0002,992,5aw0,5aw8,1,5,5
M0992_C001,NZ0002,992,5aw1,5aw2,1,5,5
M0992_C001,NZ0002,992,5aw1,5aw3,1,5,5
M0992_C001,NZ0002,992,5aw1,5aw4,1,5,5
M0992_C001,NZ0002,992,5aw1,5aw5,1,6,6
M0992_C001,NZ0002,992,5aw1,5aw6,1,5,5
M0992_C001,NZ0002,992,5aw1,5aw7,1,6,6
M0992_C001,NZ0002,992,5aw1,5aw8,1,5,5
M0992_C001,NZ0002,992,5aw2,5aw3,1,4,4
M0992_C001,NZ0002,992,5aw2,5aw4,1,6,6
M0992_C001,NZ0002,992,5aw2,5aw5,1,5,5
M0992_C001,NZ0002,992,5aw2,5aw6,1,5,5
M0992_C001,NZ0002,992,5aw2,5aw7,1,6,6
M0992_C001,NZ0002,992,5aw2,5aw8,1,5,5
M0992_C001,NZ0002,992,5aw3,5aw4,1,5,5
M0992_C001,NZ0002,992,5aw3,5aw5,1,6,6
M0992_C001,NZ0002,992,5aw3,5aw6,1,6,6
M0992_C001,NZ0002,992,5aw3,5aw7,1,5,5
M0992_C001,NZ0002,992,5aw3,5aw8,1,7,7
M0992_C001,NZ0002,992,5aw4,5aw5,1,5,5
M0992_C001,NZ0002,992,5aw4,5aw6,1,5,5
M0992_C001,NZ0002,992,5aw4,5aw7,1,5,5
M0992_C001,NZ0002,992,5aw4,5aw8,1,5,5
M0992_C001,NZ0002,992,5aw5,5aw6,1,5,5
M0992_C001,NZ0002,992,5aw5,5aw7,1,5,5
M0992_C001,NZ0002,992,5aw5,5aw8,1,6,6
M0992_C001,NZ0002,992,5aw6,5aw7,1,6,6
M0992_C001,NZ0002,992,5aw6,5aw8,1,5,5
M0992_C001,NZ0002,992,5aw7,5aw8,1,5,5
