length_component_id,retained_residue_count,parent_review_group_id,deposition_count,deposition_pair_count,chain_pair_count,possible_pair_count,graph_density,minimum_d_bri_mA,maximum_d_bri_mA,members
M0001_C001,1,NZ0001,260,1418,1686,33670,0.042114642114642116,1,10,148l;1a07;1a08;1a09;1a1a;1a1b;1a1c;1a1e;1a7z;1aa5;1axd;1bx9;1c0q;1c0r;1czi;1d5x;1eb1;1eyx;1fvm;1ghg;1go6;1hh3;1hhc;1hhf;1hhu;1hhy;1hhz;1jyq;1lgc;1mcb;1mck;1mcr;1n51;1qd8;1rrv;1sho;1t6o;1w9u;1waw;1zea;2g2l;2h5d;2ig0;2j9n;2r3c;2r5b;2r5d;2xdw;3ah8;3azq;3che;3chf;3e0n;3e7a;3g3p;3gkr;3h5r;3h9q;3k26;3l35;3l37;3lvy;3mbu;3mgn;3nzj;3nzw;3nzx;3ove;3q4a;3qxy;3rc0;3s8l;3s8n;3s8o;3td5;3u1i;3u8o;3uw4;3uw5;4cvk;4dg4;4dkt;4f75;4fbv;4fln;4fzg;4gk7;4gm8;4gm9;4gmb;4gr7;4han;4jj7;4jj8;4jna;4jsq;4jsu;4jt0;4knl;4nz8;4o46;4p9z;4qa5;4qg1;4rcp;4s1x;4ttk;4uca;4ucb;4whl;4wkm;4x6z;4y69;4y6a;4y6v;4y84;4z33;4zkr;5aa2;5b6l;5cgh;5ctv;5d13;5d53;5d54;5d5e;5dc8;5dir;5efj;5efk;5etf;5gnd;5i5a;5jqs;5lrk;5m2h;5m2k;5mfk;5n22;5n8j;5nf0;5nqa;5nwk;5onj;5svi;5tdb;5zms;6cl1;6cnu;6df1;6e8m;6ecd;6ece;6ecf;6fbt;6fcr;6fcs;6fms;6fvn;6g8k;6l5z;6m5e;6m9c;6m9d;6mw2;6phm;6phq;6ppm;6psa;6pt2;6rlz;6ryo;6s5p;6s7g;6tch;6tdb;6tsl;6ucw;6uf4;6whq;6wi3;6wm1;6wo2;6wuu;6wx4;6x5r;6xbg;6xbh;6xif;6yd2;6yi1;6zve;7ajz;7aku;7axp;7axs;7axx;7f0c;7f0f;7lfu;7lfv;7lkc;7ltb;7m2p;7ms1;7new;7nxe;7o50;7ofv;7oyq;7q4t;7qdi;7rxf;7u0e;7z3u;7zb0;8ano;8aoo;8bfd;8c3d;8cis;8g1w;8g82;8hoo;8hop;8hoq;8hor;8i82;8i84;8i8g;8pwj;8pwp;8pxy;8rhk;8s6t;8s9z;8sou;8t5p;8ti6;8tqu;8v2n;8vjd;8vje;8vjw;8vld;8vpe;8ysa;9c2y;9ehn;9emz;9ex5;9fxn;9i24;9j3s;9kgq;9mkj;9qb1;9qbe;9qby;9qdf
M0001_C002,1,NZ0017,2,1,1,1,1.0,9,9,1tmb;6yd3
M0001_C003,1,NZ0024,2,1,1,1,1.0,8,8,3run;7zmu
M0001_C004,1,NZ0025,2,1,1,1,1.0,10,10,3s60;8vjf
M0001_C005,1,NZ0051,2,1,2,1,1.0,5,9,8bzl;9cl8
M0001_C006,1,NZ0053,2,1,2,1,1.0,8,10,8hos;9bc1
M0003_C001,3,NZ0007,4,3,3,6,0.5,9,10,7gw3;7gw4;7gw6;7gw7
M0003_C002,3,NZ0009,3,2,2,3,0.6666666666666666,10,10,7gvc;7gvf;7gvg
M0003_C003,3,NZ0020,2,1,1,1,1.0,2,2,2h4y;2hby
M0003_C004,3,NZ0040,2,1,1,1,1.0,9,9,7gue;7guf
M0003_C005,3,NZ0041,2,1,1,1,1.0,10,10,7gvb;7gve
M0003_C006,3,NZ0042,2,1,1,1,1.0,9,9,7gvr;7gvz
M0003_C007,3,NZ0043,2,1,1,1,1.0,10,10,7gvv;7gvx
M0003_C008,3,NZ0044,2,1,1,1,1.0,10,10,7gwb;7gwf
M0003_C009,3,NZ0045,2,1,1,1,1.0,9,9,7gwm;7gxb
M0003_C010,3,NZ0046,2,1,1,1,1.0,9,9,7gwy;7gx2
M0003_C011,3,NZ0047,2,1,1,1,1.0,10,10,7gx1;7gx9
M0003_C012,3,NZ0048,2,1,1,1,1.0,8,8,7gxe;7gxf
M0003_C013,3,NZ0049,2,1,1,1,1.0,9,9,7gxh;7gxn
M0003_C014,3,NZ0050,2,1,1,1,1.0,10,10,7gxs;7gxu
M0006_C001,6,NZ0031,2,1,1,1,1.0,1,1,5c7z;5fpi
M0020_C001,20,NZ0018,2,1,1,1,1.0,2,2,1ydt;2uzw
M0025_C001,25,NZ0019,2,1,1,1,1.0,2,2,2ck3;2w6j
M0025_C002,25,NZ0039,2,1,1,1,1.0,2,2,7f4m;7f4n
M0028_C001,28,NZ0008,2,1,1,1,1.0,2,2,3kzi;4v62
M0032_C001,32,NZ0008,2,1,1,1,1.0,3,3,4v62;4v82
M0034_C001,34,NZ0008,3,2,2,3,0.6666666666666666,3,3,3kzi;4v62;4v82
M0035_C001,35,NZ0008,3,2,4,3,0.6666666666666666,3,3,3kzi;4v62;4v82
M0037_C001,37,NZ0008,2,1,4,1,1.0,3,4,4v62;4v82
M0039_C001,39,NZ0002,20,190,190,190,1.0,2,6,2zxe;5avq;5avr;5avs;5avt;5avu;5avv;5avw;5avx;5avy;5avz;5aw0;5aw1;5aw2;5aw3;5aw4;5aw5;5aw6;5aw7;5aw8
M0062_C001,62,NZ0008,3,3,4,3,1.0,2,5,3kzi;4v62;4v82
M0067_C001,67,NZ0003,10,45,45,45,1.0,2,5,5eeu;5eev;5eew;5eex;5eey;5eez;5ef0;5ef1;5ef2;5ef3
M0068_C001,68,NZ0003,10,45,225,45,1.0,2,4,5eeu;5eev;5eew;5eex;5eey;5eez;5ef0;5ef1;5ef2;5ef3
M0069_C001,69,NZ0003,10,45,135,45,1.0,2,4,5eeu;5eev;5eew;5eex;5eey;5eez;5ef0;5ef1;5ef2;5ef3
M0070_C001,70,NZ0003,10,45,450,45,1.0,2,4,5eeu;5eev;5eew;5eex;5eey;5eez;5ef0;5ef1;5ef2;5ef3
M0076_C001,76,NZ0004,8,28,56,28,1.0,2,3,4x4b;4x4c;4x4d;4x4e;4x4f;4x4g;4x4h;4x4i
M0077_C001,77,NZ0004,8,28,56,28,1.0,2,4,4x4b;4x4c;4x4d;4x4e;4x4f;4x4g;4x4h;4x4i
M0084_C001,84,NZ0022,2,1,2,1,1.0,3,4,3l3o;3ohx
M0094_C001,94,NZ0029,2,1,1,1,1.0,2,2,4oin;4q4z
M0097_C001,97,NZ0008,2,1,1,1,1.0,3,3,4v62;4v82
M0106_C001,106,NZ0030,2,1,1,1,1.0,3,3,4v2b;4v2c
M0121_C001,121,NZ0016,2,1,1,1,1.0,2,2,1th6;2arm
M0124_C001,124,NZ0013,2,1,1,1,1.0,2,2,1kac;1p69
M0129_C001,129,NZ0028,2,1,1,1,1.0,2,2,4lyz;5lyz
M0130_C001,130,NZ0039,2,1,1,1,1.0,3,3,7f4m;7f4n
M0133_C001,133,NZ0052,2,1,1,1,1.0,2,2,8f6s;9el8
M0137_C001,137,NZ0008,2,1,2,1,1.0,4,4,4v62;4v82
M0172_C001,172,NZ0015,2,1,3,1,1.0,2,3,1mqm;1mqn
M0174_C001,174,NZ0035,2,1,1,1,1.0,2,2,6dvc;6tyf
M0184_C001,184,NZ0022,2,1,4,1,1.0,3,4,3l3o;3ohx
M0200_C001,200,NZ0014,2,1,3,1,1.0,4,6,1kqa;1krr
M0212_C001,212,NZ0005,5,10,10,10,1.0,2,5,1k4c;3f5w;3f7y;3fb6;3fb8
M0217_C001,217,NZ0021,2,1,1,1,1.0,3,3,3g1f;3g1h
M0219_C001,219,NZ0005,5,10,10,10,1.0,2,4,1k4c;3f5w;3f7y;3fb6;3fb8
M0227_C001,227,NZ0029,2,1,1,1,1.0,3,3,4oin;4q4z
M0231_C001,231,NZ0029,2,1,1,1,1.0,3,3,4oin;4q4z
M0243_C001,243,NZ0008,2,1,1,1,1.0,4,4,4v62;4v82
M0246_C001,246,NZ0026,2,1,1,1,1.0,1,1,4f9n;4i47
M0246_C002,246,NZ0037,2,1,1,1,1.0,1,1,6j5p;6j5q
M0257_C001,257,NZ0006,5,10,10,10,1.0,1,1,6zhw;6zi6;6zi9;6zia;6zid
M0257_C002,257,NZ0038,2,1,1,1,1.0,1,1,6zi4;6zi5
M0286_C001,286,NZ0027,2,1,1,1,1.0,5,5,4lo0;4lo7
M0318_C001,318,NZ0015,2,1,3,1,1.0,2,3,1mqm;1mqn
M0327_C001,327,NZ0036,2,1,1,1,1.0,4,4,6e2w;6e2y
M0332_C001,332,NZ0006,5,10,10,10,1.0,1,1,6zhw;6zi6;6zi9;6zia;6zid
M0332_C002,332,NZ0038,2,1,1,1,1.0,1,1,6zi4;6zi5
M0335_C001,335,NZ0008,3,3,4,3,1.0,3,6,3kzi;4v62;4v82
M0339_C001,339,NZ0023,2,1,1,1,1.0,7,7,3rhw;3ria
M0340_C001,340,NZ0008,2,1,1,1,1.0,3,3,3kzi;4v62
M0340_C002,340,NZ0023,2,1,2,1,1.0,8,9,3rhw;3ria
M0348_C001,348,NZ0032,2,1,1,1,1.0,3,3,5cry;5hbc
M0358_C001,358,NZ0012,2,1,4,1,1.0,2,3,1gyp;1gyq
M0384_C001,384,NZ0011,2,1,2,1,1.0,3,3,1fzi;1mty
M0417_C001,417,NZ0033,2,1,1,1,1.0,2,2,5wku;5wky
M0418_C001,418,NZ0033,2,1,1,1,1.0,3,3,5wku;5wky
M0449_C001,449,NZ0034,2,1,1,1,1.0,3,3,5zis;5zlh
M0451_C001,451,NZ0034,2,1,1,1,1.0,3,3,5zis;5zlh
M0466_C001,466,NZ0010,2,1,2,1,1.0,6,7,1bmf;2w6i
M0467_C001,467,NZ0010,2,1,1,1,1.0,6,6,1bmf;2w6i
M0487_C001,487,NZ0010,2,1,1,1,1.0,6,6,1bmf;2w6i
M0490_C001,490,NZ0019,2,1,1,1,1.0,3,3,2ck3;2w6j
M0492_C001,492,NZ0010,2,1,1,1,1.0,6,6,1bmf;2w6i
M0665_C001,665,NZ0052,2,1,1,1,1.0,2,2,8f6s;9el8
M0992_C001,992,NZ0002,20,190,190,190,1.0,3,7,2zxe;5avq;5avr;5avs;5avt;5avu;5avv;5avw;5avx;5avy;5avz;5aw0;5aw1;5aw2;5aw3;5aw4;5aw5;5aw6;5aw7;5aw8
