model,target,residue_index,chain_id,residue_number,insertion_code,residue_name,mean_plddt,repeat_std,min_plddt,max_plddt,predictions
AlphaFold,2olo_A,1,A,1,,MET,63.65599999999999,0.20181674856166107,63.43,63.81,5
AlphaFold,2olo_A,2,A,2,,THR,83.16799999999999,0.26214499804497704,82.74,83.38,5
AlphaFold,2olo_A,3,A,3,,GLU,94.474,0.14293355099485916,94.33,94.64,5
AlphaFold,2olo_A,4,A,4,,SER,97.53999999999999,0.033166247903546865,97.51,97.58,5
AlphaFold,2olo_A,5,A,5,,TYR,98.692,0.004472135955001271,98.69,98.7,5
AlphaFold,2olo_A,6,A,6,,ASP,98.63399999999999,0.00547722557505122,98.63,98.64,5
AlphaFold,2olo_A,7,A,7,,VAL,98.88,0.0,98.88,98.88,5
AlphaFold,2olo_A,8,A,8,,VAL,98.888,0.004472135955008685,98.88,98.89,5
AlphaFold,2olo_A,9,A,9,,VAL,98.888,0.004472135955001934,98.88,98.89,5
AlphaFold,2olo_A,10,A,10,,VAL,98.65,0.015811388300845677,98.63,98.67,5
AlphaFold,2olo_A,11,A,11,,GLY,97.54400000000001,0.09396807968667101,97.42,97.68,5
AlphaFold,2olo_A,12,A,12,,GLY,96.46000000000001,0.16643316977092917,96.23,96.69,5
AlphaFold,2olo_A,13,A,13,,GLY,95.242,0.22487774456357493,94.93,95.56,5
AlphaFold,2olo_A,14,A,14,,PRO,96.316,0.19629060089571446,96.05,96.59,5
AlphaFold,2olo_A,15,A,15,,VAL,97.652,0.11649034294738697,97.48,97.8,5
AlphaFold,2olo_A,16,A,16,,GLY,97.976,0.07197221686178328,97.87,98.07,5
AlphaFold,2olo_A,17,A,17,,LEU,98.36,0.0591607978309952,98.29,98.45,5
AlphaFold,2olo_A,18,A,18,,ALA,98.624,0.03130495168499134,98.59,98.67,5
AlphaFold,2olo_A,19,A,19,,THR,98.834,0.005477225575055274,98.83,98.84,5
AlphaFold,2olo_A,20,A,20,,ALA,98.862,0.004472135955003456,98.86,98.87,5
AlphaFold,2olo_A,21,A,21,,TRP,98.676,0.01673320053068094,98.66,98.7,5
AlphaFold,2olo_A,22,A,22,,GLN,98.65799999999999,0.010954451150103413,98.64,98.67,5
AlphaFold,2olo_A,23,A,23,,VAL,98.818,0.004472135954995313,98.81,98.82,5
AlphaFold,2olo_A,24,A,24,,ALA,98.686,0.005477225575046031,98.68,98.69,5
AlphaFold,2olo_A,25,A,25,,GLU,97.708,0.02863564212655279,97.67,97.75,5
AlphaFold,2olo_A,26,A,26,,ARG,97.94800000000001,0.013038404810402976,97.93,97.96,5
AlphaFold,2olo_A,27,A,27,,GLY,98.162,0.00836660026533534,98.15,98.17,5
AlphaFold,2olo_A,28,A,28,,HIS,98.684,0.005477225575046031,98.68,98.69,5
AlphaFold,2olo_A,29,A,29,,ARG,98.612,0.004472135955004714,98.61,98.62,5
AlphaFold,2olo_A,30,A,30,,VAL,98.876,0.005477225575046031,98.87,98.88,5
AlphaFold,2olo_A,31,A,31,,LEU,98.81,0.0,98.81,98.81,5
AlphaFold,2olo_A,32,A,32,,VAL,98.84,0.0070710678118603,98.83,98.85,5
AlphaFold,2olo_A,33,A,33,,LEU,98.67999999999999,0.02121320343559702,98.66,98.71,5
AlphaFold,2olo_A,34,A,34,,GLU,97.798,0.0683373982530819,97.71,97.9,5
AlphaFold,2olo_A,35,A,35,,ARG,96.45599999999999,0.158208722894791,96.28,96.71,5
AlphaFold,2olo_A,36,A,36,,HIS,94.59400000000001,0.2525470253239983,94.22,94.93,5
AlphaFold,2olo_A,37,A,37,,THR,95.67999999999999,0.4519402615390642,95.0,96.27,5
AlphaFold,2olo_A,38,A,38,,PHE,95.434,0.40482094807458086,94.84,95.98,5
AlphaFold,2olo_A,39,A,39,,PHE,94.202,0.6010158067804829,93.29,94.98,5
AlphaFold,2olo_A,40,A,40,,ASN,91.886,0.6840540914284486,90.74,92.57,5
AlphaFold,2olo_A,41,A,41,,GLU,87.52000000000001,1.6270371845781542,85.53,90.06,5
AlphaFold,2olo_A,42,A,42,,ASN,85.35,1.094234892516224,83.87,86.91,5
AlphaFold,2olo_A,43,A,43,,GLY,81.748,2.108463895825585,78.77,84.57,5
AlphaFold,2olo_A,44,A,44,,GLY,78.92,2.275994288217786,75.51,81.88,5
AlphaFold,2olo_A,45,A,45,,THR,76.2,2.7789476425438493,72.56,80.29,5
AlphaFold,2olo_A,46,A,46,,SER,77.146,2.0586719019795257,74.93,80.51,5
AlphaFold,2olo_A,47,A,47,,GLY,83.776,1.153052470618752,82.18,85.09,5
AlphaFold,2olo_A,48,A,48,,ALA,88.106,1.2032996301836054,86.42,89.2,5
AlphaFold,2olo_A,49,A,49,,GLU,92.71,0.5180250959171748,91.99,93.21,5
AlphaFold,2olo_A,50,A,50,,ARG,93.89,0.42549970622786715,93.35,94.35,5
AlphaFold,2olo_A,51,A,51,,HIS,93.316,0.437412848462412,92.74,93.95,5
AlphaFold,2olo_A,52,A,52,,TRP,94.94,0.3181980515339477,94.62,95.43,5
AlphaFold,2olo_A,53,A,53,,ARG,92.066,0.25185313180502705,91.77,92.35,5
AlphaFold,2olo_A,54,A,54,,LEU,90.608,0.6188456996699564,89.95,91.44,5
AlphaFold,2olo_A,55,A,55,,GLN,90.638,0.44963318382877093,90.2,91.35,5
AlphaFold,2olo_A,56,A,56,,TYR,92.416,0.3779947089576775,92.13,93.05,5
AlphaFold,2olo_A,57,A,57,,THR,91.942,0.3556964998422117,91.52,92.46,5
AlphaFold,2olo_A,58,A,58,,GLN,91.3,0.26466960535732126,90.96,91.57,5
AlphaFold,2olo_A,59,A,59,,GLU,93.584,0.18649396773086735,93.35,93.81,5
AlphaFold,2olo_A,60,A,60,,ASP,92.49600000000001,0.3569033482611227,92.09,92.93,5
AlphaFold,2olo_A,61,A,61,,LEU,92.768,0.27562655895250954,92.53,93.14,5
AlphaFold,2olo_A,62,A,62,,PHE,94.788,0.18539147768978395,94.57,95.0,5
AlphaFold,2olo_A,63,A,63,,ARG,95.144,0.21789905919943683,94.86,95.34,5
AlphaFold,2olo_A,64,A,64,,LEU,95.148,0.2521309183737736,94.77,95.43,5
AlphaFold,2olo_A,65,A,65,,THR,94.836,0.24172298194420908,94.49,95.09,5
AlphaFold,2olo_A,66,A,66,,LEU,95.236,0.22711230702011262,94.97,95.5,5
AlphaFold,2olo_A,67,A,67,,GLU,95.41799999999999,0.24386471659508077,95.17,95.72,5
AlphaFold,2olo_A,68,A,68,,THR,97.22,0.08602325267042953,97.1,97.34,5
AlphaFold,2olo_A,69,A,69,,LEU,95.44200000000001,0.2452957398733204,95.19,95.7,5
AlphaFold,2olo_A,70,A,70,,PRO,96.862,0.15706686474237844,96.66,97.05,5
AlphaFold,2olo_A,71,A,71,,LEU,97.83200000000001,0.09011104260854816,97.68,97.92,5
AlphaFold,2olo_A,72,A,72,,TRP,97.942,0.09576011695899078,97.8,98.07,5
AlphaFold,2olo_A,73,A,73,,ARG,97.546,0.18568791021496664,97.27,97.79,5
AlphaFold,2olo_A,74,A,74,,ALA,97.49199999999999,0.20535335400231178,97.17,97.72,5
AlphaFold,2olo_A,75,A,75,,LEU,98.25399999999999,0.10212737145349594,98.1,98.37,5
AlphaFold,2olo_A,76,A,76,,GLU,98.116,0.15993748778819605,97.87,98.29,5
AlphaFold,2olo_A,77,A,77,,SER,97.86600000000001,0.15946786510140676,97.62,98.03,5
AlphaFold,2olo_A,78,A,78,,ARG,97.34400000000001,0.16786899654194823,97.09,97.51,5
AlphaFold,2olo_A,79,A,79,,CYS,96.602,0.43757285107739136,96.01,97.1,5
AlphaFold,2olo_A,80,A,80,,GLU,96.1,1.0123487541356535,94.5,97.01,5
AlphaFold,2olo_A,81,A,81,,ARG,94.822,0.5062805546334915,94.12,95.44,5
AlphaFold,2olo_A,82,A,82,,ARG,96.35,0.568814556775754,95.51,96.95,5
AlphaFold,2olo_A,83,A,83,,LEU,97.154,0.35239182737401664,96.61,97.52,5
AlphaFold,2olo_A,84,A,84,,ILE,96.094,0.4362682660932373,95.49,96.59,5
AlphaFold,2olo_A,85,A,85,,HIS,94.70599999999999,0.43878240621063896,94.12,95.25,5
AlphaFold,2olo_A,86,A,86,,GLU,93.89,0.4328972164382681,93.28,94.43,5
AlphaFold,2olo_A,87,A,87,,ILE,92.876,0.3908068576675697,92.42,93.38,5
AlphaFold,2olo_A,88,A,88,,GLY,95.28,0.2577789750930008,95.04,95.63,5
AlphaFold,2olo_A,89,A,89,,SER,96.38000000000001,0.1964688270438863,96.15,96.68,5
AlphaFold,2olo_A,90,A,90,,LEU,97.464,0.07368853370776092,97.38,97.58,5
AlphaFold,2olo_A,91,A,91,,TRP,97.688,0.031144823004792405,97.65,97.72,5
AlphaFold,2olo_A,92,A,92,,PHE,98.338,0.008366600265343124,98.33,98.35,5
AlphaFold,2olo_A,93,A,93,,GLY,98.27000000000001,0.02915475947423507,98.24,98.31,5
AlphaFold,2olo_A,94,A,94,,ASP,97.422,0.10963576058932807,97.3,97.56,5
AlphaFold,2olo_A,95,A,95,,THR,97.72200000000001,0.054497706373752675,97.65,97.8,5
AlphaFold,2olo_A,96,A,96,,ASP,96.02799999999999,0.1839021478939251,95.86,96.27,5
AlphaFold,2olo_A,97,A,97,,VAL,94.856,0.3285270156318978,94.6,95.37,5
AlphaFold,2olo_A,98,A,98,,VAL,91.92,0.4651343891823117,91.35,92.58,5
AlphaFold,2olo_A,99,A,99,,THR,89.24,0.6522652834545154,88.44,90.17,5
AlphaFold,2olo_A,100,A,100,,ASN,82.46000000000001,1.0877040038539905,81.27,83.95,5
AlphaFold,2olo_A,101,A,101,,GLU,86.51599999999999,0.5300283011311718,85.79,87.0,5
AlphaFold,2olo_A,102,A,102,,GLY,90.258,0.37332291652134053,89.82,90.83,5
AlphaFold,2olo_A,103,A,103,,GLN,94.584,0.20839865642561445,94.32,94.78,5
AlphaFold,2olo_A,104,A,104,,ILE,97.58,0.09027735042634026,97.49,97.7,5
AlphaFold,2olo_A,105,A,105,,SER,97.328,0.09471008394041093,97.2,97.43,5
AlphaFold,2olo_A,106,A,106,,GLY,96.668,0.2005492458225702,96.42,96.87,5
AlphaFold,2olo_A,107,A,107,,THR,96.886,0.17372391890583413,96.72,97.15,5
AlphaFold,2olo_A,108,A,108,,ALA,97.834,0.08142481194328996,97.75,97.94,5
AlphaFold,2olo_A,109,A,109,,ALA,97.75399999999999,0.08111719916268663,97.66,97.84,5
AlphaFold,2olo_A,110,A,110,,MET,97.256,0.17868967513541023,97.03,97.46,5
AlphaFold,2olo_A,111,A,111,,MET,97.72999999999999,0.09899494936612029,97.62,97.87,5
AlphaFold,2olo_A,112,A,112,,ASP,97.918,0.08378544026261153,97.83,98.04,5
AlphaFold,2olo_A,113,A,113,,LYS,97.904,0.10784247771633798,97.79,98.02,5
AlphaFold,2olo_A,114,A,114,,LEU,97.058,0.1441180072024247,96.87,97.24,5
AlphaFold,2olo_A,115,A,115,,SER,96.956,0.10714476188783353,96.8,97.09,5
AlphaFold,2olo_A,116,A,116,,VAL,96.85,0.18357559750685648,96.61,97.08,5
AlphaFold,2olo_A,117,A,117,,ARG,97.054,0.11717508267545963,96.95,97.23,5
AlphaFold,2olo_A,118,A,118,,TYR,98.17,0.0552268050859381,98.1,98.25,5
AlphaFold,2olo_A,119,A,119,,GLU,98.144,0.03130495168499653,98.11,98.19,5
AlphaFold,2olo_A,120,A,120,,TRP,98.548,0.014832396974187216,98.53,98.57,5
AlphaFold,2olo_A,121,A,121,,LEU,98.482,0.014832396974194244,98.46,98.5,5
AlphaFold,2olo_A,122,A,122,,LYS,98.49199999999999,0.010954451150106846,98.48,98.51,5
AlphaFold,2olo_A,123,A,123,,ALA,98.126,0.027018512172212607,98.1,98.16,5
AlphaFold,2olo_A,124,A,124,,THR,97.43199999999999,0.05848076606885502,97.35,97.48,5
AlphaFold,2olo_A,125,A,125,,ASP,97.112,0.04969909455915766,97.04,97.15,5
AlphaFold,2olo_A,126,A,126,,ILE,97.362,0.05848076606885057,97.29,97.44,5
AlphaFold,2olo_A,127,A,127,,GLU,96.546,0.08443932733034201,96.42,96.64,5
AlphaFold,2olo_A,128,A,128,,ARG,94.91,0.09300537618868729,94.79,94.99,5
AlphaFold,2olo_A,129,A,129,,ARG,95.0,0.09354143466934606,94.86,95.08,5
AlphaFold,2olo_A,130,A,130,,PHE,95.13,0.10723805294764048,94.96,95.22,5
AlphaFold,2olo_A,131,A,131,,GLY,93.80199999999999,0.17369513522261065,93.55,93.99,5
AlphaFold,2olo_A,132,A,132,,PHE,96.288,0.11166915420114527,96.12,96.42,5
AlphaFold,2olo_A,133,A,133,,ARG,96.546,0.0712741187248273,96.5,96.67,5
AlphaFold,2olo_A,134,A,134,,GLY,97.146,0.06542170893518595,97.09,97.25,5
AlphaFold,2olo_A,135,A,135,,LEU,97.796,0.03435112807463931,97.77,97.85,5
AlphaFold,2olo_A,136,A,136,,PRO,97.02000000000001,0.0447213595499964,96.97,97.08,5
AlphaFold,2olo_A,137,A,137,,ARG,96.19,0.050990195135924614,96.13,96.24,5
AlphaFold,2olo_A,138,A,138,,ASP,96.522,0.04604345773288437,96.47,96.58,5
AlphaFold,2olo_A,139,A,139,,TYR,97.982,0.03420526275297544,97.94,98.03,5
AlphaFold,2olo_A,140,A,140,,GLU,98.554,0.016733200530679244,98.54,98.58,5
AlphaFold,2olo_A,141,A,141,,GLY,98.30199999999999,0.01788854381999638,98.28,98.32,5
AlphaFold,2olo_A,142,A,142,,PHE,98.17,0.048476798574161525,98.13,98.25,5
AlphaFold,2olo_A,143,A,143,,LEU,97.804,0.03361547262794937,97.77,97.84,5
AlphaFold,2olo_A,144,A,144,,GLN,97.226,0.10714476188782697,97.06,97.32,5
AlphaFold,2olo_A,145,A,145,,PRO,95.48400000000001,0.1665232716469368,95.3,95.74,5
AlphaFold,2olo_A,146,A,146,,ASP,94.424,0.24254896412889398,94.18,94.81,5
AlphaFold,2olo_A,147,A,147,,GLY,94.686,0.24172298194420913,94.42,95.01,5
AlphaFold,2olo_A,148,A,148,,GLY,94.124,0.25948024973010636,93.78,94.5,5
AlphaFold,2olo_A,149,A,149,,THR,94.89,0.25514701644346116,94.61,95.22,5
AlphaFold,2olo_A,150,A,150,,ILE,96.042,0.4258755686817508,95.46,96.51,5
AlphaFold,2olo_A,151,A,151,,ASP,95.734,0.49927948085215834,95.0,96.24,5
AlphaFold,2olo_A,152,A,152,,VAL,94.92,0.4503332099679026,94.26,95.33,5
AlphaFold,2olo_A,153,A,153,,ARG,93.914,0.5456464056511295,93.06,94.36,5
AlphaFold,2olo_A,154,A,154,,GLY,95.684,0.43206480995332536,95.02,96.04,5
AlphaFold,2olo_A,155,A,155,,THR,97.438,0.31212177110865374,96.96,97.72,5
AlphaFold,2olo_A,156,A,156,,LEU,96.798,0.3589846793388274,96.23,97.19,5
AlphaFold,2olo_A,157,A,157,,ALA,96.558,0.32337284981890413,96.09,96.93,5
AlphaFold,2olo_A,158,A,158,,ALA,98.102,0.1283354978172445,97.92,98.24,5
AlphaFold,2olo_A,159,A,159,,LEU,98.418,0.07529940238806931,98.31,98.51,5
AlphaFold,2olo_A,160,A,160,,PHE,98.29400000000001,0.09208691546576751,98.15,98.39,5
AlphaFold,2olo_A,161,A,161,,THR,98.28999999999999,0.05958187643906428,98.21,98.35,5
AlphaFold,2olo_A,162,A,162,,LEU,98.454,0.05319774431308373,98.39,98.52,5
AlphaFold,2olo_A,163,A,163,,ALA,98.616,0.020736441353322397,98.59,98.64,5
AlphaFold,2olo_A,164,A,164,,GLN,98.088,0.03420526275297646,98.05,98.14,5
AlphaFold,2olo_A,165,A,165,,ALA,98.16600000000001,0.04159326868617452,98.12,98.23,5
AlphaFold,2olo_A,166,A,166,,ALA,98.348,0.022803508501983753,98.32,98.38,5
AlphaFold,2olo_A,167,A,167,,GLY,98.386,0.008944271910002079,98.38,98.4,5
AlphaFold,2olo_A,168,A,168,,ALA,98.732,0.004472135954995313,98.73,98.74,5
AlphaFold,2olo_A,169,A,169,,THR,98.64,0.0,98.64,98.64,5
AlphaFold,2olo_A,170,A,170,,LEU,98.42,0.007071067811868883,98.41,98.43,5
AlphaFold,2olo_A,171,A,171,,ARG,98.096,0.02509980079602232,98.06,98.13,5
AlphaFold,2olo_A,172,A,172,,ALA,97.58399999999999,0.07021395872616396,97.5,97.69,5
AlphaFold,2olo_A,173,A,173,,GLY,97.392,0.08467585252006873,97.3,97.53,5
AlphaFold,2olo_A,174,A,174,,GLU,97.974,0.039749213828703354,97.94,98.04,5
AlphaFold,2olo_A,175,A,175,,THR,97.932,0.05449770637375859,97.86,98.01,5
AlphaFold,2olo_A,176,A,176,,VAL,98.622,0.019235384061670673,98.59,98.64,5
AlphaFold,2olo_A,177,A,177,,THR,97.96,0.06595452979136364,97.85,98.02,5
AlphaFold,2olo_A,178,A,178,,GLU,98.316,0.035071355833503924,98.26,98.35,5
AlphaFold,2olo_A,179,A,179,,LEU,98.572,0.020493901531921634,98.54,98.59,5
AlphaFold,2olo_A,180,A,180,,VAL,98.20599999999999,0.028809720581776384,98.18,98.25,5
AlphaFold,2olo_A,181,A,181,,PRO,98.362,0.023874672772630945,98.33,98.39,5
AlphaFold,2olo_A,182,A,182,,ASP,98.006,0.03781534080238206,97.96,98.05,5
AlphaFold,2olo_A,183,A,183,,ALA,97.058,0.08871302046487006,96.95,97.17,5
AlphaFold,2olo_A,184,A,184,,ASP,96.77000000000001,0.07483314773548178,96.7,96.86,5
AlphaFold,2olo_A,185,A,185,,GLY,98.18199999999999,0.019235384061670413,98.16,98.21,5
AlphaFold,2olo_A,186,A,186,,VAL,98.71799999999999,0.010954451150109575,98.71,98.73,5
AlphaFold,2olo_A,187,A,187,,SER,98.614,0.011401754250992123,98.6,98.63,5
AlphaFold,2olo_A,188,A,188,,VAL,98.748,0.013038404810407335,98.73,98.76,5
AlphaFold,2olo_A,189,A,189,,THR,98.47999999999999,0.023452078799119615,98.45,98.5,5
AlphaFold,2olo_A,190,A,190,,THR,98.436,0.030495901363949297,98.39,98.46,5
AlphaFold,2olo_A,191,A,191,,ASP,97.584,0.0403732584763738,97.54,97.63,5
AlphaFold,2olo_A,192,A,192,,ARG,96.72,0.04183300132670455,96.66,96.76,5
AlphaFold,2olo_A,193,A,193,,GLY,95.912,0.08378544026261246,95.83,96.01,5
AlphaFold,2olo_A,194,A,194,,THR,97.912,0.05540758070878322,97.82,97.95,5
AlphaFold,2olo_A,195,A,195,,TYR,98.41,0.018708286933867883,98.39,98.43,5
AlphaFold,2olo_A,196,A,196,,ARG,98.618,0.010954451150102008,98.61,98.63,5
AlphaFold,2olo_A,197,A,197,,ALA,98.702,0.008366600265338243,98.69,98.71,5
AlphaFold,2olo_A,198,A,198,,GLY,98.476,0.008944271909997577,98.47,98.49,5
AlphaFold,2olo_A,199,A,199,,LYS,98.668,0.010954451150107953,98.66,98.68,5
AlphaFold,2olo_A,200,A,200,,VAL,98.86,0.0,98.86,98.86,5
AlphaFold,2olo_A,201,A,201,,VAL,98.832,0.004472135955004714,98.83,98.84,5
AlphaFold,2olo_A,202,A,202,,LEU,98.44,0.01870828693386456,98.42,98.46,5
AlphaFold,2olo_A,203,A,203,,ALA,97.224,0.10382677881934062,97.12,97.37,5
AlphaFold,2olo_A,204,A,204,,CYS,95.14,0.46920144927312385,94.32,95.51,5
AlphaFold,2olo_A,205,A,205,,GLY,93.306,0.2299565176288689,93.14,93.71,5
AlphaFold,2olo_A,206,A,206,,PRO,93.95,0.34080786375903915,93.7,94.53,5
AlphaFold,2olo_A,207,A,207,,TYR,95.748,0.18793615937333896,95.63,96.08,5
AlphaFold,2olo_A,208,A,208,,THR,96.056,0.12621410380777762,95.92,96.25,5
AlphaFold,2olo_A,209,A,209,,ASN,95.824,0.08142481194328938,95.71,95.92,5
AlphaFold,2olo_A,210,A,210,,ASP,96.554,0.11970797801316402,96.44,96.71,5
AlphaFold,2olo_A,211,A,211,,LEU,97.312,0.08348652585896392,97.18,97.38,5
AlphaFold,2olo_A,212,A,212,,LEU,96.784,0.05770615218501405,96.7,96.86,5
AlphaFold,2olo_A,213,A,213,,GLU,96.08,0.09300537618869113,95.97,96.22,5
AlphaFold,2olo_A,214,A,214,,PRO,96.33399999999999,0.0798749021908583,96.24,96.46,5
AlphaFold,2olo_A,215,A,215,,LEU,96.176,0.09864076236526337,96.08,96.33,5
AlphaFold,2olo_A,216,A,216,,GLY,95.02799999999999,0.16021860066796467,94.83,95.22,5
AlphaFold,2olo_A,217,A,217,,ALA,95.436,0.13612494260787883,95.26,95.61,5
AlphaFold,2olo_A,218,A,218,,ARG,94.952,0.08955445270895357,94.83,95.05,5
AlphaFold,2olo_A,219,A,219,,LEU,94.99000000000001,0.05787918451395383,94.91,95.04,5
AlphaFold,2olo_A,220,A,220,,ALA,94.418,0.05403702434442571,94.36,94.48,5
AlphaFold,2olo_A,221,A,221,,TYR,94.84,0.1204159457879218,94.64,94.95,5
AlphaFold,2olo_A,222,A,222,,SER,95.036,0.14467204291085986,94.82,95.18,5
AlphaFold,2olo_A,223,A,223,,VAL,95.784,0.19034179782696264,95.57,96.06,5
AlphaFold,2olo_A,224,A,224,,TYR,95.1,0.2319482700948646,94.85,95.41,5
AlphaFold,2olo_A,225,A,225,,GLU,94.712,0.26224034777280325,94.44,95.06,5
AlphaFold,2olo_A,226,A,226,,MET,93.724,0.2669831455354419,93.37,93.96,5
AlphaFold,2olo_A,227,A,227,,ALA,94.37,0.12708265027138732,94.19,94.53,5
AlphaFold,2olo_A,228,A,228,,ILE,94.05799999999999,0.1956271964732948,93.74,94.25,5
AlphaFold,2olo_A,229,A,229,,ALA,95.038,0.37539312726793816,94.52,95.42,5
AlphaFold,2olo_A,230,A,230,,ALA,94.724,0.49892885264334,94.06,95.26,5
AlphaFold,2olo_A,231,A,231,,TYR,95.332,0.5202595506091164,94.67,95.88,5
AlphaFold,2olo_A,232,A,232,,ARG,94.388,0.5676882947533819,93.66,94.97,5
AlphaFold,2olo_A,233,A,233,,GLN,92.90799999999999,0.2950762613291667,92.42,93.16,5
AlphaFold,2olo_A,234,A,234,,ALA,91.218,0.2594609797252756,90.88,91.51,5
AlphaFold,2olo_A,235,A,235,,THR,89.47999999999999,0.31835514759462497,89.21,89.85,5
AlphaFold,2olo_A,236,A,236,,PRO,85.968,0.48468546501829224,85.48,86.52,5
AlphaFold,2olo_A,237,A,237,,VAL,86.21000000000001,0.4263214749458484,85.61,86.62,5
AlphaFold,2olo_A,238,A,238,,THR,81.492,0.29166761904606986,81.11,81.86,5
AlphaFold,2olo_A,239,A,239,,GLU,87.634,0.43644014480795934,87.23,88.24,5
AlphaFold,2olo_A,240,A,240,,ALA,90.212,0.35583704135460653,89.77,90.62,5
AlphaFold,2olo_A,241,A,241,,PRO,94.63,0.2774887385102315,94.33,95.07,5
AlphaFold,2olo_A,242,A,242,,PHE,94.154,0.42623936936890683,93.59,94.79,5
AlphaFold,2olo_A,243,A,243,,TRP,96.276,0.15109599597606602,96.12,96.5,5
AlphaFold,2olo_A,244,A,244,,PHE,97.08200000000001,0.12214745187682463,96.92,97.2,5
AlphaFold,2olo_A,245,A,245,,ALA,97.464,0.06308724118234577,97.37,97.52,5
AlphaFold,2olo_A,246,A,246,,PHE,97.452,0.05215361924161492,97.39,97.49,5
AlphaFold,2olo_A,247,A,247,,GLN,96.1,0.18013883534652092,95.85,96.28,5
AlphaFold,2olo_A,248,A,248,,GLN,95.452,0.26243094329746824,95.12,95.67,5
AlphaFold,2olo_A,249,A,249,,PRO,95.0,0.285043856274783,94.65,95.3,5
AlphaFold,2olo_A,250,A,250,,THR,94.36600000000001,0.3048442225137264,94.01,94.8,5
AlphaFold,2olo_A,251,A,251,,PRO,93.228,0.317993710629628,92.81,93.61,5
AlphaFold,2olo_A,252,A,252,,GLN,91.28999999999999,0.3189827581547373,90.8,91.68,5
AlphaFold,2olo_A,253,A,253,,ASP,93.776,0.2506591310924046,93.5,94.14,5
AlphaFold,2olo_A,254,A,254,,THR,93.014,0.506586616483301,92.25,93.56,5
AlphaFold,2olo_A,255,A,255,,ASN,95.384,0.22052210773525752,95.09,95.65,5
AlphaFold,2olo_A,256,A,256,,LEU,96.30199999999999,0.42716507347862287,95.68,96.63,5
AlphaFold,2olo_A,257,A,257,,PHE,96.87,0.08860022573334868,96.77,96.98,5
AlphaFold,2olo_A,258,A,258,,TYR,96.562,0.08043631020876464,96.44,96.65,5
AlphaFold,2olo_A,259,A,259,,GLY,95.4,0.22605309110914948,95.09,95.68,5
AlphaFold,2olo_A,260,A,260,,PHE,93.13,0.3504996433664389,92.67,93.51,5
AlphaFold,2olo_A,261,A,261,,GLY,85.33,0.5661713521540941,84.53,85.87,5
AlphaFold,2olo_A,262,A,262,,HIS,85.096,1.186646535409768,83.14,86.04,5
AlphaFold,2olo_A,263,A,263,,ASN,85.154,1.7015816172020701,82.85,87.36,5
AlphaFold,2olo_A,264,A,264,,PRO,84.274,2.6993295463874,80.66,87.13,5
AlphaFold,2olo_A,265,A,265,,TRP,87.622,2.1311076931961948,84.47,89.82,5
AlphaFold,2olo_A,266,A,266,,ALA,80.266,3.321035982942671,76.56,84.48,5
AlphaFold,2olo_A,267,A,267,,PRO,70.874,3.3110768641032755,66.83,75.07,5
AlphaFold,2olo_A,268,A,268,,GLY,77.97999999999999,5.164528052010175,69.75,82.82,5
AlphaFold,2olo_A,269,A,269,,GLU,86.19800000000001,1.355237986480601,84.25,87.69,5
AlphaFold,2olo_A,270,A,270,,PHE,91.35,0.7717836484404115,90.23,92.19,5
AlphaFold,2olo_A,271,A,271,,VAL,92.85,0.6127805479941404,92.04,93.56,5
AlphaFold,2olo_A,272,A,272,,ARG,94.054,0.3918290443548079,93.52,94.47,5
AlphaFold,2olo_A,273,A,273,,CYS,95.47999999999999,0.2832843094843051,95.06,95.77,5
AlphaFold,2olo_A,274,A,274,,GLY,95.86,0.10099504938362226,95.7,95.94,5
AlphaFold,2olo_A,275,A,275,,PRO,95.92,0.12509996003196594,95.78,96.08,5
AlphaFold,2olo_A,276,A,276,,ASP,94.462,0.15449919093639475,94.27,94.63,5
AlphaFold,2olo_A,277,A,277,,PHE,94.408,0.21300234740490984,94.1,94.65,5
AlphaFold,2olo_A,278,A,278,,GLU,91.65,0.39780648561832116,91.14,92.15,5
AlphaFold,2olo_A,279,A,279,,VAL,92.398,0.29414282245194956,91.92,92.64,5
AlphaFold,2olo_A,280,A,280,,ASP,93.352,0.213939243711852,93.08,93.6,5
AlphaFold,2olo_A,281,A,281,,PRO,95.516,0.14010710188995146,95.35,95.68,5
AlphaFold,2olo_A,282,A,282,,LEU,96.292,0.1762668431668269,96.12,96.53,5
AlphaFold,2olo_A,283,A,283,,ASP,94.98400000000001,0.15192103211866023,94.73,95.13,5
AlphaFold,2olo_A,284,A,284,,HIS,95.55,0.16462077633154065,95.38,95.82,5
AlphaFold,2olo_A,285,A,285,,PRO,93.272,0.33259585084604326,92.99,93.84,5
AlphaFold,2olo_A,286,A,286,,SER,93.468,0.21730163368000258,93.33,93.85,5
AlphaFold,2olo_A,287,A,287,,ALA,95.58,0.1361983847187586,95.49,95.81,5
AlphaFold,2olo_A,288,A,288,,ALA,94.19200000000001,0.3134804619111085,93.88,94.65,5
AlphaFold,2olo_A,289,A,289,,THR,93.95,0.17677669529663836,93.77,94.19,5
AlphaFold,2olo_A,290,A,290,,GLY,92.35,0.23162469643801112,92.09,92.72,5
AlphaFold,2olo_A,291,A,291,,VAL,94.372,0.15319921670817463,94.2,94.55,5
AlphaFold,2olo_A,292,A,292,,ALA,94.94200000000001,0.1134460224071331,94.84,95.09,5
AlphaFold,2olo_A,293,A,293,,ASP,95.42,0.16355427233795858,95.25,95.66,5
AlphaFold,2olo_A,294,A,294,,ARG,95.288,0.06723094525588481,95.2,95.38,5
AlphaFold,2olo_A,295,A,295,,ARG,95.196,0.12218837915284891,95.07,95.36,5
AlphaFold,2olo_A,296,A,296,,GLN,96.00399999999999,0.10644247272587905,95.83,96.1,5
AlphaFold,2olo_A,297,A,297,,MET,96.66,0.042426406871190904,96.62,96.72,5
AlphaFold,2olo_A,298,A,298,,ASP,96.814,0.043931765272975626,96.75,96.86,5
AlphaFold,2olo_A,299,A,299,,ARG,96.922,0.05540758070877704,96.83,96.97,5
AlphaFold,2olo_A,300,A,300,,LEU,97.374,0.05176871642217841,97.32,97.45,5
AlphaFold,2olo_A,301,A,301,,SER,97.47,0.08093207028119376,97.36,97.55,5
AlphaFold,2olo_A,302,A,302,,GLY,97.46200000000002,0.059749476985157673,97.4,97.54,5
AlphaFold,2olo_A,303,A,303,,TRP,97.324,0.058991524815014074,97.25,97.39,5
AlphaFold,2olo_A,304,A,304,,LEU,97.274,0.06655824516917973,97.22,97.39,5
AlphaFold,2olo_A,305,A,305,,ARG,97.372,0.05357238094391929,97.3,97.43,5
AlphaFold,2olo_A,306,A,306,,ASP,97.232,0.03563705936241704,97.2,97.29,5
AlphaFold,2olo_A,307,A,307,,HIS,97.34200000000001,0.06418722614352591,97.29,97.45,5
AlphaFold,2olo_A,308,A,308,,LEU,96.09200000000001,0.08843076387773618,96.03,96.22,5
AlphaFold,2olo_A,309,A,309,,PRO,94.9,0.0974679434480842,94.78,95.05,5
AlphaFold,2olo_A,310,A,310,,THR,93.628,0.16392071254115523,93.45,93.84,5
AlphaFold,2olo_A,311,A,311,,VAL,95.188,0.2197043467935952,94.95,95.5,5
AlphaFold,2olo_A,312,A,312,,ASP,96.02000000000001,0.2280350850198214,95.76,96.28,5
AlphaFold,2olo_A,313,A,313,,PRO,95.936,0.1558204094462601,95.76,96.14,5
AlphaFold,2olo_A,314,A,314,,ASP,96.388,0.09418067742376812,96.28,96.5,5
AlphaFold,2olo_A,315,A,315,,PRO,95.984,0.26092144411680934,95.69,96.27,5
AlphaFold,2olo_A,316,A,316,,VAL,95.104,0.48055176620214074,94.43,95.6,5
AlphaFold,2olo_A,317,A,317,,ARG,94.092,0.4376871028486011,93.46,94.57,5
AlphaFold,2olo_A,318,A,318,,THR,94.554,0.1913896548928365,94.26,94.77,5
AlphaFold,2olo_A,319,A,319,,SER,92.686,0.2719007171744883,92.24,92.94,5
AlphaFold,2olo_A,320,A,320,,THR,93.226,0.3113358315388727,92.85,93.7,5
AlphaFold,2olo_A,321,A,321,,CYS,92.13399999999999,0.29339393313427464,91.85,92.6,5
AlphaFold,2olo_A,322,A,322,,LEU,93.71799999999999,0.3719139685464917,93.22,94.24,5
AlphaFold,2olo_A,323,A,323,,ALA,93.394,0.308917464705377,93.01,93.75,5
AlphaFold,2olo_A,324,A,324,,VAL,94.462,0.2492388412747892,94.09,94.72,5
AlphaFold,2olo_A,325,A,325,,LEU,93.298,0.17569860557215655,93.08,93.53,5
AlphaFold,2olo_A,326,A,326,,PRO,93.03,0.15937377450509074,92.76,93.18,5
AlphaFold,2olo_A,327,A,327,,THR,91.476,0.22029525641738518,91.24,91.8,5
AlphaFold,2olo_A,328,A,328,,ASP,88.354,0.4783617877715583,87.67,88.84,5
AlphaFold,2olo_A,329,A,329,,PRO,79.602,1.0574119348673872,77.76,80.39,5
AlphaFold,2olo_A,330,A,330,,GLU,82.488,0.7675415298210242,81.22,83.22,5
AlphaFold,2olo_A,331,A,331,,ARG,87.76599999999999,1.3671612926059606,85.49,88.74,5
AlphaFold,2olo_A,332,A,332,,GLN,88.85799999999999,0.698333731105699,88.1,89.7,5
AlphaFold,2olo_A,333,A,333,,PHE,93.676,0.1765785943992057,93.37,93.81,5
AlphaFold,2olo_A,334,A,334,,PHE,95.43,0.1320984481362293,95.25,95.62,5
AlphaFold,2olo_A,335,A,335,,LEU,96.818,0.14515508947329028,96.61,97.02,5
AlphaFold,2olo_A,336,A,336,,GLY,97.28,0.06855654600401546,97.19,97.37,5
AlphaFold,2olo_A,337,A,337,,THR,97.024,0.07733045971672317,96.92,97.11,5
AlphaFold,2olo_A,338,A,338,,ALA,96.032,0.06379655163093886,95.93,96.1,5
AlphaFold,2olo_A,339,A,339,,ARG,94.366,0.12441864811995616,94.15,94.47,5
AlphaFold,2olo_A,340,A,340,,ASP,91.55999999999999,0.23323807579381184,91.21,91.83,5
AlphaFold,2olo_A,341,A,341,,LEU,92.40599999999999,0.3320843266400903,91.86,92.69,5
AlphaFold,2olo_A,342,A,342,,MET,93.93199999999999,0.2135883891975337,93.61,94.14,5
AlphaFold,2olo_A,343,A,343,,THR,94.91600000000001,0.2484552273549537,94.56,95.22,5
AlphaFold,2olo_A,344,A,344,,HIS,97.166,0.1026157882589174,97.01,97.27,5
AlphaFold,2olo_A,345,A,345,,GLY,96.80199999999999,0.128335497817251,96.6,96.91,5
AlphaFold,2olo_A,346,A,346,,GLU,96.70599999999999,0.12157302332343153,96.52,96.82,5
AlphaFold,2olo_A,347,A,347,,LYS,98.244,0.03781534080238328,98.19,98.28,5
AlphaFold,2olo_A,348,A,348,,LEU,98.346,0.033615472627948555,98.3,98.37,5
AlphaFold,2olo_A,349,A,349,,VAL,98.49,0.010000000000003043,98.48,98.5,5
AlphaFold,2olo_A,350,A,350,,VAL,97.694,0.051768716422180686,97.63,97.75,5
AlphaFold,2olo_A,351,A,351,,TYR,96.19,0.16985287751462932,95.95,96.4,5
AlphaFold,2olo_A,352,A,352,,GLY,91.444,0.4542356216766823,90.91,92.02,5
AlphaFold,2olo_A,353,A,353,,ALA,88.872,0.32736829412757623,88.34,89.2,5
AlphaFold,2olo_A,354,A,354,,GLY,88.164,0.37845739522435434,87.52,88.49,5
AlphaFold,2olo_A,355,A,355,,TRP,87.372,0.20945166506857676,87.13,87.6,5
AlphaFold,2olo_A,356,A,356,,ALA,92.77799999999999,0.15139352694220043,92.56,92.95,5
AlphaFold,2olo_A,357,A,357,,PHE,94.786,0.17910890541790572,94.5,94.98,5
AlphaFold,2olo_A,358,A,358,,LYS,94.91799999999999,0.13971399357258196,94.69,95.05,5
AlphaFold,2olo_A,359,A,359,,PHE,96.678,0.06723094525588523,96.56,96.73,5
AlphaFold,2olo_A,360,A,360,,VAL,97.256,0.07765307463326572,97.15,97.36,5
AlphaFold,2olo_A,361,A,361,,PRO,98.03,0.029999999999997487,97.98,98.06,5
AlphaFold,2olo_A,362,A,362,,LEU,98.1,0.03674234614174278,98.05,98.14,5
AlphaFold,2olo_A,363,A,363,,PHE,97.94,0.031622776601683306,97.89,97.97,5
AlphaFold,2olo_A,364,A,364,,GLY,98.424,0.01516575088810344,98.4,98.44,5
AlphaFold,2olo_A,365,A,365,,ARG,98.41,0.022360679775004305,98.38,98.44,5
AlphaFold,2olo_A,366,A,366,,ILE,98.422,0.03114482300479712,98.39,98.46,5
AlphaFold,2olo_A,367,A,367,,CYS,98.676,0.013416407864996201,98.66,98.69,5
AlphaFold,2olo_A,368,A,368,,ALA,98.69000000000001,0.010000000000000972,98.68,98.7,5
AlphaFold,2olo_A,369,A,369,,ASP,98.522,0.021679483388678665,98.5,98.55,5
AlphaFold,2olo_A,370,A,370,,LEU,98.376,0.024083189157591944,98.35,98.41,5
AlphaFold,2olo_A,371,A,371,,ALA,98.45,0.018708286933866936,98.43,98.47,5
AlphaFold,2olo_A,372,A,372,,VAL,98.108,0.027748873851028557,98.08,98.15,5
AlphaFold,2olo_A,373,A,373,,GLU,97.114,0.041593268686174543,97.07,97.18,5
AlphaFold,2olo_A,374,A,374,,ASP,95.85,0.07280109889280559,95.76,95.94,5
AlphaFold,2olo_A,375,A,375,,SER,96.792,0.07529940238806823,96.72,96.9,5
AlphaFold,2olo_A,376,A,376,,THR,97.114,0.11588787684654919,97.02,97.25,5
AlphaFold,2olo_A,377,A,377,,ALA,96.06,0.14317821063276812,95.91,96.25,5
AlphaFold,2olo_A,378,A,378,,TYR,95.398,0.2794100928742523,95.1,95.77,5
AlphaFold,2olo_A,379,A,379,,ASP,93.202,0.3729879354617302,92.77,93.71,5
AlphaFold,2olo_A,380,A,380,,ILE,93.414,0.3095642098176014,93.06,93.86,5
AlphaFold,2olo_A,381,A,381,,SER,91.548,0.38583675304460024,91.15,92.18,5
AlphaFold,2olo_A,382,A,382,,ARG,91.03200000000001,0.32942373927815616,90.68,91.56,5
AlphaFold,2olo_A,383,A,383,,LEU,93.494,0.2749181696432519,93.2,93.94,5
AlphaFold,2olo_A,384,A,384,,ALA,92.674,0.2726352875179551,92.29,93.03,5
AlphaFold,2olo_A,385,A,385,,PRO,88.444,0.46111820610337906,87.9,88.94,5
AlphaFold,2olo_A,386,A,386,,GLN,81.23400000000001,1.0139674550990239,79.89,82.29,5
AlphaFold,2olo_A,387,A,387,,SER,72.776,1.4880960990473662,70.68,74.29,5
AlphaFold,2olo_A,388,A,388,,ALA,72.72999999999999,1.784894954892311,69.57,73.89,5
AlphaFold,2olo_A,389,A,389,,LEU,73.638,2.0697632714878336,70.02,75.05,5
OpenFold,2olo_A,1,A,1,,MET,75.974,0.29770791054319984,75.64,76.28,5
OpenFold,2olo_A,2,A,2,,THR,89.462,0.15754364474646154,89.32,89.71,5
OpenFold,2olo_A,3,A,3,,GLU,95.47,0.08631338250815676,95.35,95.57,5
OpenFold,2olo_A,4,A,4,,SER,97.252,0.02774887385102704,97.22,97.29,5
OpenFold,2olo_A,5,A,5,,TYR,98.306,0.01949358868961721,98.28,98.33,5
OpenFold,2olo_A,6,A,6,,ASP,98.284,0.008944271910000558,98.27,98.29,5
OpenFold,2olo_A,7,A,7,,VAL,98.72200000000001,0.004472135955001934,98.72,98.73,5
OpenFold,2olo_A,8,A,8,,VAL,98.726,0.005477225575055274,98.72,98.73,5
OpenFold,2olo_A,9,A,9,,VAL,98.736,0.00894427190999824,98.73,98.75,5
OpenFold,2olo_A,10,A,10,,VAL,98.28,0.04527692569068962,98.24,98.35,5
OpenFold,2olo_A,11,A,11,,GLY,96.97999999999999,0.1341640786499876,96.8,97.12,5
OpenFold,2olo_A,12,A,12,,GLY,95.944,0.21161285405191643,95.68,96.13,5
OpenFold,2olo_A,13,A,13,,GLY,95.02000000000001,0.2904307146291483,94.65,95.33,5
OpenFold,2olo_A,14,A,14,,PRO,95.66799999999999,0.3319939758489583,95.33,96.05,5
OpenFold,2olo_A,15,A,15,,VAL,96.584,0.321838468800726,96.25,97.01,5
OpenFold,2olo_A,16,A,16,,GLY,97.38199999999999,0.16843396332094665,97.21,97.59,5
OpenFold,2olo_A,17,A,17,,LEU,98.036,0.06426507605223879,97.96,98.11,5
OpenFold,2olo_A,18,A,18,,ALA,98.05799999999999,0.11054410884348669,97.94,98.2,5
OpenFold,2olo_A,19,A,19,,THR,98.546,0.03974921382870517,98.5,98.6,5
OpenFold,2olo_A,20,A,20,,ALA,98.70599999999999,0.008944271909996585,98.7,98.72,5
OpenFold,2olo_A,21,A,21,,TRP,98.30199999999999,0.019235384061672783,98.28,98.33,5
OpenFold,2olo_A,22,A,22,,GLN,98.28,0.014142135623731905,98.27,98.3,5
OpenFold,2olo_A,23,A,23,,VAL,98.67,0.007071067811868883,98.66,98.68,5
OpenFold,2olo_A,24,A,24,,ALA,98.55199999999999,0.008366600265343372,98.54,98.56,5
OpenFold,2olo_A,25,A,25,,GLU,97.238,0.04764451699828662,97.18,97.31,5
OpenFold,2olo_A,26,A,26,,ARG,97.606,0.01816590212457938,97.59,97.63,5
OpenFold,2olo_A,27,A,27,,GLY,97.57000000000001,0.014142135623734209,97.56,97.59,5
OpenFold,2olo_A,28,A,28,,HIS,98.232,0.013038404810403248,98.22,98.25,5
OpenFold,2olo_A,29,A,29,,ARG,98.188,0.00836660026533941,98.18,98.2,5
OpenFold,2olo_A,30,A,30,,VAL,98.74,0.010000000000000378,98.73,98.75,5
OpenFold,2olo_A,31,A,31,,LEU,98.58,0.007071067811869092,98.57,98.59,5
OpenFold,2olo_A,32,A,32,,VAL,98.718,0.010954451150102603,98.7,98.73,5
OpenFold,2olo_A,33,A,33,,LEU,98.45599999999999,0.011401754250990435,98.44,98.47,5
OpenFold,2olo_A,34,A,34,,GLU,97.74600000000001,0.0541294744108943,97.67,97.81,5
OpenFold,2olo_A,35,A,35,,ARG,96.298,0.11122050170719538,96.17,96.44,5
OpenFold,2olo_A,36,A,36,,HIS,93.806,0.17386776584519845,93.61,94.03,5
OpenFold,2olo_A,37,A,37,,THR,94.738,0.2187921387984473,94.49,94.99,5
OpenFold,2olo_A,38,A,38,,PHE,94.45,0.22438805672316947,94.15,94.68,5
OpenFold,2olo_A,39,A,39,,PHE,93.192,0.18157643018849912,92.98,93.46,5
OpenFold,2olo_A,40,A,40,,ASN,89.48400000000001,0.45593859235647294,88.93,90.15,5
OpenFold,2olo_A,41,A,41,,GLU,84.938,0.662661301118453,84.0,85.8,5
OpenFold,2olo_A,42,A,42,,ASN,83.638,1.1052918166710575,82.14,85.17,5
OpenFold,2olo_A,43,A,43,,GLY,78.386,1.1969252274056208,76.44,79.69,5
OpenFold,2olo_A,44,A,44,,GLY,73.8,1.0362432146943112,71.99,74.63,5
OpenFold,2olo_A,45,A,45,,THR,74.258,1.5793416349859213,72.71,76.36,5
OpenFold,2olo_A,46,A,46,,SER,76.64,0.9727024210929024,74.97,77.52,5
OpenFold,2olo_A,47,A,47,,GLY,81.90599999999999,0.9562583332970258,80.42,83.09,5
OpenFold,2olo_A,48,A,48,,ALA,84.904,0.9499368400056903,83.45,85.95,5
OpenFold,2olo_A,49,A,49,,GLU,91.146,0.7788003595273975,90.05,91.92,5
OpenFold,2olo_A,50,A,50,,ARG,92.248,0.6895795820643226,91.46,92.94,5
OpenFold,2olo_A,51,A,51,,HIS,90.812,0.8766527248574484,89.74,91.78,5
OpenFold,2olo_A,52,A,52,,TRP,94.918,0.354146862191381,94.42,95.26,5
OpenFold,2olo_A,53,A,53,,ARG,93.786,0.7293010352385285,92.65,94.43,5
OpenFold,2olo_A,54,A,54,,LEU,92.09400000000001,0.9127047715444402,90.79,92.97,5
OpenFold,2olo_A,55,A,55,,GLN,94.228,0.4437003493350049,93.6,94.67,5
OpenFold,2olo_A,56,A,56,,TYR,93.03,0.4032988966015131,92.55,93.56,5
OpenFold,2olo_A,57,A,57,,THR,92.436,0.2902240513809977,92.1,92.77,5
OpenFold,2olo_A,58,A,58,,GLN,91.72,0.344020348235389,91.35,92.1,5
OpenFold,2olo_A,59,A,59,,GLU,94.31,0.26124700955226055,93.95,94.54,5
OpenFold,2olo_A,60,A,60,,ASP,92.498,0.3145155004129371,92.01,92.83,5
OpenFold,2olo_A,61,A,61,,LEU,92.226,0.4377556395981714,91.72,92.83,5
OpenFold,2olo_A,62,A,62,,PHE,94.566,0.2900517195260195,94.19,94.88,5
OpenFold,2olo_A,63,A,63,,ARG,95.49600000000001,0.2619732810803419,95.14,95.69,5
OpenFold,2olo_A,64,A,64,,LEU,94.54400000000001,0.4128922377570202,94.03,95.01,5
OpenFold,2olo_A,65,A,65,,THR,94.122,0.3946770831958717,93.66,94.61,5
OpenFold,2olo_A,66,A,66,,LEU,95.49199999999999,0.3316926287996202,95.05,95.86,5
OpenFold,2olo_A,67,A,67,,GLU,95.92,0.21248529360875995,95.66,96.11,5
OpenFold,2olo_A,68,A,68,,THR,96.71000000000001,0.2361143790623529,96.4,96.96,5
OpenFold,2olo_A,69,A,69,,LEU,94.678,0.2716063327685851,94.45,95.05,5
OpenFold,2olo_A,70,A,70,,PRO,96.452,0.143944433723564,96.28,96.63,5
OpenFold,2olo_A,71,A,71,,LEU,97.372,0.058051701094799554,97.32,97.44,5
OpenFold,2olo_A,72,A,72,,TRP,97.578,0.09038805230781712,97.49,97.68,5
OpenFold,2olo_A,73,A,73,,ARG,96.928,0.11861703081766714,96.78,97.05,5
OpenFold,2olo_A,74,A,74,,ALA,97.512,0.08786353054595437,97.41,97.61,5
OpenFold,2olo_A,75,A,75,,LEU,97.97200000000001,0.07694153624668704,97.88,98.07,5
OpenFold,2olo_A,76,A,76,,GLU,97.854,0.0955510334847266,97.75,97.96,5
OpenFold,2olo_A,77,A,77,,SER,97.52000000000001,0.07810249675906511,97.41,97.61,5
OpenFold,2olo_A,78,A,78,,ARG,96.678,0.10545141061171151,96.5,96.77,5
OpenFold,2olo_A,79,A,79,,CYS,95.71600000000001,0.2052559377947447,95.4,95.93,5
OpenFold,2olo_A,80,A,80,,GLU,95.38,0.29008619408720054,95.06,95.74,5
OpenFold,2olo_A,81,A,81,,ARG,94.19800000000001,0.6843756278535907,93.53,94.98,5
OpenFold,2olo_A,82,A,82,,ARG,95.288,0.5521956175124896,94.7,95.87,5
OpenFold,2olo_A,83,A,83,,LEU,95.82000000000001,0.5035374861914498,95.41,96.4,5
OpenFold,2olo_A,84,A,84,,ILE,95.75800000000001,0.37903825664436297,95.22,96.15,5
OpenFold,2olo_A,85,A,85,,HIS,93.506,0.25793410011086293,93.11,93.74,5
OpenFold,2olo_A,86,A,86,,GLU,92.96,0.4302905994789987,92.3,93.32,5
OpenFold,2olo_A,87,A,87,,ILE,91.66600000000001,0.6578221644183195,90.65,92.48,5
OpenFold,2olo_A,88,A,88,,GLY,94.876,0.27555398745073234,94.44,95.11,5
OpenFold,2olo_A,89,A,89,,SER,96.402,0.2586890024720786,96.02,96.68,5
OpenFold,2olo_A,90,A,90,,LEU,97.572,0.15817711591756964,97.33,97.71,5
OpenFold,2olo_A,91,A,91,,TRP,97.936,0.08018728078692024,97.83,98.03,5
OpenFold,2olo_A,92,A,92,,PHE,98.012,0.06760177512461862,97.92,98.07,5
OpenFold,2olo_A,93,A,93,,GLY,97.804,0.039115214431215045,97.74,97.84,5
OpenFold,2olo_A,94,A,94,,ASP,97.44,0.05873670062235124,97.38,97.53,5
OpenFold,2olo_A,95,A,95,,THR,97.67,0.04847679857416674,97.6,97.73,5
OpenFold,2olo_A,96,A,96,,ASP,96.92,0.0583095189484524,96.85,96.99,5
OpenFold,2olo_A,97,A,97,,VAL,95.61800000000001,0.14113823011502513,95.38,95.75,5
OpenFold,2olo_A,98,A,98,,VAL,92.772,0.24742675683927232,92.35,92.93,5
OpenFold,2olo_A,99,A,99,,THR,88.836,0.30138015860371214,88.31,89.07,5
OpenFold,2olo_A,100,A,100,,ASN,82.65799999999999,0.4043760625952082,81.99,83.02,5
OpenFold,2olo_A,101,A,101,,GLU,87.536,0.49449974721934575,87.02,88.11,5
OpenFold,2olo_A,102,A,102,,GLY,90.47999999999999,0.2777588882466208,90.03,90.74,5
OpenFold,2olo_A,103,A,103,,GLN,95.73400000000001,0.14010710188994077,95.51,95.89,5
OpenFold,2olo_A,104,A,104,,ILE,97.776,0.05770615218500995,97.7,97.83,5
OpenFold,2olo_A,105,A,105,,SER,97.534,0.05594640292280212,97.46,97.59,5
OpenFold,2olo_A,106,A,106,,GLY,97.172,0.0962808392152919,97.03,97.3,5
OpenFold,2olo_A,107,A,107,,THR,97.21000000000001,0.06745368781616418,97.11,97.26,5
OpenFold,2olo_A,108,A,108,,ALA,98.066,0.070569115057505,97.98,98.13,5
OpenFold,2olo_A,109,A,109,,ALA,97.998,0.0649615270756498,97.91,98.06,5
OpenFold,2olo_A,110,A,110,,MET,97.4,0.0648074069840775,97.33,97.46,5
OpenFold,2olo_A,111,A,111,,MET,97.598,0.05932958789675989,97.53,97.66,5
OpenFold,2olo_A,112,A,112,,ASP,98.032,0.05215361924162183,97.95,98.07,5
OpenFold,2olo_A,113,A,113,,LYS,97.638,0.07259476565152827,97.56,97.71,5
OpenFold,2olo_A,114,A,114,,LEU,96.91600000000001,0.10089598604503379,96.81,97.03,5
OpenFold,2olo_A,115,A,115,,SER,96.52799999999999,0.11300442469213716,96.38,96.65,5
OpenFold,2olo_A,116,A,116,,VAL,96.83399999999999,0.17840964099509554,96.61,97.03,5
OpenFold,2olo_A,117,A,117,,ARG,97.066,0.08203657720797002,96.95,97.16,5
OpenFold,2olo_A,118,A,118,,TYR,97.594,0.08502940667792334,97.49,97.7,5
OpenFold,2olo_A,119,A,119,,GLU,97.912,0.09731392500561856,97.78,98.02,5
OpenFold,2olo_A,120,A,120,,TRP,98.262,0.026832815730001847,98.23,98.29,5
OpenFold,2olo_A,121,A,121,,LEU,98.062,0.04868264577855415,98.0,98.11,5
OpenFold,2olo_A,122,A,122,,LYS,97.772,0.04549725266430711,97.71,97.82,5
OpenFold,2olo_A,123,A,123,,ALA,97.774,0.045055521304270985,97.71,97.82,5
OpenFold,2olo_A,124,A,124,,THR,97.098,0.04969909455915971,97.03,97.15,5
OpenFold,2olo_A,125,A,125,,ASP,97.01,0.14053469322555523,96.86,97.15,5
OpenFold,2olo_A,126,A,126,,ILE,97.10799999999999,0.14272350892547367,97.02,97.36,5
OpenFold,2olo_A,127,A,127,,GLU,96.47999999999999,0.16837458240483183,96.36,96.75,5
OpenFold,2olo_A,128,A,128,,ARG,94.314,0.14449913494550548,94.18,94.56,5
OpenFold,2olo_A,129,A,129,,ARG,94.218,0.31554714386285093,93.97,94.75,5
OpenFold,2olo_A,130,A,130,,PHE,93.626,0.7660156656361534,92.94,94.8,5
OpenFold,2olo_A,131,A,131,,GLY,92.49,0.6950539547402068,91.82,93.52,5
OpenFold,2olo_A,132,A,132,,PHE,95.598,0.36901219492044335,95.26,96.15,5
OpenFold,2olo_A,133,A,133,,ARG,95.434,0.31934307570386544,95.08,95.84,5
OpenFold,2olo_A,134,A,134,,GLY,96.43599999999999,0.11013627921806295,96.32,96.6,5
OpenFold,2olo_A,135,A,135,,LEU,97.29400000000001,0.07668115805071396,97.18,97.38,5
OpenFold,2olo_A,136,A,136,,PRO,96.51599999999999,0.06465291950098127,96.42,96.59,5
OpenFold,2olo_A,137,A,137,,ARG,95.232,0.12557866060760356,95.06,95.38,5
OpenFold,2olo_A,138,A,138,,ASP,96.314,0.07266360849833782,96.24,96.42,5
OpenFold,2olo_A,139,A,139,,TYR,97.452,0.047644516998285064,97.39,97.5,5
OpenFold,2olo_A,140,A,140,,GLU,98.232,0.029495762407511426,98.21,98.28,5
OpenFold,2olo_A,141,A,141,,GLY,97.812,0.05890670590009216,97.73,97.86,5
OpenFold,2olo_A,142,A,142,,PHE,98.092,0.05932958789676285,98.0,98.15,5
OpenFold,2olo_A,143,A,143,,LEU,97.652,0.13274034804836066,97.45,97.78,5
OpenFold,2olo_A,144,A,144,,GLN,96.852,0.17049926686059386,96.63,97.02,5
OpenFold,2olo_A,145,A,145,,PRO,95.252,0.3352163480500332,94.81,95.63,5
OpenFold,2olo_A,146,A,146,,ASP,94.412,0.3094672842159562,94.11,94.78,5
OpenFold,2olo_A,147,A,147,,GLY,94.41,0.24728526037756807,94.06,94.67,5
OpenFold,2olo_A,148,A,148,,GLY,94.01599999999999,0.2899655151910334,93.5,94.19,5
OpenFold,2olo_A,149,A,149,,THR,93.752,0.18294808006644744,93.48,93.92,5
OpenFold,2olo_A,150,A,150,,ILE,95.272,0.40257918475748317,94.74,95.72,5
OpenFold,2olo_A,151,A,151,,ASP,94.464,0.41034132134115586,94.13,95.01,5
OpenFold,2olo_A,152,A,152,,VAL,93.38000000000001,0.4857983120596488,92.79,94.01,5
OpenFold,2olo_A,153,A,153,,ARG,92.752,0.3126819470324427,92.4,93.18,5
OpenFold,2olo_A,154,A,154,,GLY,95.074,0.4178875446815743,94.7,95.63,5
OpenFold,2olo_A,155,A,155,,THR,96.64,0.30422031490352863,96.31,97.0,5
OpenFold,2olo_A,156,A,156,,LEU,96.244,0.2586116780039243,95.96,96.54,5
OpenFold,2olo_A,157,A,157,,ALA,96.616,0.17169740825067506,96.44,96.8,5
OpenFold,2olo_A,158,A,158,,ALA,97.624,0.12259690045022241,97.52,97.78,5
OpenFold,2olo_A,159,A,159,,LEU,97.788,0.07049822692805795,97.72,97.89,5
OpenFold,2olo_A,160,A,160,,PHE,97.836,0.040987803063837494,97.8,97.89,5
OpenFold,2olo_A,161,A,161,,THR,98.18199999999999,0.043817804600409564,98.14,98.24,5
OpenFold,2olo_A,162,A,162,,LEU,98.218,0.03898717737923651,98.18,98.28,5
OpenFold,2olo_A,163,A,163,,ALA,98.46000000000001,0.02738612787525826,98.43,98.5,5
OpenFold,2olo_A,164,A,164,,GLN,97.684,0.04393176527297695,97.64,97.75,5
OpenFold,2olo_A,165,A,165,,ALA,98.08,0.03316624790355432,98.05,98.13,5
OpenFold,2olo_A,166,A,166,,ALA,97.99600000000001,0.032093613071760854,97.97,98.05,5
OpenFold,2olo_A,167,A,167,,GLY,97.812,0.034205262752971734,97.78,97.86,5
OpenFold,2olo_A,168,A,168,,ALA,98.556,0.01949358868961751,98.53,98.58,5
OpenFold,2olo_A,169,A,169,,THR,98.31,0.014142135623727927,98.29,98.33,5
OpenFold,2olo_A,170,A,170,,LEU,98.43,0.007071067811866581,98.42,98.44,5
OpenFold,2olo_A,171,A,171,,ARG,97.886,0.013416407865000306,97.87,97.9,5
OpenFold,2olo_A,172,A,172,,ALA,97.292,0.04549725266430536,97.23,97.35,5
OpenFold,2olo_A,173,A,173,,GLY,96.67999999999999,0.04527692569069014,96.63,96.73,5
OpenFold,2olo_A,174,A,174,,GLU,97.876,0.011401754250989372,97.86,97.89,5
OpenFold,2olo_A,175,A,175,,THR,97.462,0.04324349662088056,97.41,97.51,5
OpenFold,2olo_A,176,A,176,,VAL,98.186,0.02073644135332845,98.16,98.21,5
OpenFold,2olo_A,177,A,177,,THR,97.732,0.044944410108489326,97.69,97.79,5
OpenFold,2olo_A,178,A,178,,GLU,97.978,0.00836660026534125,97.97,97.99,5
OpenFold,2olo_A,179,A,179,,LEU,98.24199999999999,0.017888543820000914,98.21,98.25,5
OpenFold,2olo_A,180,A,180,,VAL,97.72200000000001,0.016431676725155785,97.71,97.75,5
OpenFold,2olo_A,181,A,181,,PRO,97.952,0.03033150177620411,97.92,98.0,5
OpenFold,2olo_A,182,A,182,,ASP,97.526,0.039115214431216405,97.49,97.59,5
OpenFold,2olo_A,183,A,183,,ALA,96.978,0.057619441163548286,96.91,97.02,5
OpenFold,2olo_A,184,A,184,,ASP,96.61800000000001,0.05019960159204428,96.57,96.69,5
OpenFold,2olo_A,185,A,185,,GLY,97.46799999999999,0.014832396974189452,97.45,97.49,5
OpenFold,2olo_A,186,A,186,,VAL,98.27000000000001,0.0070710678118646965,98.26,98.28,5
OpenFold,2olo_A,187,A,187,,SER,98.312,0.013038404810405564,98.3,98.33,5
OpenFold,2olo_A,188,A,188,,VAL,98.49199999999999,0.004472135955001934,98.49,98.5,5
OpenFold,2olo_A,189,A,189,,THR,98.296,0.013416407865001983,98.28,98.31,5
OpenFold,2olo_A,190,A,190,,THR,98.122,0.01095445115009963,98.11,98.14,5
OpenFold,2olo_A,191,A,191,,ASP,97.34400000000001,0.024083189157587927,97.31,97.37,5
OpenFold,2olo_A,192,A,192,,ARG,96.066,0.03577708763999313,96.01,96.11,5
OpenFold,2olo_A,193,A,193,,GLY,96.574,0.04449719092257772,96.52,96.63,5
OpenFold,2olo_A,194,A,194,,THR,97.686,0.04505552130428084,97.63,97.75,5
OpenFold,2olo_A,195,A,195,,TYR,98.10799999999999,0.019235384061676106,98.08,98.13,5
OpenFold,2olo_A,196,A,196,,ARG,98.144,0.015165750888107874,98.13,98.17,5
OpenFold,2olo_A,197,A,197,,ALA,98.462,0.013038404810405291,98.45,98.48,5
OpenFold,2olo_A,198,A,198,,GLY,98.172,0.010954451150102467,98.16,98.19,5
OpenFold,2olo_A,199,A,199,,LYS,98.264,0.005477225575047652,98.26,98.27,5
OpenFold,2olo_A,200,A,200,,VAL,98.64,0.010000000000005116,98.63,98.65,5
OpenFold,2olo_A,201,A,201,,VAL,98.60799999999999,0.035637059362416255,98.57,98.66,5
OpenFold,2olo_A,202,A,202,,LEU,97.94399999999999,0.12218837915284374,97.81,98.08,5
OpenFold,2olo_A,203,A,203,,ALA,96.66400000000002,0.25254702532399986,96.36,96.93,5
OpenFold,2olo_A,204,A,204,,CYS,95.03,0.4104875150354728,94.39,95.38,5
OpenFold,2olo_A,205,A,205,,GLY,91.738,0.686272540613421,90.8,92.42,5
OpenFold,2olo_A,206,A,206,,PRO,93.032,0.5373732408670816,92.34,93.57,5
OpenFold,2olo_A,207,A,207,,TYR,94.79400000000001,0.31674911207452666,94.37,95.13,5
OpenFold,2olo_A,208,A,208,,THR,95.24600000000001,0.3297423236407535,94.78,95.59,5
OpenFold,2olo_A,209,A,209,,ASN,95.394,0.3051720826025821,95.09,95.8,5
OpenFold,2olo_A,210,A,210,,ASP,96.2,0.12786711852544083,96.02,96.38,5
OpenFold,2olo_A,211,A,211,,LEU,96.962,0.09418067742377695,96.88,97.09,5
OpenFold,2olo_A,212,A,212,,LEU,95.924,0.1692040188647972,95.73,96.16,5
OpenFold,2olo_A,213,A,213,,GLU,95.83599999999998,0.2857971308463386,95.41,96.19,5
OpenFold,2olo_A,214,A,214,,PRO,96.44800000000001,0.1470374102056972,96.23,96.61,5
OpenFold,2olo_A,215,A,215,,LEU,95.854,0.28289574051229377,95.37,96.08,5
OpenFold,2olo_A,216,A,216,,GLY,95.386,0.3692966287417218,94.82,95.74,5
OpenFold,2olo_A,217,A,217,,ALA,95.346,0.5018266633011812,94.65,95.87,5
OpenFold,2olo_A,218,A,218,,ARG,95.512,0.3454996382053098,95.19,95.92,5
OpenFold,2olo_A,219,A,219,,LEU,94.554,0.5367774212837171,93.99,95.14,5
OpenFold,2olo_A,220,A,220,,ALA,94.34400000000001,0.6651165311432291,93.59,95.01,5
OpenFold,2olo_A,221,A,221,,TYR,93.624,0.6286334384997349,92.88,94.23,5
OpenFold,2olo_A,222,A,222,,SER,93.654,0.770603659477426,92.81,94.33,5
OpenFold,2olo_A,223,A,223,,VAL,93.64000000000001,0.6098770367869207,92.93,94.26,5
OpenFold,2olo_A,224,A,224,,TYR,92.668,0.585209364244968,91.97,93.29,5
OpenFold,2olo_A,225,A,225,,GLU,93.59400000000001,0.2740072991728521,93.24,93.86,5
OpenFold,2olo_A,226,A,226,,MET,92.018,0.38304046783597157,91.53,92.39,5
OpenFold,2olo_A,227,A,227,,ALA,94.122,0.10425929215182987,93.94,94.19,5
OpenFold,2olo_A,228,A,228,,ILE,91.374,0.3298181317029136,90.87,91.68,5
OpenFold,2olo_A,229,A,229,,ALA,94.50399999999999,0.34861153165091774,94.08,94.83,5
OpenFold,2olo_A,230,A,230,,ALA,93.726,0.32554569571720526,93.2,93.98,5
OpenFold,2olo_A,231,A,231,,TYR,93.532,0.4123348154109682,92.94,93.99,5
OpenFold,2olo_A,232,A,232,,ARG,92.324,0.7137786771822192,91.75,93.33,5
OpenFold,2olo_A,233,A,233,,GLN,90.596,1.6389722389351213,89.0,92.92,5
OpenFold,2olo_A,234,A,234,,ALA,86.018,3.371071046418337,82.28,90.42,5
OpenFold,2olo_A,235,A,235,,THR,84.006,4.052410393827357,79.53,88.86,5
OpenFold,2olo_A,236,A,236,,PRO,76.51,6.042909067659388,69.05,83.72,5
OpenFold,2olo_A,237,A,237,,VAL,77.008,4.999766994570843,71.5,83.36,5
OpenFold,2olo_A,238,A,238,,THR,70.94800000000001,6.113687103540712,65.08,79.97,5
OpenFold,2olo_A,239,A,239,,GLU,77.748,3.403170580502831,75.03,83.5,5
OpenFold,2olo_A,240,A,240,,ALA,88.09400000000001,0.9800153060029205,86.65,89.15,5
OpenFold,2olo_A,241,A,241,,PRO,93.97200000000001,0.5011686342938868,93.31,94.56,5
OpenFold,2olo_A,242,A,242,,PHE,94.64,0.4369782603288156,94.11,95.19,5
OpenFold,2olo_A,243,A,243,,TRP,96.702,0.1859300943903403,96.49,96.91,5
OpenFold,2olo_A,244,A,244,,PHE,97.054,0.19957454747537892,96.82,97.29,5
OpenFold,2olo_A,245,A,245,,ALA,97.566,0.07536577472566908,97.48,97.64,5
OpenFold,2olo_A,246,A,246,,PHE,97.476,0.08294576541330986,97.35,97.55,5
OpenFold,2olo_A,247,A,247,,GLN,96.566,0.02701851217221112,96.54,96.61,5
OpenFold,2olo_A,248,A,248,,GLN,96.128,0.10256705123967327,95.96,96.22,5
OpenFold,2olo_A,249,A,249,,PRO,94.99199999999999,0.08497058314499185,94.87,95.07,5
OpenFold,2olo_A,250,A,250,,THR,94.772,0.07190271204898753,94.68,94.84,5
OpenFold,2olo_A,251,A,251,,PRO,94.466,0.13849187701811555,94.28,94.62,5
OpenFold,2olo_A,252,A,252,,GLN,92.02799999999999,0.30161233396530585,91.58,92.41,5
OpenFold,2olo_A,253,A,253,,ASP,94.176,0.15469324484281835,93.94,94.31,5
OpenFold,2olo_A,254,A,254,,THR,92.438,0.06833739825308029,92.36,92.53,5
OpenFold,2olo_A,255,A,255,,ASN,95.764,0.03130495168500022,95.73,95.81,5
OpenFold,2olo_A,256,A,256,,LEU,96.22999999999999,0.19519221295943112,96.0,96.44,5
OpenFold,2olo_A,257,A,257,,PHE,97.364,0.06841052550594362,97.28,97.46,5
OpenFold,2olo_A,258,A,258,,TYR,96.31800000000001,0.19740820651634577,96.12,96.59,5
OpenFold,2olo_A,259,A,259,,GLY,94.848,0.2378444870077937,94.44,95.01,5
OpenFold,2olo_A,260,A,260,,PHE,92.542,0.37943378869047034,92.09,92.95,5
OpenFold,2olo_A,261,A,261,,GLY,84.804,1.420345028505398,83.31,86.39,5
OpenFold,2olo_A,262,A,262,,HIS,82.602,1.5914521670474437,81.05,84.27,5
OpenFold,2olo_A,263,A,263,,ASN,81.99600000000001,1.0071395136722587,80.84,83.15,5
OpenFold,2olo_A,264,A,264,,PRO,83.152,2.4756251735672725,79.63,85.57,5
OpenFold,2olo_A,265,A,265,,TRP,85.00800000000001,2.2950860550314878,82.45,87.73,5
OpenFold,2olo_A,266,A,266,,ALA,78.462,2.1012305918199465,76.5,81.52,5
OpenFold,2olo_A,267,A,267,,PRO,74.0,2.9605151578737052,69.71,77.85,5
OpenFold,2olo_A,268,A,268,,GLY,76.092,3.79035222637685,72.57,81.02,5
OpenFold,2olo_A,269,A,269,,GLU,82.97,1.208966500776599,81.77,84.45,5
OpenFold,2olo_A,270,A,270,,PHE,88.5,0.5721887800368002,87.58,89.1,5
OpenFold,2olo_A,271,A,271,,VAL,90.662,0.8555524530968264,89.18,91.23,5
OpenFold,2olo_A,272,A,272,,ARG,92.89000000000001,0.3537654590261727,92.29,93.18,5
OpenFold,2olo_A,273,A,273,,CYS,94.98,0.23968729628413066,94.62,95.2,5
OpenFold,2olo_A,274,A,274,,GLY,94.744,0.17784824992110404,94.53,94.93,5
OpenFold,2olo_A,275,A,275,,PRO,95.676,0.07197221686178035,95.59,95.77,5
OpenFold,2olo_A,276,A,276,,ASP,93.01,0.2398958107178981,92.76,93.35,5
OpenFold,2olo_A,277,A,277,,PHE,94.356,0.08324662155307093,94.26,94.48,5
OpenFold,2olo_A,278,A,278,,GLU,89.478,0.4334974048365245,88.88,89.96,5
OpenFold,2olo_A,279,A,279,,VAL,91.902,0.26929537686339755,91.51,92.23,5
OpenFold,2olo_A,280,A,280,,ASP,92.808,0.34838197427536177,92.28,93.21,5
OpenFold,2olo_A,281,A,281,,PRO,94.55199999999999,0.393090320409954,94.04,94.88,5
OpenFold,2olo_A,282,A,282,,LEU,95.586,0.31453139747885317,95.18,95.92,5
OpenFold,2olo_A,283,A,283,,ASP,94.20599999999999,0.12054044964243356,94.03,94.34,5
OpenFold,2olo_A,284,A,284,,HIS,94.36800000000001,0.16468151080191554,94.25,94.65,5
OpenFold,2olo_A,285,A,285,,PRO,92.18199999999999,0.37332291652134175,91.83,92.78,5
OpenFold,2olo_A,286,A,286,,SER,91.814,0.23543576618687473,91.55,92.12,5
OpenFold,2olo_A,287,A,287,,ALA,94.652,0.17598295371995862,94.5,94.93,5
OpenFold,2olo_A,288,A,288,,ALA,93.02799999999999,0.20765355763867385,92.81,93.36,5
OpenFold,2olo_A,289,A,289,,THR,93.424,0.22567675999092252,93.13,93.66,5
OpenFold,2olo_A,290,A,290,,GLY,90.936,0.2893613657695187,90.58,91.23,5
OpenFold,2olo_A,291,A,291,,VAL,93.748,0.1670927885936448,93.57,93.99,5
OpenFold,2olo_A,292,A,292,,ALA,94.64200000000001,0.08871302046486083,94.54,94.74,5
OpenFold,2olo_A,293,A,293,,ASP,95.144,0.180914344373239,94.87,95.3,5
OpenFold,2olo_A,294,A,294,,ARG,94.22200000000001,0.17838161340228062,93.96,94.44,5
OpenFold,2olo_A,295,A,295,,ARG,95.204,0.2640643860879394,94.77,95.44,5
OpenFold,2olo_A,296,A,296,,GLN,96.33,0.11401754250991171,96.18,96.5,5
OpenFold,2olo_A,297,A,297,,MET,96.712,0.10848963084092549,96.55,96.84,5
OpenFold,2olo_A,298,A,298,,ASP,96.6,0.12589678312013952,96.45,96.76,5
OpenFold,2olo_A,299,A,299,,ARG,96.554,0.059413803110045744,96.48,96.63,5
OpenFold,2olo_A,300,A,300,,LEU,97.324,0.08677557259966318,97.22,97.46,5
OpenFold,2olo_A,301,A,301,,SER,96.99,0.10198039027185396,96.89,97.1,5
OpenFold,2olo_A,302,A,302,,GLY,97.224,0.10714476188783488,97.12,97.34,5
OpenFold,2olo_A,303,A,303,,TRP,97.414,0.09126883367284484,97.31,97.51,5
OpenFold,2olo_A,304,A,304,,LEU,97.21000000000001,0.19987496091305948,97.03,97.46,5
OpenFold,2olo_A,305,A,305,,ARG,96.604,0.1764369575797494,96.44,96.82,5
OpenFold,2olo_A,306,A,306,,ASP,96.928,0.09808159868191554,96.84,97.07,5
OpenFold,2olo_A,307,A,307,,HIS,96.88199999999999,0.1864671552847834,96.71,97.13,5
OpenFold,2olo_A,308,A,308,,LEU,95.00800000000001,0.584268773767692,94.42,95.81,5
OpenFold,2olo_A,309,A,309,,PRO,93.486,1.010039603183957,92.38,94.72,5
OpenFold,2olo_A,310,A,310,,THR,92.30600000000001,1.315077944458046,90.95,94.01,5
OpenFold,2olo_A,311,A,311,,VAL,93.57000000000001,0.9717767233269096,92.62,94.82,5
OpenFold,2olo_A,312,A,312,,ASP,94.204,0.8844942057469867,93.31,95.32,5
OpenFold,2olo_A,313,A,313,,PRO,95.824,0.3499714274051477,95.47,96.22,5
OpenFold,2olo_A,314,A,314,,ASP,96.09200000000001,0.2827896744932573,95.8,96.47,5
OpenFold,2olo_A,315,A,315,,PRO,95.304,0.12856904759699955,95.14,95.44,5
OpenFold,2olo_A,316,A,316,,VAL,93.558,0.12911235417263447,93.42,93.75,5
OpenFold,2olo_A,317,A,317,,ARG,92.61,0.14949916387726256,92.38,92.74,5
OpenFold,2olo_A,318,A,318,,THR,93.94800000000001,0.06534523701082753,93.85,94.02,5
OpenFold,2olo_A,319,A,319,,SER,90.63399999999999,0.17686152775547342,90.36,90.8,5
OpenFold,2olo_A,320,A,320,,THR,92.414,0.13069047402163533,92.24,92.58,5
OpenFold,2olo_A,321,A,321,,CYS,88.19399999999999,0.36637412572396266,87.71,88.57,5
OpenFold,2olo_A,322,A,322,,LEU,90.934,0.8468943263477421,89.86,91.74,5
OpenFold,2olo_A,323,A,323,,ALA,90.402,1.0003849259160238,89.21,91.52,5
OpenFold,2olo_A,324,A,324,,VAL,92.45599999999999,0.8952262283914634,91.32,93.39,5
OpenFold,2olo_A,325,A,325,,LEU,90.934,1.3211661515494537,89.43,92.21,5
OpenFold,2olo_A,326,A,326,,PRO,91.162,1.0448779833071442,89.95,92.15,5
OpenFold,2olo_A,327,A,327,,THR,89.54400000000001,1.0427032176031692,88.21,90.64,5
OpenFold,2olo_A,328,A,328,,ASP,85.546,0.7736472064190448,84.34,86.35,5
OpenFold,2olo_A,329,A,329,,PRO,77.128,0.8275989366837052,76.14,78.12,5
OpenFold,2olo_A,330,A,330,,GLU,80.702,0.9269412063340389,79.8,82.07,5
OpenFold,2olo_A,331,A,331,,ARG,85.016,0.7257616688693314,84.2,85.66,5
OpenFold,2olo_A,332,A,332,,GLN,84.09200000000001,1.2848229450005924,82.54,85.5,5
OpenFold,2olo_A,333,A,333,,PHE,89.836,0.8618178461832843,89.04,91.09,5
OpenFold,2olo_A,334,A,334,,PHE,94.356,0.5425679680924784,93.75,94.93,5
OpenFold,2olo_A,335,A,335,,LEU,95.75399999999999,0.43775563959816777,95.19,96.21,5
OpenFold,2olo_A,336,A,336,,GLY,96.548,0.23456342425877072,96.27,96.77,5
OpenFold,2olo_A,337,A,337,,THR,96.93199999999999,0.05848076606885685,96.86,97.01,5
OpenFold,2olo_A,338,A,338,,ALA,96.288,0.18458060569842624,96.04,96.47,5
OpenFold,2olo_A,339,A,339,,ARG,94.814,0.23276597689525486,94.46,95.04,5
OpenFold,2olo_A,340,A,340,,ASP,93.558,0.3049098227345229,93.06,93.81,5
OpenFold,2olo_A,341,A,341,,LEU,94.316,0.3110144691167928,93.92,94.68,5
OpenFold,2olo_A,342,A,342,,MET,94.194,0.2561835279638418,93.77,94.42,5
OpenFold,2olo_A,343,A,343,,THR,94.882,0.17079227148791185,94.69,95.06,5
OpenFold,2olo_A,344,A,344,,HIS,96.832,0.058051701094802476,96.75,96.89,5
OpenFold,2olo_A,345,A,345,,GLY,96.53,0.13435028842544366,96.3,96.64,5
OpenFold,2olo_A,346,A,346,,GLU,97.15799999999999,0.05215361924162192,97.08,97.21,5
OpenFold,2olo_A,347,A,347,,LYS,97.89,0.018708286933875953,97.86,97.91,5
OpenFold,2olo_A,348,A,348,,LEU,98.34,0.030822070014839036,98.31,98.38,5
OpenFold,2olo_A,349,A,349,,VAL,98.288,0.06797058187186003,98.2,98.35,5
OpenFold,2olo_A,350,A,350,,VAL,97.55799999999999,0.18619881847100356,97.3,97.71,5
OpenFold,2olo_A,351,A,351,,TYR,95.35,0.510440985815208,94.66,95.87,5
OpenFold,2olo_A,352,A,352,,GLY,83.512,1.9254272253190938,81.18,86.39,5
OpenFold,2olo_A,353,A,353,,ALA,78.838,8.684141868947096,69.4,87.13,5
OpenFold,2olo_A,354,A,354,,GLY,76.398,7.6492300266105095,67.68,84.74,5
OpenFold,2olo_A,355,A,355,,TRP,83.47200000000001,4.257941991150189,78.39,87.84,5
OpenFold,2olo_A,356,A,356,,ALA,88.5,1.4055603864651276,86.97,90.35,5
OpenFold,2olo_A,357,A,357,,PHE,92.918,0.6063579800744798,92.25,93.62,5
OpenFold,2olo_A,358,A,358,,LYS,93.508,0.39871042123325356,92.94,93.94,5
OpenFold,2olo_A,359,A,359,,PHE,95.548,0.3573093897450757,95.09,95.96,5
OpenFold,2olo_A,360,A,360,,VAL,96.732,0.2940578174441179,96.34,97.05,5
OpenFold,2olo_A,361,A,361,,PRO,97.342,0.14289856542316728,97.16,97.5,5
OpenFold,2olo_A,362,A,362,,LEU,97.75399999999999,0.1677200047698519,97.51,97.94,5
OpenFold,2olo_A,363,A,363,,PHE,97.148,0.1952434377898531,96.9,97.4,5
OpenFold,2olo_A,364,A,364,,GLY,97.692,0.16843396332093907,97.5,97.91,5
OpenFold,2olo_A,365,A,365,,ARG,98.102,0.04764451699829076,98.06,98.18,5
OpenFold,2olo_A,366,A,366,,ILE,98.138,0.0941806774237652,98.03,98.27,5
OpenFold,2olo_A,367,A,367,,CYS,98.412,0.06648308055438469,98.33,98.5,5
OpenFold,2olo_A,368,A,368,,ALA,98.558,0.019235384061668317,98.54,98.59,5
OpenFold,2olo_A,369,A,369,,ASP,98.59400000000001,0.015165750888106117,98.58,98.62,5
OpenFold,2olo_A,370,A,370,,LEU,98.44,0.021213203435598276,98.41,98.47,5
OpenFold,2olo_A,371,A,371,,ALA,98.424,0.008944271909997246,98.42,98.44,5
OpenFold,2olo_A,372,A,372,,VAL,97.964,0.02302172886644386,97.94,97.99,5
OpenFold,2olo_A,373,A,373,,GLU,96.252,0.013038404810407335,96.23,96.26,5
OpenFold,2olo_A,374,A,374,,ASP,96.01599999999999,0.01673320053068227,95.99,96.03,5
OpenFold,2olo_A,375,A,375,,SER,96.512,0.017888543820001858,96.49,96.54,5
OpenFold,2olo_A,376,A,376,,THR,97.09,0.054313902455998174,97.01,97.16,5
OpenFold,2olo_A,377,A,377,,ALA,96.76,0.03937003937005694,96.72,96.82,5
OpenFold,2olo_A,378,A,378,,TYR,96.0,0.13397761006974473,95.8,96.17,5
OpenFold,2olo_A,379,A,379,,ASP,93.854,0.17067512999848639,93.59,94.06,5
OpenFold,2olo_A,380,A,380,,ILE,92.9,0.2277059507347136,92.61,93.12,5
OpenFold,2olo_A,381,A,381,,SER,92.078,0.14855975228842916,91.93,92.3,5
OpenFold,2olo_A,382,A,382,,ARG,89.15,0.26372333988481694,88.91,89.56,5
OpenFold,2olo_A,383,A,383,,LEU,91.96000000000001,0.2471841418861655,91.68,92.25,5
OpenFold,2olo_A,384,A,384,,ALA,93.562,0.2847279403219801,93.25,93.9,5
OpenFold,2olo_A,385,A,385,,PRO,93.012,0.4083136049655966,92.51,93.52,5
OpenFold,2olo_A,386,A,386,,GLN,88.19800000000001,1.0297426863056618,86.8,89.3,5
OpenFold,2olo_A,387,A,387,,SER,85.938,3.6535147461040816,79.93,89.14,5
OpenFold,2olo_A,388,A,388,,ALA,84.076,3.913397500893564,78.3,88.2,5
OpenFold,2olo_A,389,A,389,,LEU,84.868,4.0709298692067915,77.96,88.12,5
Retrained_epoch_32,2olo_A,1,A,1,,MET,57.712,4.845907551738886,53.68,63.41,5
Retrained_epoch_32,2olo_A,2,A,2,,THR,60.084,2.339162243197336,57.77,63.37,5
Retrained_epoch_32,2olo_A,3,A,3,,GLU,69.616,1.3022019812609684,68.33,71.38,5
Retrained_epoch_32,2olo_A,4,A,4,,SER,79.494,1.396130366405659,77.88,80.82,5
Retrained_epoch_32,2olo_A,5,A,5,,TYR,81.732,0.3187004863504265,81.42,82.21,5
Retrained_epoch_32,2olo_A,6,A,6,,ASP,80.788,0.4241108345703944,80.17,81.24,5
Retrained_epoch_32,2olo_A,7,A,7,,VAL,83.80600000000001,0.40165905940237856,83.39,84.45,5
Retrained_epoch_32,2olo_A,8,A,8,,VAL,83.918,0.9137942875724233,83.14,85.34,5
Retrained_epoch_32,2olo_A,9,A,9,,VAL,82.114,0.7324479503691722,81.13,83.07,5
Retrained_epoch_32,2olo_A,10,A,10,,VAL,79.218,0.6396248900723005,78.16,79.88,5
Retrained_epoch_32,2olo_A,11,A,11,,GLY,75.336,0.3744061965299159,74.87,75.79,5
Retrained_epoch_32,2olo_A,12,A,12,,GLY,72.054,0.2260088493842657,71.84,72.36,5
Retrained_epoch_32,2olo_A,13,A,13,,GLY,71.838,0.7464047159550881,70.93,72.97,5
Retrained_epoch_32,2olo_A,14,A,14,,PRO,75.892,0.1482228052628823,75.74,76.06,5
Retrained_epoch_32,2olo_A,15,A,15,,VAL,74.336,0.6116207975535173,73.56,75.24,5
Retrained_epoch_32,2olo_A,16,A,16,,GLY,75.568,1.019593056076786,74.1,76.94,5
Retrained_epoch_32,2olo_A,17,A,17,,LEU,79.056,0.5709903676945847,78.23,79.56,5
Retrained_epoch_32,2olo_A,18,A,18,,ALA,78.076,0.4111325820219036,77.5,78.57,5
Retrained_epoch_32,2olo_A,19,A,19,,THR,80.39200000000001,0.42558195450465464,79.86,80.89,5
Retrained_epoch_32,2olo_A,20,A,20,,ALA,81.35,0.6420280367709836,80.46,82.26,5
Retrained_epoch_32,2olo_A,21,A,21,,TRP,81.228,0.12517987058629443,81.07,81.42,5
Retrained_epoch_32,2olo_A,22,A,22,,GLN,81.474,0.3268485887991541,81.13,81.85,5
Retrained_epoch_32,2olo_A,23,A,23,,VAL,83.852,0.6020548147801849,82.83,84.34,5
Retrained_epoch_32,2olo_A,24,A,24,,ALA,83.95,0.3804602475949334,83.34,84.25,5
Retrained_epoch_32,2olo_A,25,A,25,,GLU,82.782,0.1595932329392412,82.61,82.95,5
Retrained_epoch_32,2olo_A,26,A,26,,ARG,82.152,0.21947665023869617,81.76,82.27,5
Retrained_epoch_32,2olo_A,27,A,27,,GLY,81.46600000000001,0.4435989179427674,80.93,82.16,5
Retrained_epoch_32,2olo_A,28,A,28,,HIS,82.46000000000001,0.308625987240221,82.12,82.9,5
Retrained_epoch_32,2olo_A,29,A,29,,ARG,84.572,0.5385814701602728,83.76,85.14,5
Retrained_epoch_32,2olo_A,30,A,30,,VAL,85.37,0.2743173344869071,84.89,85.56,5
Retrained_epoch_32,2olo_A,31,A,31,,LEU,85.69800000000001,0.24498979570586243,85.28,85.92,5
Retrained_epoch_32,2olo_A,32,A,32,,VAL,82.862,0.7216093125784907,81.66,83.57,5
Retrained_epoch_32,2olo_A,33,A,33,,LEU,81.8,0.5547071299343465,80.89,82.37,5
Retrained_epoch_32,2olo_A,34,A,34,,GLU,79.188,0.8472720932498615,77.84,80.18,5
Retrained_epoch_32,2olo_A,35,A,35,,ARG,74.66,0.8324662155306998,73.49,75.73,5
Retrained_epoch_32,2olo_A,36,A,36,,HIS,70.878,1.1037300394571112,69.26,72.31,5
Retrained_epoch_32,2olo_A,37,A,37,,THR,72.304,0.6415839773560412,71.53,73.06,5
Retrained_epoch_32,2olo_A,38,A,38,,PHE,71.428,0.3118012187275713,71.06,71.75,5
Retrained_epoch_32,2olo_A,39,A,39,,PHE,67.854,0.7587357906412489,66.94,68.74,5
Retrained_epoch_32,2olo_A,40,A,40,,ASN,66.784,0.7881814511900168,65.78,67.64,5
Retrained_epoch_32,2olo_A,41,A,41,,GLU,63.064,0.9896362968282874,61.51,64.27,5
Retrained_epoch_32,2olo_A,42,A,42,,ASN,61.824,1.919864578557563,60.15,64.43,5
Retrained_epoch_32,2olo_A,43,A,43,,GLY,55.69,1.63347788476,53.59,57.38,5
Retrained_epoch_32,2olo_A,44,A,44,,GLY,54.077999999999996,1.1853986671158345,52.32,55.41,5
Retrained_epoch_32,2olo_A,45,A,45,,THR,57.886,1.0230004887584376,56.1,58.64,5
Retrained_epoch_32,2olo_A,46,A,46,,SER,61.802,1.8122968851708605,58.62,63.13,5
Retrained_epoch_32,2olo_A,47,A,47,,GLY,62.612,0.9588378382187457,61.22,63.87,5
Retrained_epoch_32,2olo_A,48,A,48,,ALA,68.602,0.9874563281482408,67.56,69.85,5
Retrained_epoch_32,2olo_A,49,A,49,,GLU,72.834,0.7252103143226771,72.27,73.94,5
Retrained_epoch_32,2olo_A,50,A,50,,ARG,72.066,0.5828636204121824,71.54,73.0,5
Retrained_epoch_32,2olo_A,51,A,51,,HIS,72.466,0.3128577951721763,72.19,72.99,5
Retrained_epoch_32,2olo_A,52,A,52,,TRP,73.26,0.2488975692930757,72.98,73.65,5
Retrained_epoch_32,2olo_A,53,A,53,,ARG,69.508,1.1223056624645547,67.95,70.86,5
Retrained_epoch_32,2olo_A,54,A,54,,LEU,75.44800000000001,0.7251689458326334,74.74,76.51,5
Retrained_epoch_32,2olo_A,55,A,55,,GLN,70.726,0.5691045598130451,69.85,71.25,5
Retrained_epoch_32,2olo_A,56,A,56,,TYR,72.64,0.6823488843692782,72.11,73.78,5
Retrained_epoch_32,2olo_A,57,A,57,,THR,72.626,0.6145974292168852,71.65,73.18,5
Retrained_epoch_32,2olo_A,58,A,58,,GLN,75.286,0.45191813417918364,74.83,75.94,5
Retrained_epoch_32,2olo_A,59,A,59,,GLU,79.08,0.5283464772287165,78.68,79.97,5
Retrained_epoch_32,2olo_A,60,A,60,,ASP,76.806,0.4298022801242447,76.35,77.31,5
Retrained_epoch_32,2olo_A,61,A,61,,LEU,75.586,0.7430545067490076,74.6,76.46,5
Retrained_epoch_32,2olo_A,62,A,62,,PHE,78.032,0.3050737615725085,77.72,78.51,5
Retrained_epoch_32,2olo_A,63,A,63,,ARG,79.862,0.25635912310662795,79.57,80.16,5
Retrained_epoch_32,2olo_A,64,A,64,,LEU,76.786,0.37858948743989046,76.44,77.38,5
Retrained_epoch_32,2olo_A,65,A,65,,THR,76.17999999999999,0.36345563690772364,75.77,76.77,5
Retrained_epoch_32,2olo_A,66,A,66,,LEU,79.426,0.3031171390733281,79.04,79.68,5
Retrained_epoch_32,2olo_A,67,A,67,,GLU,78.678,0.22532199182503473,78.49,78.97,5
Retrained_epoch_32,2olo_A,68,A,68,,THR,76.788,0.4784558495828044,76.32,77.5,5
Retrained_epoch_32,2olo_A,69,A,69,,LEU,79.11800000000001,0.20680909070928466,78.85,79.34,5
Retrained_epoch_32,2olo_A,70,A,70,,PRO,80.762,0.6088267405428262,80.05,81.72,5
Retrained_epoch_32,2olo_A,71,A,71,,LEU,79.506,0.3112555220393749,79.07,79.87,5
Retrained_epoch_32,2olo_A,72,A,72,,TRP,80.756,0.29551649700143445,80.48,81.24,5
Retrained_epoch_32,2olo_A,73,A,73,,ARG,83.63,0.17421251390184295,83.47,83.92,5
Retrained_epoch_32,2olo_A,74,A,74,,ALA,83.24600000000001,0.07300684899376884,83.17,83.35,5
Retrained_epoch_32,2olo_A,75,A,75,,LEU,81.752,0.7150314678390046,81.22,83.01,5
Retrained_epoch_32,2olo_A,76,A,76,,GLU,83.828,0.1895257238477105,83.56,84.02,5
Retrained_epoch_32,2olo_A,77,A,77,,SER,84.61800000000001,0.13754999091240147,84.49,84.79,5
Retrained_epoch_32,2olo_A,78,A,78,,ARG,83.30199999999999,0.11924764148611439,83.16,83.47,5
Retrained_epoch_32,2olo_A,79,A,79,,CYS,82.422,0.23731835158705789,82.24,82.82,5
Retrained_epoch_32,2olo_A,80,A,80,,GLU,82.312,0.21890637268019075,82.06,82.65,5
Retrained_epoch_32,2olo_A,81,A,81,,ARG,81.512,0.4146926572776524,80.98,82.09,5
Retrained_epoch_32,2olo_A,82,A,82,,ARG,81.772,0.47835133531746143,81.15,82.49,5
Retrained_epoch_32,2olo_A,83,A,83,,LEU,80.912,0.5839263652208205,80.45,81.92,5
Retrained_epoch_32,2olo_A,84,A,84,,ILE,80.52799999999999,0.30310064335134684,80.32,81.06,5
Retrained_epoch_32,2olo_A,85,A,85,,HIS,80.704,0.4528575935103728,80.32,81.48,5
Retrained_epoch_32,2olo_A,86,A,86,,GLU,80.276,0.2747362371439222,80.03,80.73,5
Retrained_epoch_32,2olo_A,87,A,87,,ILE,77.334,0.43712698383879955,76.7,77.92,5
Retrained_epoch_32,2olo_A,88,A,88,,GLY,77.974,0.20767763480933304,77.74,78.17,5
Retrained_epoch_32,2olo_A,89,A,89,,SER,77.566,0.05319774431308346,77.49,77.64,5
Retrained_epoch_32,2olo_A,90,A,90,,LEU,79.908,0.1267675037223675,79.81,80.12,5
Retrained_epoch_32,2olo_A,91,A,91,,TRP,79.19,0.27838821814150155,78.7,79.38,5
Retrained_epoch_32,2olo_A,92,A,92,,PHE,77.59,0.37722672227720094,77.16,78.16,5
Retrained_epoch_32,2olo_A,93,A,93,,GLY,75.67,0.6714164132637833,74.88,76.34,5
Retrained_epoch_32,2olo_A,94,A,94,,ASP,75.18199999999999,0.3368530837026758,74.71,75.56,5
Retrained_epoch_32,2olo_A,95,A,95,,THR,74.912,0.5007694080113134,74.06,75.36,5
Retrained_epoch_32,2olo_A,96,A,96,,ASP,72.992,0.46879633104366086,72.44,73.58,5
Retrained_epoch_32,2olo_A,97,A,97,,VAL,67.902,1.1013718718035255,66.66,69.59,5
Retrained_epoch_32,2olo_A,98,A,98,,VAL,61.676,1.6073363058177965,60.13,64.14,5
Retrained_epoch_32,2olo_A,99,A,99,,THR,57.965999999999994,2.46442285332692,54.75,61.18,5
Retrained_epoch_32,2olo_A,100,A,100,,ASN,49.012,1.3980593692687016,46.85,50.22,5
Retrained_epoch_32,2olo_A,101,A,101,,GLU,45.92999999999999,1.2884098726725126,44.41,47.37,5
Retrained_epoch_32,2olo_A,102,A,102,,GLY,47.362,1.1331901870383458,45.37,48.07,5
Retrained_epoch_32,2olo_A,103,A,103,,GLN,65.55799999999999,1.474896606545694,63.62,66.98,5
Retrained_epoch_32,2olo_A,104,A,104,,ILE,73.838,0.7036121090487305,73.0,74.65,5
Retrained_epoch_32,2olo_A,105,A,105,,SER,79.914,0.44139551424997664,79.36,80.37,5
Retrained_epoch_32,2olo_A,106,A,106,,GLY,78.932,0.6055328232226577,77.98,79.65,5
Retrained_epoch_32,2olo_A,107,A,107,,THR,76.59,0.7047339923687524,75.57,77.3,5
Retrained_epoch_32,2olo_A,108,A,108,,ALA,81.958,0.5826405409856088,81.07,82.58,5
Retrained_epoch_32,2olo_A,109,A,109,,ALA,83.72200000000001,0.2682722497762331,83.34,83.97,5
Retrained_epoch_32,2olo_A,110,A,110,,MET,82.22200000000001,0.7099436597364619,81.15,83.1,5
Retrained_epoch_32,2olo_A,111,A,111,,MET,83.45,0.8512637664085068,82.15,84.26,5
Retrained_epoch_32,2olo_A,112,A,112,,ASP,83.20599999999999,0.36875466098749626,82.75,83.78,5
Retrained_epoch_32,2olo_A,113,A,113,,LYS,84.19000000000001,0.3458323293158092,83.65,84.56,5
Retrained_epoch_32,2olo_A,114,A,114,,LEU,82.474,0.22711230702011861,82.08,82.64,5
Retrained_epoch_32,2olo_A,115,A,115,,SER,82.41,0.2717535648340238,82.04,82.73,5
Retrained_epoch_32,2olo_A,116,A,116,,VAL,82.98400000000001,0.4157884077268183,82.54,83.45,5
Retrained_epoch_32,2olo_A,117,A,117,,ARG,82.546,0.6169521861538374,81.67,83.05,5
Retrained_epoch_32,2olo_A,118,A,118,,TYR,82.46000000000001,0.2057911562725691,82.1,82.59,5
Retrained_epoch_32,2olo_A,119,A,119,,GLU,83.86600000000001,0.14825653442597853,83.65,84.04,5
Retrained_epoch_32,2olo_A,120,A,120,,TRP,84.66,0.09027735042633785,84.55,84.78,5
Retrained_epoch_32,2olo_A,121,A,121,,LEU,85.00800000000001,0.15466091943345173,84.78,85.18,5
Retrained_epoch_32,2olo_A,122,A,122,,LYS,83.94,0.17219175357722738,83.74,84.2,5
Retrained_epoch_32,2olo_A,123,A,123,,ALA,79.796,0.27281862106534627,79.53,80.24,5
Retrained_epoch_32,2olo_A,124,A,124,,THR,83.87,0.2704625667259698,83.57,84.19,5
Retrained_epoch_32,2olo_A,125,A,125,,ASP,84.074,0.20082330542046706,83.8,84.29,5
Retrained_epoch_32,2olo_A,126,A,126,,ILE,80.592,0.139176147381655,80.48,80.82,5
Retrained_epoch_32,2olo_A,127,A,127,,GLU,79.898,0.44409458452001294,79.53,80.64,5
Retrained_epoch_32,2olo_A,128,A,128,,ARG,82.858,0.3370756591627423,82.4,83.21,5
Retrained_epoch_32,2olo_A,129,A,129,,ARG,78.522,0.24118457662130904,78.21,78.77,5
Retrained_epoch_32,2olo_A,130,A,130,,PHE,75.72,0.14815532390029126,75.52,75.92,5
Retrained_epoch_32,2olo_A,131,A,131,,GLY,76.15,0.7759832472418531,74.82,76.65,5
Retrained_epoch_32,2olo_A,132,A,132,,PHE,74.72,1.0885770528538583,73.59,76.13,5
Retrained_epoch_32,2olo_A,133,A,133,,ARG,71.01,1.114472969613885,69.23,72.32,5
Retrained_epoch_32,2olo_A,134,A,134,,GLY,71.518,1.266281959122847,69.43,72.55,5
Retrained_epoch_32,2olo_A,135,A,135,,LEU,77.38,0.3558089374931449,76.84,77.7,5
Retrained_epoch_32,2olo_A,136,A,136,,PRO,77.93199999999999,0.1856609813611938,77.75,78.22,5
Retrained_epoch_32,2olo_A,137,A,137,,ARG,77.812,0.18793615937333408,77.61,78.03,5
Retrained_epoch_32,2olo_A,138,A,138,,ASP,78.53200000000001,0.4153552696186713,78.04,79.15,5
Retrained_epoch_32,2olo_A,139,A,139,,TYR,79.458,0.4032617016281142,78.77,79.84,5
Retrained_epoch_32,2olo_A,140,A,140,,GLU,82.22,0.5897033152357181,81.72,83.01,5
Retrained_epoch_32,2olo_A,141,A,141,,GLY,81.668,0.28569214199903853,81.17,81.9,5
Retrained_epoch_32,2olo_A,142,A,142,,PHE,81.65,0.21482551058940827,81.28,81.84,5
Retrained_epoch_32,2olo_A,143,A,143,,LEU,84.78,0.18165902124584649,84.6,85.07,5
Retrained_epoch_32,2olo_A,144,A,144,,GLN,80.28399999999999,0.16288032416470333,80.03,80.46,5
Retrained_epoch_32,2olo_A,145,A,145,,PRO,76.412,0.6756996374129544,75.62,77.09,5
Retrained_epoch_32,2olo_A,146,A,146,,ASP,75.782,1.252186088406991,74.63,77.93,5
Retrained_epoch_32,2olo_A,147,A,147,,GLY,73.558,0.5734718824842164,73.0,74.52,5
Retrained_epoch_32,2olo_A,148,A,148,,GLY,74.762,0.4679423041358737,74.37,75.38,5
Retrained_epoch_32,2olo_A,149,A,149,,THR,78.346,0.3683476618630775,77.79,78.71,5
Retrained_epoch_32,2olo_A,150,A,150,,ILE,76.784,0.46106398688251693,76.29,77.28,5
Retrained_epoch_32,2olo_A,151,A,151,,ASP,78.904,0.3346341285643147,78.48,79.25,5
Retrained_epoch_32,2olo_A,152,A,152,,VAL,75.748,0.5980551814005112,75.08,76.44,5
Retrained_epoch_32,2olo_A,153,A,153,,ARG,77.28200000000001,0.49073414391093706,76.78,77.89,5
Retrained_epoch_32,2olo_A,154,A,154,,GLY,80.76,0.7198263679527185,79.92,81.61,5
Retrained_epoch_32,2olo_A,155,A,155,,THR,78.61,0.3269556544854368,78.24,79.01,5
Retrained_epoch_32,2olo_A,156,A,156,,LEU,79.084,0.32508460437246245,78.72,79.44,5
Retrained_epoch_32,2olo_A,157,A,157,,ALA,81.968,0.6931233656427964,81.36,82.97,5
Retrained_epoch_32,2olo_A,158,A,158,,ALA,82.756,0.5698069848641691,82.05,83.55,5
Retrained_epoch_32,2olo_A,159,A,159,,LEU,80.568,1.0862872548272,79.35,81.89,5
Retrained_epoch_32,2olo_A,160,A,160,,PHE,81.194,0.3919566302539036,80.81,81.85,5
Retrained_epoch_32,2olo_A,161,A,161,,THR,83.498,0.31538864912992437,83.2,84.03,5
Retrained_epoch_32,2olo_A,162,A,162,,LEU,83.576,0.35175275407592455,83.14,83.88,5
Retrained_epoch_32,2olo_A,163,A,163,,ALA,83.49199999999999,0.1247798060585123,83.33,83.63,5
Retrained_epoch_32,2olo_A,164,A,164,,GLN,83.002,0.1173456432936518,82.88,83.14,5
Retrained_epoch_32,2olo_A,165,A,165,,ALA,84.884,0.25783715791172995,84.63,85.19,5
Retrained_epoch_32,2olo_A,166,A,166,,ALA,83.526,0.1883613548475343,83.38,83.82,5
Retrained_epoch_32,2olo_A,167,A,167,,GLY,80.80199999999999,0.10449880382090737,80.67,80.93,5
Retrained_epoch_32,2olo_A,168,A,168,,ALA,84.6,0.37596542394214877,83.98,84.95,5
Retrained_epoch_32,2olo_A,169,A,169,,THR,84.74199999999999,0.28682747427678423,84.33,85.07,5
Retrained_epoch_32,2olo_A,170,A,170,,LEU,82.758,0.464349006674939,82.07,83.28,5
Retrained_epoch_32,2olo_A,171,A,171,,ARG,82.53999999999999,0.6112691714784886,81.67,83.32,5
Retrained_epoch_32,2olo_A,172,A,172,,ALA,80.178,0.2932064119353463,79.69,80.45,5
Retrained_epoch_32,2olo_A,173,A,173,,GLY,78.572,0.3465111830807207,78.09,79.04,5
Retrained_epoch_32,2olo_A,174,A,174,,GLU,79.768,0.49312270278299003,78.99,80.1,5
Retrained_epoch_32,2olo_A,175,A,175,,THR,79.97200000000001,0.6298968169470287,78.92,80.58,5
Retrained_epoch_32,2olo_A,176,A,176,,VAL,78.71,0.6982478070141006,77.75,79.52,5
Retrained_epoch_32,2olo_A,177,A,177,,THR,80.312,0.36086008368895517,79.79,80.75,5
Retrained_epoch_32,2olo_A,178,A,178,,GLU,79.02000000000001,0.3374907406137265,78.58,79.41,5
Retrained_epoch_32,2olo_A,179,A,179,,LEU,78.676,1.0017135319042032,77.04,79.69,5
Retrained_epoch_32,2olo_A,180,A,180,,VAL,80.39000000000001,0.3462657938636173,79.95,80.8,5
Retrained_epoch_32,2olo_A,181,A,181,,PRO,76.592,0.6590675230960771,75.86,77.66,5
Retrained_epoch_32,2olo_A,182,A,182,,ASP,77.284,0.23638950907347991,77.0,77.53,5
Retrained_epoch_32,2olo_A,183,A,183,,ALA,72.654,0.5338351805566964,72.08,73.3,5
Retrained_epoch_32,2olo_A,184,A,184,,ASP,72.772,0.4293250516799564,72.04,73.16,5
Retrained_epoch_32,2olo_A,185,A,185,,GLY,75.374,0.5547792353720487,74.54,76.02,5
Retrained_epoch_32,2olo_A,186,A,186,,VAL,80.026,0.3521789317946239,79.73,80.58,5
Retrained_epoch_32,2olo_A,187,A,187,,SER,83.404,0.15175638372075526,83.28,83.65,5
Retrained_epoch_32,2olo_A,188,A,188,,VAL,81.752,0.38951251584512675,81.17,82.11,5
Retrained_epoch_32,2olo_A,189,A,189,,THR,84.53200000000001,0.2763512257978939,84.34,85.01,5
Retrained_epoch_32,2olo_A,190,A,190,,THR,81.924,0.7237955512435772,80.79,82.57,5
Retrained_epoch_32,2olo_A,191,A,191,,ASP,80.88199999999999,0.4243465564842032,80.35,81.37,5
Retrained_epoch_32,2olo_A,192,A,192,,ARG,78.672,0.38784017326729037,78.13,79.15,5
Retrained_epoch_32,2olo_A,193,A,193,,GLY,80.25800000000001,0.39207142206491025,79.64,80.63,5
Retrained_epoch_32,2olo_A,194,A,194,,THR,82.56,0.6941901756723386,81.43,83.19,5
Retrained_epoch_32,2olo_A,195,A,195,,TYR,80.812,0.2822587465429582,80.55,81.27,5
Retrained_epoch_32,2olo_A,196,A,196,,ARG,82.57000000000001,0.6191930232165098,82.04,83.56,5
Retrained_epoch_32,2olo_A,197,A,197,,ALA,83.018,0.5846965024694462,82.32,83.89,5
Retrained_epoch_32,2olo_A,198,A,198,,GLY,80.124,1.237105492672307,78.9,82.07,5
Retrained_epoch_32,2olo_A,199,A,199,,LYS,80.09400000000001,0.7349013539244595,79.3,80.97,5
Retrained_epoch_32,2olo_A,200,A,200,,VAL,79.878,0.5525124432987947,79.47,80.84,5
Retrained_epoch_32,2olo_A,201,A,201,,VAL,79.71000000000001,0.94353060363721,78.85,81.33,5
Retrained_epoch_32,2olo_A,202,A,202,,LEU,77.31,0.5924947257149236,76.74,78.13,5
Retrained_epoch_32,2olo_A,203,A,203,,ALA,74.4,1.0628499423719233,73.06,75.91,5
Retrained_epoch_32,2olo_A,204,A,204,,CYS,63.492,1.3885135937397244,61.19,64.49,5
Retrained_epoch_32,2olo_A,205,A,205,,GLY,64.464,1.4523876892896073,63.52,66.98,5
Retrained_epoch_32,2olo_A,206,A,206,,PRO,66.336,0.7361929095013094,65.57,67.16,5
Retrained_epoch_32,2olo_A,207,A,207,,TYR,67.412,1.0840295198932586,66.07,68.93,5
Retrained_epoch_32,2olo_A,208,A,208,,THR,71.482,1.2538221564480345,69.33,72.53,5
Retrained_epoch_32,2olo_A,209,A,209,,ASN,71.072,1.2769377431965931,68.91,72.04,5
Retrained_epoch_32,2olo_A,210,A,210,,ASP,72.654,1.2150843592113263,70.61,73.61,5
Retrained_epoch_32,2olo_A,211,A,211,,LEU,73.216,0.9928897219731917,71.69,74.12,5
Retrained_epoch_32,2olo_A,212,A,212,,LEU,72.92,1.4324803663575985,70.91,74.58,5
Retrained_epoch_32,2olo_A,213,A,213,,GLU,74.224,0.7093518168017889,73.11,75.07,5
Retrained_epoch_32,2olo_A,214,A,214,,PRO,70.928,0.7527748667430405,69.71,71.46,5
Retrained_epoch_32,2olo_A,215,A,215,,LEU,71.94800000000001,0.6097704486116032,71.14,72.65,5
Retrained_epoch_32,2olo_A,216,A,216,,GLY,72.446,0.13126309458488525,72.27,72.58,5
Retrained_epoch_32,2olo_A,217,A,217,,ALA,70.584,0.3640467003009379,69.99,70.94,5
Retrained_epoch_32,2olo_A,218,A,218,,ARG,68.43199999999999,0.7257547795226716,67.46,69.31,5
Retrained_epoch_32,2olo_A,219,A,219,,LEU,66.20599999999999,1.1703119242321665,64.18,67.1,5
Retrained_epoch_32,2olo_A,220,A,220,,ALA,66.772,0.9049419870908864,65.21,67.43,5
Retrained_epoch_32,2olo_A,221,A,221,,TYR,63.61,1.9231614596803897,60.4,65.2,5
Retrained_epoch_32,2olo_A,222,A,222,,SER,67.33,1.4393922328538513,65.4,68.97,5
Retrained_epoch_32,2olo_A,223,A,223,,VAL,63.25,2.403091758547724,60.91,67.24,5
Retrained_epoch_32,2olo_A,224,A,224,,TYR,64.79400000000001,2.589455541228699,61.71,68.87,5
Retrained_epoch_32,2olo_A,225,A,225,,GLU,63.638,3.587850331326547,61.13,69.84,5
Retrained_epoch_32,2olo_A,226,A,226,,MET,60.46,5.798478248644208,53.16,68.25,5
Retrained_epoch_32,2olo_A,227,A,227,,ALA,60.733999999999995,5.182946073421951,55.8,68.94,5
Retrained_epoch_32,2olo_A,228,A,228,,ILE,63.455999999999996,7.168460783180725,55.75,71.54,5
Retrained_epoch_32,2olo_A,229,A,229,,ALA,67.446,6.548013439204288,60.09,74.61,5
Retrained_epoch_32,2olo_A,230,A,230,,ALA,74.08,1.8434749794884617,72.4,76.6,5
Retrained_epoch_32,2olo_A,231,A,231,,TYR,75.65599999999999,0.5590438265467172,75.26,76.64,5
Retrained_epoch_32,2olo_A,232,A,232,,ARG,74.87,1.1341737080359457,73.22,76.29,5
Retrained_epoch_32,2olo_A,233,A,233,,GLN,72.85600000000001,1.2277336844772162,71.28,74.45,5
Retrained_epoch_32,2olo_A,234,A,234,,ALA,68.196,1.4842776020677546,66.23,70.01,5
Retrained_epoch_32,2olo_A,235,A,235,,THR,65.388,2.300732492055519,63.06,69.01,5
Retrained_epoch_32,2olo_A,236,A,236,,PRO,57.242,3.197705427333794,52.98,61.71,5
Retrained_epoch_32,2olo_A,237,A,237,,VAL,61.220000000000006,2.5530667833019938,58.7,65.16,5
Retrained_epoch_32,2olo_A,238,A,238,,THR,59.848,2.1170899839166033,58.15,63.54,5
Retrained_epoch_32,2olo_A,239,A,239,,GLU,63.294000000000004,2.7821358701544416,60.21,67.51,5
Retrained_epoch_32,2olo_A,240,A,240,,ALA,63.148,1.2627034489538702,61.17,64.37,5
Retrained_epoch_32,2olo_A,241,A,241,,PRO,69.636,0.8397797330252775,68.66,70.59,5
Retrained_epoch_32,2olo_A,242,A,242,,PHE,68.912,1.699108589819968,67.23,71.06,5
Retrained_epoch_32,2olo_A,243,A,243,,TRP,69.312,1.761539099764746,67.47,71.35,5
Retrained_epoch_32,2olo_A,244,A,244,,PHE,68.97200000000001,2.7203069679725496,65.4,71.87,5
Retrained_epoch_32,2olo_A,245,A,245,,ALA,64.532,3.1340181875668787,60.54,67.58,5
Retrained_epoch_32,2olo_A,246,A,246,,PHE,61.528,3.1972675834218203,57.24,64.9,5
Retrained_epoch_32,2olo_A,247,A,247,,GLN,59.013999999999996,2.4522499872566006,55.47,61.53,5
Retrained_epoch_32,2olo_A,248,A,248,,GLN,60.275999999999996,3.091517426766343,55.2,63.46,5
Retrained_epoch_32,2olo_A,249,A,249,,PRO,57.032000000000004,0.8287158741088537,55.71,57.74,5
Retrained_epoch_32,2olo_A,250,A,250,,THR,61.746,0.8774280597291136,60.51,62.98,5
Retrained_epoch_32,2olo_A,251,A,251,,PRO,60.182,1.0426025129453702,58.46,60.88,5
Retrained_epoch_32,2olo_A,252,A,252,,GLN,61.279999999999994,0.6058877783880459,60.4,61.97,5
Retrained_epoch_32,2olo_A,253,A,253,,ASP,61.998000000000005,1.5306763211077647,59.69,63.35,5
Retrained_epoch_32,2olo_A,254,A,254,,THR,62.044000000000004,1.0005898260526125,60.73,63.03,5
Retrained_epoch_32,2olo_A,255,A,255,,ASN,65.962,0.6691561850569715,65.11,66.75,5
Retrained_epoch_32,2olo_A,256,A,256,,LEU,65.85,0.6563154729244091,65.2,66.91,5
Retrained_epoch_32,2olo_A,257,A,257,,PHE,68.896,0.9390846607202141,67.68,70.2,5
Retrained_epoch_32,2olo_A,258,A,258,,TYR,66.612,0.8219002372551057,65.91,67.97,5
Retrained_epoch_32,2olo_A,259,A,259,,GLY,65.724,0.5418763696637818,64.98,66.28,5
Retrained_epoch_32,2olo_A,260,A,260,,PHE,68.228,3.704776646439028,61.78,70.87,5
Retrained_epoch_32,2olo_A,261,A,261,,GLY,67.75,1.5186013301719457,65.09,68.83,5
Retrained_epoch_32,2olo_A,262,A,262,,HIS,71.11800000000001,0.8279613517550184,69.72,71.8,5
Retrained_epoch_32,2olo_A,263,A,263,,ASN,67.486,0.6504460008332731,66.82,68.46,5
Retrained_epoch_32,2olo_A,264,A,264,,PRO,66.46799999999999,1.5900534582208263,64.02,68.1,5
Retrained_epoch_32,2olo_A,265,A,265,,TRP,60.852,0.8429234840719535,59.58,61.66,5
Retrained_epoch_32,2olo_A,266,A,266,,ALA,55.544000000000004,1.3053466972417727,53.76,56.9,5
Retrained_epoch_32,2olo_A,267,A,267,,PRO,58.174,1.0884070929574092,56.46,59.19,5
Retrained_epoch_32,2olo_A,268,A,268,,GLY,64.128,0.762115476814373,63.28,65.31,5
Retrained_epoch_32,2olo_A,269,A,269,,GLU,71.522,0.5817817460182109,70.89,72.13,5
Retrained_epoch_32,2olo_A,270,A,270,,PHE,73.92999999999999,1.2153188881935455,72.38,75.66,5
Retrained_epoch_32,2olo_A,271,A,271,,VAL,75.07000000000001,0.6108600494384993,74.61,76.09,5
Retrained_epoch_32,2olo_A,272,A,272,,ARG,73.564,1.02270719172205,72.53,74.7,5
Retrained_epoch_32,2olo_A,273,A,273,,CYS,73.22200000000001,1.2457808796092535,71.97,74.78,5
Retrained_epoch_32,2olo_A,274,A,274,,GLY,67.95599999999999,0.9984638200756274,67.1,69.18,5
Retrained_epoch_32,2olo_A,275,A,275,,PRO,67.34,0.6574952471311063,66.54,68.33,5
Retrained_epoch_32,2olo_A,276,A,276,,ASP,66.654,0.8539203709948602,65.16,67.27,5
Retrained_epoch_32,2olo_A,277,A,277,,PHE,62.826,3.217433760001906,57.8,65.6,5
Retrained_epoch_32,2olo_A,278,A,278,,GLU,62.23,3.9256018646826636,55.4,65.09,5
Retrained_epoch_32,2olo_A,279,A,279,,VAL,64.03999999999999,3.7775322632639425,57.66,67.24,5
Retrained_epoch_32,2olo_A,280,A,280,,ASP,67.954,2.072566042373562,64.91,70.08,5
Retrained_epoch_32,2olo_A,281,A,281,,PRO,71.16799999999999,1.3704451831430542,69.85,73.21,5
Retrained_epoch_32,2olo_A,282,A,282,,LEU,69.738,2.0101417860439637,67.21,72.06,5
Retrained_epoch_32,2olo_A,283,A,283,,ASP,68.80799999999999,1.4667890100488221,66.74,70.02,5
Retrained_epoch_32,2olo_A,284,A,284,,HIS,69.97200000000001,1.710941261411393,67.66,71.4,5
Retrained_epoch_32,2olo_A,285,A,285,,PRO,68.954,0.7765822557849242,67.61,69.61,5
Retrained_epoch_32,2olo_A,286,A,286,,SER,69.36,0.929435312434388,68.27,70.4,5
Retrained_epoch_32,2olo_A,287,A,287,,ALA,67.484,1.6074607304690225,65.6,69.46,5
Retrained_epoch_32,2olo_A,288,A,288,,ALA,63.025999999999996,1.3678925396389858,61.67,64.97,5
Retrained_epoch_32,2olo_A,289,A,289,,THR,59.49400000000001,1.5533930603681738,57.07,61.11,5
Retrained_epoch_32,2olo_A,290,A,290,,GLY,57.446000000000005,1.6052196111435948,54.68,58.51,5
Retrained_epoch_32,2olo_A,291,A,291,,VAL,63.010000000000005,2.176062958648026,59.99,65.67,5
Retrained_epoch_32,2olo_A,292,A,292,,ALA,68.998,1.360209542680828,67.28,71.05,5
Retrained_epoch_32,2olo_A,293,A,293,,ASP,72.692,1.4925548566133193,71.05,74.24,5
Retrained_epoch_32,2olo_A,294,A,294,,ARG,74.90799999999999,0.7367971226871027,73.92,75.99,5
Retrained_epoch_32,2olo_A,295,A,295,,ARG,75.65799999999999,0.7279560426289526,74.74,76.68,5
Retrained_epoch_32,2olo_A,296,A,296,,GLN,74.99600000000001,0.9118552516710065,73.95,76.37,5
Retrained_epoch_32,2olo_A,297,A,297,,MET,76.752,0.8934036042013708,75.82,78.13,5
Retrained_epoch_32,2olo_A,298,A,298,,ASP,78.98400000000001,0.786212439484394,78.36,80.36,5
Retrained_epoch_32,2olo_A,299,A,299,,ARG,76.916,0.7015197787660746,76.08,77.92,5
Retrained_epoch_32,2olo_A,300,A,300,,LEU,75.02799999999999,0.4484082960873961,74.6,75.53,5
Retrained_epoch_32,2olo_A,301,A,301,,SER,77.342,0.9452883158063464,76.64,78.97,5
Retrained_epoch_32,2olo_A,302,A,302,,GLY,79.316,0.7693048810452213,78.65,80.54,5
Retrained_epoch_32,2olo_A,303,A,303,,TRP,74.694,0.5596695453568991,74.11,75.46,5
Retrained_epoch_32,2olo_A,304,A,304,,LEU,75.926,0.7045778878165265,74.93,76.61,5
Retrained_epoch_32,2olo_A,305,A,305,,ARG,77.258,0.7525423576118514,76.24,78.36,5
Retrained_epoch_32,2olo_A,306,A,306,,ASP,77.792,0.7663354356937984,76.77,78.92,5
Retrained_epoch_32,2olo_A,307,A,307,,HIS,75.20599999999999,0.6198628880647693,74.2,75.85,5
Retrained_epoch_32,2olo_A,308,A,308,,LEU,73.658,1.494530026463168,71.12,75.08,5
Retrained_epoch_32,2olo_A,309,A,309,,PRO,68.272,2.439143292223724,66.37,72.39,5
Retrained_epoch_32,2olo_A,310,A,310,,THR,65.088,2.02439373640604,63.66,68.66,5
Retrained_epoch_32,2olo_A,311,A,311,,VAL,70.402,1.6821028506009956,68.15,72.81,5
Retrained_epoch_32,2olo_A,312,A,312,,ASP,68.304,3.265490774753465,63.34,72.38,5
Retrained_epoch_32,2olo_A,313,A,313,,PRO,63.164,2.167839938740869,59.71,65.12,5
Retrained_epoch_32,2olo_A,314,A,314,,ASP,67.35799999999999,2.6599097729058396,62.86,69.88,5
Retrained_epoch_32,2olo_A,315,A,315,,PRO,70.63199999999999,2.0734922232793664,67.85,72.79,5
Retrained_epoch_32,2olo_A,316,A,316,,VAL,66.822,2.634258909067214,63.6,69.57,5
Retrained_epoch_32,2olo_A,317,A,317,,ARG,69.744,1.6830715968133965,67.54,72.11,5
Retrained_epoch_32,2olo_A,318,A,318,,THR,71.994,1.6442110570118456,70.27,74.56,5
Retrained_epoch_32,2olo_A,319,A,319,,SER,66.878,2.887987188337237,63.35,70.72,5
Retrained_epoch_32,2olo_A,320,A,320,,THR,61.81600000000001,4.090492635368019,56.88,67.93,5
Retrained_epoch_32,2olo_A,321,A,321,,CYS,57.141999999999996,4.869221703722264,53.49,65.32,5
Retrained_epoch_32,2olo_A,322,A,322,,LEU,51.726,7.624964262211332,44.05,63.96,5
Retrained_epoch_32,2olo_A,323,A,323,,ALA,57.267999999999994,3.4516619185545983,53.63,62.48,5
Retrained_epoch_32,2olo_A,324,A,324,,VAL,51.146,4.635081444807635,46.68,57.96,5
Retrained_epoch_32,2olo_A,325,A,325,,LEU,54.489999999999995,3.1091317115876596,49.64,57.84,5
Retrained_epoch_32,2olo_A,326,A,326,,PRO,56.04600000000001,1.3916824350404107,54.4,57.52,5
Retrained_epoch_32,2olo_A,327,A,327,,THR,55.258,0.9724556545159285,54.35,56.58,5
Retrained_epoch_32,2olo_A,328,A,328,,ASP,53.763999999999996,1.2127778032269552,52.39,55.18,5
Retrained_epoch_32,2olo_A,329,A,329,,PRO,48.788,2.279116056720233,46.7,51.41,5
Retrained_epoch_32,2olo_A,330,A,330,,GLU,55.212,0.7821572731874326,54.32,56.23,5
Retrained_epoch_32,2olo_A,331,A,331,,ARG,58.248000000000005,1.6188637990887298,56.73,60.73,5
Retrained_epoch_32,2olo_A,332,A,332,,GLN,59.989999999999995,2.039816168187712,57.04,62.59,5
Retrained_epoch_32,2olo_A,333,A,333,,PHE,60.477999999999994,4.051502190546118,53.85,64.97,5
Retrained_epoch_32,2olo_A,334,A,334,,PHE,57.775999999999996,7.367810393868724,45.98,65.32,5
Retrained_epoch_32,2olo_A,335,A,335,,LEU,58.226,7.284238463971371,46.33,65.44,5
Retrained_epoch_32,2olo_A,336,A,336,,GLY,54.056,9.65145222233421,37.79,63.69,5
Retrained_epoch_32,2olo_A,337,A,337,,THR,51.504,9.015316411529879,36.52,60.9,5
Retrained_epoch_32,2olo_A,338,A,338,,ALA,51.291999999999994,10.57992296758346,34.72,62.99,5
Retrained_epoch_32,2olo_A,339,A,339,,ARG,45.622,6.5161353577101195,35.0,50.92,5
Retrained_epoch_32,2olo_A,340,A,340,,ASP,49.17,6.488840420290823,37.6,52.69,5
Retrained_epoch_32,2olo_A,341,A,341,,LEU,48.95399999999999,7.55016423662426,35.62,54.25,5
Retrained_epoch_32,2olo_A,342,A,342,,MET,48.116,8.95524594860465,34.66,56.05,5
Retrained_epoch_32,2olo_A,343,A,343,,THR,51.51800000000001,8.926733445107454,39.32,59.71,5
Retrained_epoch_32,2olo_A,344,A,344,,HIS,51.428,8.387959823461244,40.18,57.94,5
Retrained_epoch_32,2olo_A,345,A,345,,GLY,50.45399999999999,8.29887221253587,40.8,59.26,5
Retrained_epoch_32,2olo_A,346,A,346,,GLU,49.8,6.641072955479408,41.86,59.41,5
Retrained_epoch_32,2olo_A,347,A,347,,LYS,54.422000000000004,11.542870960034163,38.71,67.5,5
Retrained_epoch_32,2olo_A,348,A,348,,LEU,60.763999999999996,12.498153063553032,42.35,74.98,5
Retrained_epoch_32,2olo_A,349,A,349,,VAL,60.762,14.046115833211683,39.75,76.99,5
Retrained_epoch_32,2olo_A,350,A,350,,VAL,59.384,13.145169454974704,39.61,74.13,5
Retrained_epoch_32,2olo_A,351,A,351,,TYR,58.052,12.032338509200944,39.08,71.33,5
Retrained_epoch_32,2olo_A,352,A,352,,GLY,60.403999999999996,10.152648915430886,43.1,69.38,5
Retrained_epoch_32,2olo_A,353,A,353,,ALA,58.977999999999994,4.913203639174746,51.31,64.71,5
Retrained_epoch_32,2olo_A,354,A,354,,GLY,61.394000000000005,2.9409913294669865,56.53,64.38,5
Retrained_epoch_32,2olo_A,355,A,355,,TRP,60.352,2.303946613964825,58.02,64.21,5
Retrained_epoch_32,2olo_A,356,A,356,,ALA,61.79200000000001,2.008599014238527,60.56,65.32,5
Retrained_epoch_32,2olo_A,357,A,357,,PHE,63.318,1.1585206083622326,62.19,65.05,5
Retrained_epoch_32,2olo_A,358,A,358,,LYS,62.096000000000004,0.9867015759590118,61.31,63.79,5
Retrained_epoch_32,2olo_A,359,A,359,,PHE,65.644,1.0364506741760526,64.52,67.13,5
Retrained_epoch_32,2olo_A,360,A,360,,VAL,60.25600000000001,2.330392670774605,58.28,63.46,5
Retrained_epoch_32,2olo_A,361,A,361,,PRO,67.98400000000001,0.9908733521495092,66.82,69.36,5
Retrained_epoch_32,2olo_A,362,A,362,,LEU,69.852,1.0096137875445217,69.15,71.63,5
Retrained_epoch_32,2olo_A,363,A,363,,PHE,71.212,1.2634555789579651,69.92,73.22,5
Retrained_epoch_32,2olo_A,364,A,364,,GLY,72.974,0.8694423500152257,72.15,74.31,5
Retrained_epoch_32,2olo_A,365,A,365,,ARG,76.97200000000001,1.213865725687982,75.57,78.76,5
Retrained_epoch_32,2olo_A,366,A,366,,ILE,75.72200000000001,0.9795764390796664,74.97,77.33,5
Retrained_epoch_32,2olo_A,367,A,367,,CYS,76.478,0.7277499570594271,75.87,77.7,5
Retrained_epoch_32,2olo_A,368,A,368,,ALA,78.70599999999999,0.860075578074389,77.91,79.96,5
Retrained_epoch_32,2olo_A,369,A,369,,ASP,77.25800000000001,1.1060605770029024,76.37,79.0,5
Retrained_epoch_32,2olo_A,370,A,370,,LEU,75.15,1.1461457149943892,74.05,76.87,5
Retrained_epoch_32,2olo_A,371,A,371,,ALA,75.11800000000001,0.9900858548631027,73.93,76.2,5
Retrained_epoch_32,2olo_A,372,A,372,,VAL,76.218,0.7960339188753224,75.4,77.25,5
Retrained_epoch_32,2olo_A,373,A,373,,GLU,72.634,1.775761808351557,70.79,74.57,5
Retrained_epoch_32,2olo_A,374,A,374,,ASP,66.96000000000001,1.149369392319111,65.3,68.31,5
Retrained_epoch_32,2olo_A,375,A,375,,SER,67.822,0.9081134290384641,66.55,68.83,5
Retrained_epoch_32,2olo_A,376,A,376,,THR,71.77000000000001,1.7528120264306732,69.45,74.17,5
Retrained_epoch_32,2olo_A,377,A,377,,ALA,70.332,1.3834630461273625,68.71,72.16,5
Retrained_epoch_32,2olo_A,378,A,378,,TYR,70.28999999999999,0.6742403132415004,69.2,70.86,5
Retrained_epoch_32,2olo_A,379,A,379,,ASP,68.50800000000001,1.6083594125692195,65.91,70.31,5
Retrained_epoch_32,2olo_A,380,A,380,,ILE,65.756,1.4034350715298485,64.0,67.45,5
Retrained_epoch_32,2olo_A,381,A,381,,SER,64.738,0.9235096101286607,64.0,66.31,5
Retrained_epoch_32,2olo_A,382,A,382,,ARG,61.338,1.7712904900100366,59.72,63.59,5
Retrained_epoch_32,2olo_A,383,A,383,,LEU,60.686,1.7386143908296623,58.0,62.75,5
Retrained_epoch_32,2olo_A,384,A,384,,ALA,56.988,2.4108649899984016,53.3,59.74,5
Retrained_epoch_32,2olo_A,385,A,385,,PRO,47.536,2.955136206674746,43.19,50.59,5
Retrained_epoch_32,2olo_A,386,A,386,,GLN,45.482,3.134448914881209,41.52,50.11,5
Retrained_epoch_32,2olo_A,387,A,387,,SER,41.962,2.021514283897098,39.83,45.3,5
Retrained_epoch_32,2olo_A,388,A,388,,ALA,37.32,0.8418135185419632,36.06,38.12,5
Retrained_epoch_32,2olo_A,389,A,389,,LEU,28.630000000000003,0.4066939881532552,28.28,29.28,5
