left_pdb_id,right_pdb_id,query_chain,subject_chain,retained_residue_count,d_bri_mA,retained_first_label_seq_id,retained_last_label_seq_id,query_raw_not_retained,subject_raw_not_retained,alignment_rmsd_A,alignment_max_atom_deviation_A,alignment_mean_atom_deviation_A
6zhw,6zi6,B,B,257,1,2,258,1,1,7.117781992937509e-06,1.4593419173739146e-05,6.653713640880401e-06
6zhw,6zi9,B,B,257,1,2,258,1,1,7.192821323256845e-06,1.3898935600044007e-05,6.761991086299461e-06
6zhw,6zia,B,B,257,1,2,258,1,1,7.163428099521885e-06,1.3335497219185304e-05,6.681464080795309e-06
6zhw,6zid,B,B,257,1,2,258,1,1,7.055218969967967e-06,1.4113403939827576e-05,6.605750953602834e-06
6zi4,6zi5,B,B,257,1,2,258,1,1,7.0190630291090435e-06,1.3308968476613947e-05,6.548606659259412e-06
6zi6,6zi9,B,B,257,1,2,258,1,1,7.05960895627515e-06,1.3309861625635368e-05,6.607538471965651e-06
6zi6,6zia,B,B,257,1,2,258,1,1,7.266973521317201e-06,1.3175073646073623e-05,6.819324627017888e-06
6zi6,6zid,B,B,257,1,2,258,1,1,7.008829732655177e-06,1.4142211735434405e-05,6.518335931637711e-06
6zi9,6zia,B,B,257,1,2,258,1,1,7.162898436003742e-06,1.4730612322406246e-05,6.722006526603911e-06
6zi9,6zid,B,B,257,1,2,258,1,1,7.124287448408073e-06,1.4816558530082095e-05,6.661841135273305e-06
6zia,6zid,B,B,257,1,2,258,1,1,7.200545343163883e-06,1.3872788273654803e-05,6.759913311342223e-06
