state,residue_index,residue_name,mean_plddt,std_plddt,min_plddt,max_plddt
relaxed,1,MET,63.681000000000004,0.439801378494034,62.7,64.63
relaxed,2,THR,83.2688,0.4866797009462516,82.23,84.38
relaxed,3,GLU,94.42569999999999,0.21754950673073994,93.77,94.8
relaxed,4,SER,97.5231,0.050306033134177204,97.38,97.62
relaxed,5,TYR,98.6883,0.008882510337676718,98.67,98.71
relaxed,6,ASP,98.6305,0.011135075167680902,98.6,98.66
relaxed,7,VAL,98.88069999999999,0.0053663749214881784,98.87,98.89
relaxed,8,VAL,98.8826,0.006295741706611817,98.86,98.89
relaxed,9,VAL,98.8825,0.009574271077565071,98.85,98.9
relaxed,10,VAL,98.62899999999999,0.03382963855030694,98.52,98.69
relaxed,11,GLY,97.4817,0.15610185097809562,97.16,97.89
relaxed,12,GLY,96.3643,0.23428056649748796,95.93,96.96
relaxed,13,GLY,95.16059999999999,0.28429896058533277,94.7,95.89
relaxed,14,PRO,96.2086,0.27826671313034534,95.72,96.91
relaxed,15,VAL,97.59360000000001,0.15515726788577505,97.27,97.97
relaxed,16,GLY,97.929,0.10959521481848962,97.71,98.18
relaxed,17,LEU,98.3177,0.08645492782632554,98.06,98.5
relaxed,18,ALA,98.6018,0.04013562864673589,98.47,98.68
relaxed,19,THR,98.8257,0.011913408115621329,98.79,98.85
relaxed,20,ALA,98.85799999999999,0.009101004495564197,98.83,98.87
relaxed,21,TRP,98.6625,0.0199684093942767,98.59,98.7
relaxed,22,GLN,98.648,0.014839205511146761,98.6,98.68
relaxed,23,VAL,98.8141,0.006681045100603435,98.8,98.83
relaxed,24,ALA,98.6816,0.008375047112786275,98.66,98.7
relaxed,25,GLU,97.6814,0.039184103146481526,97.58,97.77
relaxed,26,ARG,97.9316,0.030007406493137097,97.85,98.0
relaxed,27,GLY,98.1504,0.016570632413575665,98.1,98.19
relaxed,28,HIS,98.6787,0.009391055275730557,98.65,98.7
relaxed,29,ARG,98.6045,0.013586609569571749,98.55,98.63
relaxed,30,VAL,98.87450000000001,0.0057515917866944296,98.86,98.88
relaxed,31,LEU,98.8037,0.0070574840281870275,98.78,98.82
relaxed,32,VAL,98.8335,0.011666666666667295,98.79,98.86
relaxed,33,LEU,98.66130000000001,0.026767045923576996,98.56,98.71
relaxed,34,GLU,97.7392,0.1272449320298168,97.35,98.01
relaxed,35,ARG,96.31200000000001,0.2475292044804157,95.74,97.04
relaxed,36,HIS,94.4459,0.312462021934685,93.81,95.3
relaxed,37,THR,95.4877,0.3846048871139291,94.73,96.39
relaxed,38,PHE,95.21610000000001,0.5245794756398938,91.85,96.28
relaxed,39,PHE,94.0095,0.503664099626453,92.73,95.3
relaxed,40,ASN,91.63040000000001,0.6518302437496033,90.07,93.59
relaxed,41,GLU,87.36229999999999,1.6033278869686363,84.33,91.77
relaxed,42,ASN,84.8994,1.3993763546016416,81.97,89.38
relaxed,43,GLY,80.6464,2.1158944045753167,75.79,85.54
relaxed,44,GLY,78.37060000000001,2.0011011211254885,73.01,82.55
relaxed,45,THR,75.4533,2.5586699729162063,69.86,82.0
relaxed,46,SER,77.1875,1.7835818999808768,73.82,81.6
relaxed,47,GLY,83.66879999999999,1.066284287522885,81.09,86.02
relaxed,48,ALA,87.958,1.1148864144708703,85.67,90.28
relaxed,49,GLU,92.62379999999999,0.5631993385556262,91.39,93.73
relaxed,50,ARG,93.81540000000001,0.43719126480317694,92.93,94.84
relaxed,51,HIS,93.2582,0.644141241804886,90.9,94.44
relaxed,52,TRP,94.89959999999999,0.388888392496075,94.04,95.72
relaxed,53,ARG,92.1257,0.5204606642488019,91.05,93.31
relaxed,54,LEU,90.45299999999999,0.8647432035470507,88.17,92.48
relaxed,55,GLN,90.4466,0.7444518286984912,88.72,92.86
relaxed,56,TYR,92.7518,0.5075358971232365,91.54,94.18
relaxed,57,THR,92.3601,0.5237114924008514,90.97,93.85
relaxed,58,GLN,91.6417,0.45186941664264807,90.56,92.83
relaxed,59,GLU,93.7481,0.28622832942540355,93.19,94.72
relaxed,60,ASP,92.72129999999999,0.4493669059483755,91.93,94.21
relaxed,61,LEU,92.9912,0.49697728745127034,92.06,94.57
relaxed,62,PHE,94.9172,0.25905453581292687,94.39,95.65
relaxed,63,ARG,95.2341,0.27306378061330283,94.64,96.14
relaxed,64,LEU,95.2775,0.3542965002663887,94.35,96.43
relaxed,65,THR,94.82790000000001,0.30837238081988366,94.14,95.78
relaxed,66,LEU,95.2535,0.25247612148318604,94.7,96.04
relaxed,67,GLU,95.4449,0.24916221238544345,94.85,96.29
relaxed,68,THR,97.19049999999999,0.1356791744662298,96.93,97.61
relaxed,69,LEU,95.37370000000001,0.24247734456287443,94.65,96.08
relaxed,70,PRO,96.83059999999999,0.15631372235981233,96.37,97.17
relaxed,71,LEU,97.78,0.12221854907244463,97.39,98.04
relaxed,72,TRP,97.89290000000001,0.11826434181719682,97.42,98.11
relaxed,73,ARG,97.476,0.23038395707333328,96.56,97.79
relaxed,74,ALA,97.42280000000001,0.29408677342415396,96.21,97.76
relaxed,75,LEU,98.20110000000001,0.12357384411555346,97.68,98.36
relaxed,76,GLU,98.0675,0.17039689260693866,97.42,98.31
relaxed,77,SER,97.81569999999999,0.2607535893203278,96.68,98.07
relaxed,78,ARG,97.25229999999999,0.22992688780865303,96.42,97.56
relaxed,79,CYS,96.4484,0.5805878595236591,94.49,97.14
relaxed,80,GLU,95.8873,1.4859149172863626,89.3,97.05
relaxed,81,ARG,94.6678,0.6958035540715389,91.63,95.52
relaxed,82,ARG,96.2259,0.6084241858267876,94.38,97.05
relaxed,83,LEU,97.01180000000001,0.42226273596165104,95.97,97.6
relaxed,84,ILE,95.98209999999999,0.43478380788152377,95.04,96.68
relaxed,85,HIS,94.6951,0.4807916346605842,93.74,95.43
relaxed,86,GLU,93.88719999999999,0.5164722605906316,92.91,94.75
relaxed,87,ILE,92.94879999999999,0.5179296001456885,91.76,93.75
relaxed,88,GLY,95.31379999999999,0.3287189091185989,94.55,95.83
relaxed,89,SER,96.4601,0.2557164425489682,95.88,96.94
relaxed,90,LEU,97.5148,0.13260772255343173,97.23,97.85
relaxed,91,TRP,97.75200000000001,0.10474596494241735,97.54,98.13
relaxed,92,PHE,98.3882,0.06146987436578943,98.23,98.56
relaxed,93,GLY,98.2999,0.056720028351206424,98.13,98.44
relaxed,94,ASP,97.5225,0.14062899825965428,97.1,97.85
relaxed,95,THR,97.7729,0.12885897859146458,97.36,98.1
relaxed,96,ASP,96.1027,0.3164061288657937,95.27,96.87
relaxed,97,VAL,94.9756,0.4097062756698153,93.83,96.03
relaxed,98,VAL,92.2201,0.5091436561779621,90.8,93.73
relaxed,99,THR,89.831,0.8079422671643731,87.67,91.82
relaxed,100,ASN,83.8946,1.3588701634858742,80.92,86.87
relaxed,101,GLU,86.7711,0.870207098304413,84.98,89.59
relaxed,102,GLY,90.7546,0.7665117366513384,89.22,92.58
relaxed,103,GLN,94.7615,0.3695243325184826,93.96,95.76
relaxed,104,ILE,97.6367,0.1672659226767047,97.14,98.11
relaxed,105,SER,97.3625,0.15456275898367458,96.87,97.75
relaxed,106,GLY,96.76540000000001,0.2406448407798116,96.07,97.44
relaxed,107,THR,96.9665,0.21686645800137133,96.42,97.51
relaxed,108,ALA,97.8582,0.12435189560032625,97.54,98.16
relaxed,109,ALA,97.7917,0.11385845368152198,97.49,98.06
relaxed,110,MET,97.3258,0.18378280989287513,96.88,97.72
relaxed,111,MET,97.7633,0.10897182473400263,97.5,98.05
relaxed,112,ASP,97.93709999999999,0.08937826775830693,97.75,98.17
relaxed,113,LYS,97.92389999999999,0.09110871516928543,97.69,98.14
relaxed,114,LEU,97.0572,0.1349753438015385,96.8,97.44
relaxed,115,SER,96.9676,0.12769218037645397,96.71,97.35
relaxed,116,VAL,96.8266,0.16512144291124473,96.5,97.37
relaxed,117,ARG,97.02709999999999,0.11941181607438009,96.77,97.41
relaxed,118,TYR,98.17739999999999,0.06319154783016037,98.04,98.37
relaxed,119,GLU,98.1512,0.039396456796020586,98.07,98.28
relaxed,120,TRP,98.551,0.023973891522807107,98.5,98.6
relaxed,121,LEU,98.4957,0.023794363138602274,98.45,98.55
relaxed,122,LYS,98.5024,0.02108759987971368,98.46,98.55
relaxed,123,ALA,98.15700000000001,0.03862536979653372,98.06,98.26
relaxed,124,THR,97.44959999999999,0.05216368952681291,97.33,97.59
relaxed,125,ASP,97.15100000000001,0.05388914922357594,97.04,97.3
relaxed,126,ILE,97.415,0.06214190342768842,97.23,97.54
relaxed,127,GLU,96.62,0.07638287395969953,96.4,96.78
relaxed,128,ARG,94.9454,0.0903239959391923,94.69,95.19
relaxed,129,ARG,95.0423,0.11293919880299584,94.63,95.24
relaxed,130,PHE,95.17479999999999,0.1361407471343631,94.77,95.44
relaxed,131,GLY,93.8377,0.13617320373017985,93.47,94.2
relaxed,132,PHE,96.3662,0.13209867753335175,96.01,96.63
relaxed,133,ARG,96.6391,0.07377408868712894,96.47,96.85
relaxed,134,GLY,97.2392,0.06188421903569103,97.09,97.37
relaxed,135,LEU,97.85780000000001,0.054282835801253385,97.74,98.01
relaxed,136,PRO,97.0766,0.08134252307745071,96.85,97.29
relaxed,137,ARG,96.2422,0.1360746972523653,95.83,96.6
relaxed,138,ASP,96.56909999999999,0.10701736855163914,96.29,96.85
relaxed,139,TYR,98.01809999999999,0.05858077389986209,97.88,98.16
relaxed,140,GLU,98.5547,0.031057294723710535,98.44,98.63
relaxed,141,GLY,98.31569999999999,0.0436064817719242,98.22,98.44
relaxed,142,PHE,98.1899,0.07168245069313976,98.06,98.41
relaxed,143,LEU,97.81479999999999,0.09014556130072365,97.63,98.09
relaxed,144,GLN,97.24959999999999,0.13813271323132137,96.91,97.58
relaxed,145,PRO,95.531,0.23870653129063427,94.99,95.99
relaxed,146,ASP,94.5116,0.32311213927281573,93.7,95.06
relaxed,147,GLY,94.7924,0.36106497918230884,94.02,95.42
relaxed,148,GLY,94.1185,0.3384169175750696,93.2,94.79
relaxed,149,THR,94.9226,0.30273707631166946,94.25,95.48
relaxed,150,ILE,95.9783,0.4421322417466533,95.09,96.75
relaxed,151,ASP,95.6268,0.5116419992079773,94.64,96.52
relaxed,152,VAL,94.8346,0.43871119788707713,94.01,95.87
relaxed,153,ARG,93.7593,0.48093607168781083,92.6,94.66
relaxed,154,GLY,95.5316,0.42403239822857186,94.58,96.33
relaxed,155,THR,97.3022,0.2869891772851158,96.58,97.88
relaxed,156,LEU,96.6409,0.34460662685550375,95.72,97.41
relaxed,157,ALA,96.45620000000001,0.30659017491357504,95.66,97.12
relaxed,158,ALA,98.0325,0.12330773690161562,97.66,98.26
relaxed,159,LEU,98.37129999999999,0.08092464383485269,98.11,98.51
relaxed,160,PHE,98.2546,0.1024785762286858,97.95,98.45
relaxed,161,THR,98.2403,0.09146898795534938,97.92,98.37
relaxed,162,LEU,98.4206,0.06356131216424252,98.18,98.51
relaxed,163,ALA,98.5966,0.03124423179087544,98.49,98.65
relaxed,164,GLN,98.0635,0.05301753092948192,97.94,98.18
relaxed,165,ALA,98.1475,0.05174480894278488,97.95,98.23
relaxed,166,ALA,98.32620000000001,0.03389764748549114,98.21,98.39
relaxed,167,GLY,98.3769,0.013976531556271798,98.33,98.41
relaxed,168,ALA,98.7263,0.013532975066161643,98.67,98.75
relaxed,169,THR,98.6374,0.012359922199096042,98.6,98.67
relaxed,170,LEU,98.40899999999999,0.025917507050587513,98.31,98.46
relaxed,171,ARG,98.07860000000001,0.03910669166950179,97.99,98.18
relaxed,172,ALA,97.53280000000001,0.08950007053775419,97.29,97.7
relaxed,173,GLY,97.3234,0.11362013621508786,97.04,97.6
relaxed,174,GLU,97.9416,0.061721433501946414,97.75,98.08
relaxed,175,THR,97.885,0.08270062840991013,97.6,98.05
relaxed,176,VAL,98.6083,0.026478693550124326,98.5,98.66
relaxed,177,THR,97.9147,0.07638889072543517,97.61,98.08
relaxed,178,GLU,98.3043,0.04250383226928866,98.14,98.39
relaxed,179,LEU,98.5608,0.0268056981730655,98.46,98.61
relaxed,180,VAL,98.1968,0.025776036165479795,98.12,98.25
relaxed,181,PRO,98.3585,0.024878492597813634,98.27,98.4
relaxed,182,ASP,97.9933,0.03544963705987136,97.87,98.07
relaxed,183,ALA,97.03219999999999,0.08301855701034999,96.74,97.2
relaxed,184,ASP,96.7414,0.07446808007123135,96.48,96.89
relaxed,185,GLY,98.1727,0.02394670007421567,98.09,98.22
relaxed,186,VAL,98.7136,0.011592404340077661,98.67,98.73
relaxed,187,SER,98.6127,0.010717209798198988,98.59,98.64
relaxed,188,VAL,98.7413,0.011516786167866956,98.7,98.76
relaxed,189,THR,98.47540000000001,0.02100601164553742,98.43,98.53
relaxed,190,THR,98.42380000000001,0.028312113265807674,98.34,98.48
relaxed,191,ASP,97.5335,0.04641436123973693,97.41,97.66
relaxed,192,ARG,96.67530000000001,0.06515645506289874,96.51,96.8
relaxed,193,GLY,95.92020000000001,0.08400312644494269,95.7,96.09
relaxed,194,THR,97.9099,0.048000315655528494,97.8,98.02
relaxed,195,TYR,98.41210000000001,0.018438815010457445,98.35,98.47
relaxed,196,ARG,98.61229999999999,0.010527021507443442,98.59,98.63
relaxed,197,ALA,98.6972,0.011813363431111678,98.66,98.71
relaxed,198,GLY,98.4716,0.013537825795625532,98.44,98.5
relaxed,199,LYS,98.6706,0.01674647558277288,98.62,98.71
relaxed,200,VAL,98.8532,0.009307323064463868,98.83,98.87
relaxed,201,VAL,98.82520000000001,0.013888444437331369,98.79,98.86
relaxed,202,LEU,98.4094,0.05760927254208545,98.25,98.54
relaxed,203,ALA,97.14209999999999,0.19052980360197289,96.56,97.54
relaxed,204,CYS,94.8532,0.767001086483368,91.53,95.95
relaxed,205,GLY,93.12129999999999,0.3521783725054774,92.04,94.1
relaxed,206,PRO,93.7901,0.43816766082162983,93.07,95.11
relaxed,207,TYR,95.63680000000001,0.2838902903758735,95.0,96.48
relaxed,208,THR,95.9711,0.2492165299250411,95.25,96.63
relaxed,209,ASN,95.78030000000001,0.1948449526047693,95.14,96.26
relaxed,210,ASP,96.5291,0.17235794912409108,95.94,96.95
relaxed,211,LEU,97.2871,0.13870464951824796,96.69,97.56
relaxed,212,LEU,96.7129,0.19267544805404777,95.9,97.06
relaxed,213,GLU,96.0336,0.19321061936224773,95.36,96.44
relaxed,214,PRO,96.32620000000001,0.1720158555059797,95.75,96.81
relaxed,215,LEU,96.15350000000001,0.18854774600947088,95.52,96.57
relaxed,216,GLY,94.9474,0.306121452097601,94.04,95.47
relaxed,217,ALA,95.2922,0.3865819656445648,94.13,95.95
relaxed,218,ARG,94.8057,0.4061503304308532,93.4,95.46
relaxed,219,LEU,94.88860000000001,0.27642384378729284,94.05,95.5
relaxed,220,ALA,94.3488,0.23056925601255363,93.57,94.94
relaxed,221,TYR,94.7058,0.2914477273505114,93.99,95.31
relaxed,222,SER,94.9633,0.19935276585120418,94.55,95.39
relaxed,223,VAL,95.7058,0.25555319278661964,95.27,96.5
relaxed,224,TYR,95.08940000000001,0.24556189945642523,94.67,95.65
relaxed,225,GLU,94.6813,0.29677272533885374,94.03,95.48
relaxed,226,MET,93.6778,0.313927804863902,93.11,94.48
relaxed,227,ALA,94.3936,0.22637467824272106,93.86,95.11
relaxed,228,ILE,94.0599,0.27719553321863694,93.37,94.83
relaxed,229,ALA,95.0222,0.3997362261605123,94.3,95.86
relaxed,230,ALA,94.7102,0.5340581816751252,93.82,95.55
relaxed,231,TYR,95.3435,0.5663000150721406,94.47,96.21
relaxed,232,ARG,94.4139,0.64037535552174,93.32,95.27
relaxed,233,GLN,92.93950000000001,0.4748660098098485,91.88,93.82
relaxed,234,ALA,91.34469999999999,0.2880076282659782,90.47,92.05
relaxed,235,THR,89.6892,0.42901267905258605,88.6,90.51
relaxed,236,PRO,86.0967,0.49549292873283596,84.71,87.4
relaxed,237,VAL,86.2116,0.48059247945960554,84.83,87.19
relaxed,238,THR,81.7194,0.6372919664526212,79.99,83.19
relaxed,239,GLU,87.7306,0.6062166496085601,85.86,89.22
relaxed,240,ALA,90.3566,0.4614606147764921,88.83,91.32
relaxed,241,PRO,94.6781,0.33141781436242806,93.88,95.49
relaxed,242,PHE,94.2807,0.4382016854962103,93.3,95.35
relaxed,243,TRP,96.3875,0.23839689764777094,95.88,97.04
relaxed,244,PHE,97.25959999999999,0.18510668504536829,96.72,97.9
relaxed,245,ALA,97.62020000000001,0.13072432246850085,97.19,97.95
relaxed,246,PHE,97.5858,0.16681920292534194,97.1,98.0
relaxed,247,GLN,96.41860000000001,0.3219198093258054,95.56,97.23
relaxed,248,GLN,95.78,0.34708308323320236,94.86,96.59
relaxed,249,PRO,95.3768,0.3552659552925106,94.34,96.23
relaxed,250,THR,94.7275,0.3160020937150945,93.88,95.42
relaxed,251,PRO,93.5437,0.33528415507814524,92.54,94.22
relaxed,252,GLN,91.6399,0.4188042019798264,90.45,92.91
relaxed,253,ASP,94.1674,0.31243139044816354,93.34,94.96
relaxed,254,THR,93.57690000000001,0.4450052661134269,92.42,94.71
relaxed,255,ASN,95.72059999999999,0.27823694574912144,94.97,96.41
relaxed,256,LEU,96.7102,0.28682863641321854,95.78,97.24
relaxed,257,PHE,97.0227,0.14325829607370252,96.56,97.36
relaxed,258,TYR,96.65629999999999,0.1896496237749508,96.2,97.04
relaxed,259,GLY,95.42129999999999,0.2849868152186785,94.91,95.99
relaxed,260,PHE,93.2202,0.4903513067591495,92.18,94.08
relaxed,261,GLY,85.471,0.9170555648873767,83.55,87.64
relaxed,262,HIS,84.81209999999999,1.5996649238783958,81.58,86.9
relaxed,263,ASN,84.787,2.0218560829599195,80.58,88.46
relaxed,264,PRO,83.8991,3.089434943922152,76.97,87.94
relaxed,265,TRP,86.991,2.682699718152923,81.28,90.59
relaxed,266,ALA,80.0574,3.6258796550254195,72.89,85.78
relaxed,267,PRO,72.5512,2.907620179994476,63.05,77.05
relaxed,268,GLY,77.4918,5.508870052245311,67.75,83.54
relaxed,269,GLU,86.01389999999999,1.7157681643915055,81.91,88.21
relaxed,270,PHE,91.20270000000001,1.0669714100663557,89.15,92.6
relaxed,271,VAL,92.7818,0.8566464801300474,90.91,93.9
relaxed,272,ARG,94.0548,0.4610692009674993,93.21,94.85
relaxed,273,CYS,95.458,0.35307308883658467,94.76,96.19
relaxed,274,GLY,95.9183,0.18502009172907427,95.56,96.51
relaxed,275,PRO,96.0855,0.18568668626087936,95.64,96.57
relaxed,276,ASP,94.6438,0.20824800676892755,94.13,95.18
relaxed,277,PHE,94.677,0.23605982806111472,93.93,95.18
relaxed,278,GLU,92.0078,0.44384131298371754,90.64,93.07
relaxed,279,VAL,92.5659,0.2799534412950285,91.71,93.23
relaxed,280,ASP,93.48010000000001,0.20739117871814297,92.54,94.05
relaxed,281,PRO,95.5394,0.1272539813034375,95.22,95.85
relaxed,282,LEU,96.2789,0.17382735542758943,95.96,96.81
relaxed,283,ASP,95.0625,0.15717438684082014,94.67,95.61
relaxed,284,HIS,95.5768,0.19323341200514607,95.23,96.23
relaxed,285,PRO,93.2658,0.34378223081221365,92.74,94.52
relaxed,286,SER,93.4849,0.25031089759446123,93.02,94.45
relaxed,287,ALA,95.5623,0.18135213249255064,95.16,96.24
relaxed,288,ALA,94.12190000000001,0.33022090861247433,93.55,95.21
relaxed,289,THR,93.90639999999999,0.20536992983591418,93.49,94.71
relaxed,290,GLY,92.31569999999999,0.3018102119551376,91.75,93.33
relaxed,291,VAL,94.3539,0.21687353760459463,93.88,95.13
relaxed,292,ALA,94.9367,0.20899497359960267,94.43,95.6
relaxed,293,ASP,95.42200000000001,0.1685649471691585,94.97,95.87
relaxed,294,ARG,95.31389999999999,0.10545615202538049,95.01,95.56
relaxed,295,ARG,95.2408,0.1137219717938744,94.88,95.52
relaxed,296,GLN,96.0104,0.1645128713763304,95.61,96.54
relaxed,297,MET,96.6752,0.10061909371586664,96.35,96.95
relaxed,298,ASP,96.8583,0.09812437994399782,96.64,97.16
relaxed,299,ARG,96.9976,0.09636965866449215,96.66,97.27
relaxed,300,LEU,97.4166,0.0785373873522763,97.21,97.63
relaxed,301,SER,97.4886,0.08843213456793995,97.27,97.67
relaxed,302,GLY,97.4885,0.06137111813723097,97.36,97.64
relaxed,303,TRP,97.38780000000001,0.06923215227833551,97.22,97.55
relaxed,304,LEU,97.3354,0.0798030403714387,97.17,97.51
relaxed,305,ARG,97.39229999999999,0.06046712104336484,97.23,97.54
relaxed,306,ASP,97.2748,0.05250262138717588,97.17,97.4
relaxed,307,HIS,97.4004,0.06928086592875748,97.27,97.55
relaxed,308,LEU,96.1567,0.15293792891565516,95.81,96.49
relaxed,309,PRO,94.96,0.15144422582374661,94.61,95.26
relaxed,310,THR,93.66770000000001,0.28730673785374516,92.99,94.21
relaxed,311,VAL,95.2289,0.3360041335724571,94.54,95.89
relaxed,312,ASP,96.01979999999999,0.3273831968439392,95.39,96.55
relaxed,313,PRO,95.91159999999999,0.1906910346793225,95.28,96.33
relaxed,314,ASP,96.3819,0.146733421447526,96.05,96.71
relaxed,315,PRO,95.9967,0.27774363224478305,95.52,96.56
relaxed,316,VAL,95.0933,0.5372565081556073,94.13,96.01
relaxed,317,ARG,94.045,0.4658987187808272,93.25,94.89
relaxed,318,THR,94.55860000000001,0.2714347215829371,94.03,95.38
relaxed,319,SER,92.72319999999999,0.37134448598670033,91.89,93.96
relaxed,320,THR,93.22409999999999,0.39470253471328354,92.41,94.62
relaxed,321,CYS,92.15549999999999,0.4392472325617232,91.3,93.76
relaxed,322,LEU,93.6523,0.4299961357590073,92.77,94.9
relaxed,323,ALA,93.2397,0.40767746956622297,92.49,94.34
relaxed,324,VAL,94.33,0.3024512649614266,93.8,95.11
relaxed,325,LEU,93.23729999999999,0.3396636928528322,92.61,94.2
relaxed,326,PRO,93.008,0.34924738706787417,92.12,93.96
relaxed,327,THR,91.3838,0.40414963725448055,90.33,92.23
relaxed,328,ASP,88.4773,0.6466305128912627,87.23,90.08
relaxed,329,PRO,80.225,1.995676387199146,76.8,84.82
relaxed,330,GLU,82.7817,1.2074692249879206,80.56,86.23
relaxed,331,ARG,87.5432,1.4614085359990576,81.61,89.6
relaxed,332,GLN,89.1045,0.984884113574644,86.62,91.58
relaxed,333,PHE,93.68979999999999,0.36327628131444994,92.92,94.85
relaxed,334,PHE,95.3758,0.2381162605437797,94.7,96.13
relaxed,335,LEU,96.7733,0.21112519623400822,96.24,97.29
relaxed,336,GLY,97.2266,0.16232664412824982,96.74,97.56
relaxed,337,THR,96.9518,0.21043667921632758,96.31,97.33
relaxed,338,ALA,95.96289999999999,0.2455144876302904,95.27,96.42
relaxed,339,ARG,94.26790000000001,0.3259587102810448,92.45,94.73
relaxed,340,ASP,91.4182,0.5137137118841364,89.02,92.34
relaxed,341,LEU,92.1978,0.5284656272567967,90.78,93.08
relaxed,342,MET,93.8141,0.2887524366944309,93.06,94.35
relaxed,343,THR,94.80120000000001,0.25968232340864156,94.07,95.37
relaxed,344,HIS,97.12539999999998,0.11939595445154139,96.74,97.35
relaxed,345,GLY,96.7402,0.19062353824576092,96.14,97.07
relaxed,346,GLU,96.6814,0.13454765217970305,96.25,97.0
relaxed,347,LYS,98.2246,0.0541307806533521,98.05,98.34
relaxed,348,LEU,98.3195,0.07232607141315174,98.09,98.44
relaxed,349,VAL,98.4742,0.04716572972621119,98.35,98.59
relaxed,350,VAL,97.63799999999999,0.11740459268630998,97.31,97.87
relaxed,351,TYR,96.0961,0.26819597463064404,95.48,96.73
relaxed,352,GLY,91.3893,0.3802823379617534,90.17,92.29
relaxed,353,ALA,88.78190000000001,0.9408739704566365,85.11,90.76
relaxed,354,GLY,88.0422,1.0204055244575216,82.69,90.07
relaxed,355,TRP,87.1799,0.9883845558804761,85.47,89.84
relaxed,356,ALA,92.7563,0.3195219124336419,91.98,93.71
relaxed,357,PHE,94.7085,0.23677707625187333,94.24,95.42
relaxed,358,LYS,94.8698,0.22692489746810368,94.31,95.62
relaxed,359,PHE,96.62799999999999,0.18418809007438908,96.18,97.14
relaxed,360,VAL,97.19069999999999,0.13888629896575314,96.78,97.59
relaxed,361,PRO,97.9917,0.0710676871835321,97.78,98.2
relaxed,362,LEU,98.08840000000001,0.07641883526878858,97.9,98.3
relaxed,363,PHE,97.92219999999999,0.07775356044334068,97.72,98.13
relaxed,364,GLY,98.4103,0.03965647946599262,98.3,98.52
relaxed,365,ARG,98.40129999999999,0.032649191367776,98.33,98.49
relaxed,366,ILE,98.43090000000001,0.04872298526290592,98.29,98.55
relaxed,367,CYS,98.67280000000001,0.021323861533669074,98.61,98.73
relaxed,368,ALA,98.689,0.012752500249997495,98.65,98.72
relaxed,369,ASP,98.51729999999999,0.018193960591915567,98.48,98.56
relaxed,370,LEU,98.3794,0.03648218051254022,98.28,98.47
relaxed,371,ALA,98.449,0.02298440402278733,98.39,98.51
relaxed,372,VAL,98.117,0.029180732539044008,98.03,98.18
relaxed,373,GLU,97.1471,0.059565683972155656,96.99,97.28
relaxed,374,ASP,95.9233,0.08876316234733249,95.69,96.15
relaxed,375,SER,96.8467,0.08082972500537437,96.65,97.02
relaxed,376,THR,97.15950000000001,0.10570948372542038,96.89,97.44
relaxed,377,ALA,96.12209999999999,0.15256258858036945,95.69,96.56
relaxed,378,TYR,95.56219999999999,0.3237519314711693,94.81,96.42
relaxed,379,ASP,93.40090000000001,0.407170812690534,92.46,94.51
relaxed,380,ILE,93.56620000000001,0.37219463790448165,92.76,94.64
relaxed,381,SER,91.6819,0.45075625566396876,90.68,92.88
relaxed,382,ARG,91.1067,0.4417574063449371,90.14,92.53
relaxed,383,LEU,93.5431,0.3671503559012064,92.74,94.65
relaxed,384,ALA,92.66059999999999,0.34475820834640397,91.84,93.4
relaxed,385,PRO,88.24950000000001,1.130643309328496,82.38,90.25
relaxed,386,GLN,80.8843,1.9023145153080012,73.45,84.47
relaxed,387,SER,71.4338,5.098820180426373,50.59,77.14
relaxed,388,ALA,70.5523,7.993822470312227,44.75,77.65
relaxed,389,LEU,70.54,9.730059536604008,36.57,78.49
unrelaxed,1,MET,63.681000000000004,0.439801378494034,62.7,64.63
unrelaxed,2,THR,83.2688,0.4866797009462516,82.23,84.38
unrelaxed,3,GLU,94.42569999999999,0.21754950673073994,93.77,94.8
unrelaxed,4,SER,97.5231,0.050306033134177204,97.38,97.62
unrelaxed,5,TYR,98.6883,0.008882510337676718,98.67,98.71
unrelaxed,6,ASP,98.6305,0.011135075167680902,98.6,98.66
unrelaxed,7,VAL,98.88069999999999,0.0053663749214881784,98.87,98.89
unrelaxed,8,VAL,98.8826,0.006295741706611817,98.86,98.89
unrelaxed,9,VAL,98.8825,0.009574271077565071,98.85,98.9
unrelaxed,10,VAL,98.62899999999999,0.03382963855030694,98.52,98.69
unrelaxed,11,GLY,97.4817,0.15610185097809562,97.16,97.89
unrelaxed,12,GLY,96.3643,0.23428056649748796,95.93,96.96
unrelaxed,13,GLY,95.16059999999999,0.28429896058533277,94.7,95.89
unrelaxed,14,PRO,96.2086,0.27826671313034534,95.72,96.91
unrelaxed,15,VAL,97.59360000000001,0.15515726788577505,97.27,97.97
unrelaxed,16,GLY,97.929,0.10959521481848962,97.71,98.18
unrelaxed,17,LEU,98.3177,0.08645492782632554,98.06,98.5
unrelaxed,18,ALA,98.6018,0.04013562864673589,98.47,98.68
unrelaxed,19,THR,98.8257,0.011913408115621329,98.79,98.85
unrelaxed,20,ALA,98.85799999999999,0.009101004495564197,98.83,98.87
unrelaxed,21,TRP,98.6625,0.0199684093942767,98.59,98.7
unrelaxed,22,GLN,98.648,0.014839205511146761,98.6,98.68
unrelaxed,23,VAL,98.8141,0.006681045100603435,98.8,98.83
unrelaxed,24,ALA,98.6816,0.008375047112786275,98.66,98.7
unrelaxed,25,GLU,97.6814,0.039184103146481526,97.58,97.77
unrelaxed,26,ARG,97.9316,0.030007406493137097,97.85,98.0
unrelaxed,27,GLY,98.1504,0.016570632413575665,98.1,98.19
unrelaxed,28,HIS,98.6787,0.009391055275730557,98.65,98.7
unrelaxed,29,ARG,98.6045,0.013586609569571749,98.55,98.63
unrelaxed,30,VAL,98.87450000000001,0.0057515917866944296,98.86,98.88
unrelaxed,31,LEU,98.8037,0.0070574840281870275,98.78,98.82
unrelaxed,32,VAL,98.8335,0.011666666666667295,98.79,98.86
unrelaxed,33,LEU,98.66130000000001,0.026767045923576996,98.56,98.71
unrelaxed,34,GLU,97.7392,0.1272449320298168,97.35,98.01
unrelaxed,35,ARG,96.31200000000001,0.2475292044804157,95.74,97.04
unrelaxed,36,HIS,94.4459,0.312462021934685,93.81,95.3
unrelaxed,37,THR,95.4877,0.3846048871139291,94.73,96.39
unrelaxed,38,PHE,95.21610000000001,0.5245794756398938,91.85,96.28
unrelaxed,39,PHE,94.0095,0.503664099626453,92.73,95.3
unrelaxed,40,ASN,91.63040000000001,0.6518302437496033,90.07,93.59
unrelaxed,41,GLU,87.36229999999999,1.6033278869686363,84.33,91.77
unrelaxed,42,ASN,84.8994,1.3993763546016416,81.97,89.38
unrelaxed,43,GLY,80.6464,2.1158944045753167,75.79,85.54
unrelaxed,44,GLY,78.37060000000001,2.0011011211254885,73.01,82.55
unrelaxed,45,THR,75.4533,2.5586699729162063,69.86,82.0
unrelaxed,46,SER,77.1875,1.7835818999808768,73.82,81.6
unrelaxed,47,GLY,83.66879999999999,1.066284287522885,81.09,86.02
unrelaxed,48,ALA,87.958,1.1148864144708703,85.67,90.28
unrelaxed,49,GLU,92.62379999999999,0.5631993385556262,91.39,93.73
unrelaxed,50,ARG,93.81540000000001,0.43719126480317694,92.93,94.84
unrelaxed,51,HIS,93.2582,0.644141241804886,90.9,94.44
unrelaxed,52,TRP,94.89959999999999,0.388888392496075,94.04,95.72
unrelaxed,53,ARG,92.1257,0.5204606642488019,91.05,93.31
unrelaxed,54,LEU,90.45299999999999,0.8647432035470507,88.17,92.48
unrelaxed,55,GLN,90.4466,0.7444518286984912,88.72,92.86
unrelaxed,56,TYR,92.7518,0.5075358971232365,91.54,94.18
unrelaxed,57,THR,92.3601,0.5237114924008514,90.97,93.85
unrelaxed,58,GLN,91.6417,0.45186941664264807,90.56,92.83
unrelaxed,59,GLU,93.7481,0.28622832942540355,93.19,94.72
unrelaxed,60,ASP,92.72129999999999,0.4493669059483755,91.93,94.21
unrelaxed,61,LEU,92.9912,0.49697728745127034,92.06,94.57
unrelaxed,62,PHE,94.9172,0.25905453581292687,94.39,95.65
unrelaxed,63,ARG,95.2341,0.27306378061330283,94.64,96.14
unrelaxed,64,LEU,95.2775,0.3542965002663887,94.35,96.43
unrelaxed,65,THR,94.82790000000001,0.30837238081988366,94.14,95.78
unrelaxed,66,LEU,95.2535,0.25247612148318604,94.7,96.04
unrelaxed,67,GLU,95.4449,0.24916221238544345,94.85,96.29
unrelaxed,68,THR,97.19049999999999,0.1356791744662298,96.93,97.61
unrelaxed,69,LEU,95.37370000000001,0.24247734456287443,94.65,96.08
unrelaxed,70,PRO,96.83059999999999,0.15631372235981233,96.37,97.17
unrelaxed,71,LEU,97.78,0.12221854907244463,97.39,98.04
unrelaxed,72,TRP,97.89290000000001,0.11826434181719682,97.42,98.11
unrelaxed,73,ARG,97.476,0.23038395707333328,96.56,97.79
unrelaxed,74,ALA,97.42280000000001,0.29408677342415396,96.21,97.76
unrelaxed,75,LEU,98.20110000000001,0.12357384411555346,97.68,98.36
unrelaxed,76,GLU,98.0675,0.17039689260693866,97.42,98.31
unrelaxed,77,SER,97.81569999999999,0.2607535893203278,96.68,98.07
unrelaxed,78,ARG,97.25229999999999,0.22992688780865303,96.42,97.56
unrelaxed,79,CYS,96.4484,0.5805878595236591,94.49,97.14
unrelaxed,80,GLU,95.8873,1.4859149172863626,89.3,97.05
unrelaxed,81,ARG,94.6678,0.6958035540715389,91.63,95.52
unrelaxed,82,ARG,96.2259,0.6084241858267876,94.38,97.05
unrelaxed,83,LEU,97.01180000000001,0.42226273596165104,95.97,97.6
unrelaxed,84,ILE,95.98209999999999,0.43478380788152377,95.04,96.68
unrelaxed,85,HIS,94.6951,0.4807916346605842,93.74,95.43
unrelaxed,86,GLU,93.88719999999999,0.5164722605906316,92.91,94.75
unrelaxed,87,ILE,92.94879999999999,0.5179296001456885,91.76,93.75
unrelaxed,88,GLY,95.31379999999999,0.3287189091185989,94.55,95.83
unrelaxed,89,SER,96.4601,0.2557164425489682,95.88,96.94
unrelaxed,90,LEU,97.5148,0.13260772255343173,97.23,97.85
unrelaxed,91,TRP,97.75200000000001,0.10474596494241735,97.54,98.13
unrelaxed,92,PHE,98.3882,0.06146987436578943,98.23,98.56
unrelaxed,93,GLY,98.2999,0.056720028351206424,98.13,98.44
unrelaxed,94,ASP,97.5225,0.14062899825965428,97.1,97.85
unrelaxed,95,THR,97.7729,0.12885897859146458,97.36,98.1
unrelaxed,96,ASP,96.1027,0.3164061288657937,95.27,96.87
unrelaxed,97,VAL,94.9756,0.4097062756698153,93.83,96.03
unrelaxed,98,VAL,92.2201,0.5091436561779621,90.8,93.73
unrelaxed,99,THR,89.831,0.8079422671643731,87.67,91.82
unrelaxed,100,ASN,83.8946,1.3588701634858742,80.92,86.87
unrelaxed,101,GLU,86.7711,0.870207098304413,84.98,89.59
unrelaxed,102,GLY,90.7546,0.7665117366513384,89.22,92.58
unrelaxed,103,GLN,94.7615,0.3695243325184826,93.96,95.76
unrelaxed,104,ILE,97.6367,0.1672659226767047,97.14,98.11
unrelaxed,105,SER,97.3625,0.15456275898367458,96.87,97.75
unrelaxed,106,GLY,96.76540000000001,0.2406448407798116,96.07,97.44
unrelaxed,107,THR,96.9665,0.21686645800137133,96.42,97.51
unrelaxed,108,ALA,97.8582,0.12435189560032625,97.54,98.16
unrelaxed,109,ALA,97.7917,0.11385845368152198,97.49,98.06
unrelaxed,110,MET,97.3258,0.18378280989287513,96.88,97.72
unrelaxed,111,MET,97.7633,0.10897182473400263,97.5,98.05
unrelaxed,112,ASP,97.93709999999999,0.08937826775830693,97.75,98.17
unrelaxed,113,LYS,97.92389999999999,0.09110871516928543,97.69,98.14
unrelaxed,114,LEU,97.0572,0.1349753438015385,96.8,97.44
unrelaxed,115,SER,96.9676,0.12769218037645397,96.71,97.35
unrelaxed,116,VAL,96.8266,0.16512144291124473,96.5,97.37
unrelaxed,117,ARG,97.02709999999999,0.11941181607438009,96.77,97.41
unrelaxed,118,TYR,98.17739999999999,0.06319154783016037,98.04,98.37
unrelaxed,119,GLU,98.1512,0.039396456796020586,98.07,98.28
unrelaxed,120,TRP,98.551,0.023973891522807107,98.5,98.6
unrelaxed,121,LEU,98.4957,0.023794363138602274,98.45,98.55
unrelaxed,122,LYS,98.5024,0.02108759987971368,98.46,98.55
unrelaxed,123,ALA,98.15700000000001,0.03862536979653372,98.06,98.26
unrelaxed,124,THR,97.44959999999999,0.05216368952681291,97.33,97.59
unrelaxed,125,ASP,97.15100000000001,0.05388914922357594,97.04,97.3
unrelaxed,126,ILE,97.415,0.06214190342768842,97.23,97.54
unrelaxed,127,GLU,96.62,0.07638287395969953,96.4,96.78
unrelaxed,128,ARG,94.9454,0.0903239959391923,94.69,95.19
unrelaxed,129,ARG,95.0423,0.11293919880299584,94.63,95.24
unrelaxed,130,PHE,95.17479999999999,0.1361407471343631,94.77,95.44
unrelaxed,131,GLY,93.8377,0.13617320373017985,93.47,94.2
unrelaxed,132,PHE,96.3662,0.13209867753335175,96.01,96.63
unrelaxed,133,ARG,96.6391,0.07377408868712894,96.47,96.85
unrelaxed,134,GLY,97.2392,0.06188421903569103,97.09,97.37
unrelaxed,135,LEU,97.85780000000001,0.054282835801253385,97.74,98.01
unrelaxed,136,PRO,97.0766,0.08134252307745071,96.85,97.29
unrelaxed,137,ARG,96.2422,0.1360746972523653,95.83,96.6
unrelaxed,138,ASP,96.56909999999999,0.10701736855163914,96.29,96.85
unrelaxed,139,TYR,98.01809999999999,0.05858077389986209,97.88,98.16
unrelaxed,140,GLU,98.5547,0.031057294723710535,98.44,98.63
unrelaxed,141,GLY,98.31569999999999,0.0436064817719242,98.22,98.44
unrelaxed,142,PHE,98.1899,0.07168245069313976,98.06,98.41
unrelaxed,143,LEU,97.81479999999999,0.09014556130072365,97.63,98.09
unrelaxed,144,GLN,97.24959999999999,0.13813271323132137,96.91,97.58
unrelaxed,145,PRO,95.531,0.23870653129063427,94.99,95.99
unrelaxed,146,ASP,94.5116,0.32311213927281573,93.7,95.06
unrelaxed,147,GLY,94.7924,0.36106497918230884,94.02,95.42
unrelaxed,148,GLY,94.1185,0.3384169175750696,93.2,94.79
unrelaxed,149,THR,94.9226,0.30273707631166946,94.25,95.48
unrelaxed,150,ILE,95.9783,0.4421322417466533,95.09,96.75
unrelaxed,151,ASP,95.6268,0.5116419992079773,94.64,96.52
unrelaxed,152,VAL,94.8346,0.43871119788707713,94.01,95.87
unrelaxed,153,ARG,93.7593,0.48093607168781083,92.6,94.66
unrelaxed,154,GLY,95.5316,0.42403239822857186,94.58,96.33
unrelaxed,155,THR,97.3022,0.2869891772851158,96.58,97.88
unrelaxed,156,LEU,96.6409,0.34460662685550375,95.72,97.41
unrelaxed,157,ALA,96.45620000000001,0.30659017491357504,95.66,97.12
unrelaxed,158,ALA,98.0325,0.12330773690161562,97.66,98.26
unrelaxed,159,LEU,98.37129999999999,0.08092464383485269,98.11,98.51
unrelaxed,160,PHE,98.2546,0.1024785762286858,97.95,98.45
unrelaxed,161,THR,98.2403,0.09146898795534938,97.92,98.37
unrelaxed,162,LEU,98.4206,0.06356131216424252,98.18,98.51
unrelaxed,163,ALA,98.5966,0.03124423179087544,98.49,98.65
unrelaxed,164,GLN,98.0635,0.05301753092948192,97.94,98.18
unrelaxed,165,ALA,98.1475,0.05174480894278488,97.95,98.23
unrelaxed,166,ALA,98.32620000000001,0.03389764748549114,98.21,98.39
unrelaxed,167,GLY,98.3769,0.013976531556271798,98.33,98.41
unrelaxed,168,ALA,98.7263,0.013532975066161643,98.67,98.75
unrelaxed,169,THR,98.6374,0.012359922199096042,98.6,98.67
unrelaxed,170,LEU,98.40899999999999,0.025917507050587513,98.31,98.46
unrelaxed,171,ARG,98.07860000000001,0.03910669166950179,97.99,98.18
unrelaxed,172,ALA,97.53280000000001,0.08950007053775419,97.29,97.7
unrelaxed,173,GLY,97.3234,0.11362013621508786,97.04,97.6
unrelaxed,174,GLU,97.9416,0.061721433501946414,97.75,98.08
unrelaxed,175,THR,97.885,0.08270062840991013,97.6,98.05
unrelaxed,176,VAL,98.6083,0.026478693550124326,98.5,98.66
unrelaxed,177,THR,97.9147,0.07638889072543517,97.61,98.08
unrelaxed,178,GLU,98.3043,0.04250383226928866,98.14,98.39
unrelaxed,179,LEU,98.5608,0.0268056981730655,98.46,98.61
unrelaxed,180,VAL,98.1968,0.025776036165479795,98.12,98.25
unrelaxed,181,PRO,98.3585,0.024878492597813634,98.27,98.4
unrelaxed,182,ASP,97.9933,0.03544963705987136,97.87,98.07
unrelaxed,183,ALA,97.03219999999999,0.08301855701034999,96.74,97.2
unrelaxed,184,ASP,96.7414,0.07446808007123135,96.48,96.89
unrelaxed,185,GLY,98.1727,0.02394670007421567,98.09,98.22
unrelaxed,186,VAL,98.7136,0.011592404340077661,98.67,98.73
unrelaxed,187,SER,98.6127,0.010717209798198988,98.59,98.64
unrelaxed,188,VAL,98.7413,0.011516786167866956,98.7,98.76
unrelaxed,189,THR,98.47540000000001,0.02100601164553742,98.43,98.53
unrelaxed,190,THR,98.42380000000001,0.028312113265807674,98.34,98.48
unrelaxed,191,ASP,97.5335,0.04641436123973693,97.41,97.66
unrelaxed,192,ARG,96.67530000000001,0.06515645506289874,96.51,96.8
unrelaxed,193,GLY,95.92020000000001,0.08400312644494269,95.7,96.09
unrelaxed,194,THR,97.9099,0.048000315655528494,97.8,98.02
unrelaxed,195,TYR,98.41210000000001,0.018438815010457445,98.35,98.47
unrelaxed,196,ARG,98.61229999999999,0.010527021507443442,98.59,98.63
unrelaxed,197,ALA,98.6972,0.011813363431111678,98.66,98.71
unrelaxed,198,GLY,98.4716,0.013537825795625532,98.44,98.5
unrelaxed,199,LYS,98.6706,0.01674647558277288,98.62,98.71
unrelaxed,200,VAL,98.8532,0.009307323064463868,98.83,98.87
unrelaxed,201,VAL,98.82520000000001,0.013888444437331369,98.79,98.86
unrelaxed,202,LEU,98.4094,0.05760927254208545,98.25,98.54
unrelaxed,203,ALA,97.14209999999999,0.19052980360197289,96.56,97.54
unrelaxed,204,CYS,94.8532,0.767001086483368,91.53,95.95
unrelaxed,205,GLY,93.12129999999999,0.3521783725054774,92.04,94.1
unrelaxed,206,PRO,93.7901,0.43816766082162983,93.07,95.11
unrelaxed,207,TYR,95.63680000000001,0.2838902903758735,95.0,96.48
unrelaxed,208,THR,95.9711,0.2492165299250411,95.25,96.63
unrelaxed,209,ASN,95.78030000000001,0.1948449526047693,95.14,96.26
unrelaxed,210,ASP,96.5291,0.17235794912409108,95.94,96.95
unrelaxed,211,LEU,97.2871,0.13870464951824796,96.69,97.56
unrelaxed,212,LEU,96.7129,0.19267544805404777,95.9,97.06
unrelaxed,213,GLU,96.0336,0.19321061936224773,95.36,96.44
unrelaxed,214,PRO,96.32620000000001,0.1720158555059797,95.75,96.81
unrelaxed,215,LEU,96.15350000000001,0.18854774600947088,95.52,96.57
unrelaxed,216,GLY,94.9474,0.306121452097601,94.04,95.47
unrelaxed,217,ALA,95.2922,0.3865819656445648,94.13,95.95
unrelaxed,218,ARG,94.8057,0.4061503304308532,93.4,95.46
unrelaxed,219,LEU,94.88860000000001,0.27642384378729284,94.05,95.5
unrelaxed,220,ALA,94.3488,0.23056925601255363,93.57,94.94
unrelaxed,221,TYR,94.7058,0.2914477273505114,93.99,95.31
unrelaxed,222,SER,94.9633,0.19935276585120418,94.55,95.39
unrelaxed,223,VAL,95.7058,0.25555319278661964,95.27,96.5
unrelaxed,224,TYR,95.08940000000001,0.24556189945642523,94.67,95.65
unrelaxed,225,GLU,94.6813,0.29677272533885374,94.03,95.48
unrelaxed,226,MET,93.6778,0.313927804863902,93.11,94.48
unrelaxed,227,ALA,94.3936,0.22637467824272106,93.86,95.11
unrelaxed,228,ILE,94.0599,0.27719553321863694,93.37,94.83
unrelaxed,229,ALA,95.0222,0.3997362261605123,94.3,95.86
unrelaxed,230,ALA,94.7102,0.5340581816751252,93.82,95.55
unrelaxed,231,TYR,95.3435,0.5663000150721406,94.47,96.21
unrelaxed,232,ARG,94.4139,0.64037535552174,93.32,95.27
unrelaxed,233,GLN,92.93950000000001,0.4748660098098485,91.88,93.82
unrelaxed,234,ALA,91.34469999999999,0.2880076282659782,90.47,92.05
unrelaxed,235,THR,89.6892,0.42901267905258605,88.6,90.51
unrelaxed,236,PRO,86.0967,0.49549292873283596,84.71,87.4
unrelaxed,237,VAL,86.2116,0.48059247945960554,84.83,87.19
unrelaxed,238,THR,81.7194,0.6372919664526212,79.99,83.19
unrelaxed,239,GLU,87.7306,0.6062166496085601,85.86,89.22
unrelaxed,240,ALA,90.3566,0.4614606147764921,88.83,91.32
unrelaxed,241,PRO,94.6781,0.33141781436242806,93.88,95.49
unrelaxed,242,PHE,94.2807,0.4382016854962103,93.3,95.35
unrelaxed,243,TRP,96.3875,0.23839689764777094,95.88,97.04
unrelaxed,244,PHE,97.25959999999999,0.18510668504536829,96.72,97.9
unrelaxed,245,ALA,97.62020000000001,0.13072432246850085,97.19,97.95
unrelaxed,246,PHE,97.5858,0.16681920292534194,97.1,98.0
unrelaxed,247,GLN,96.41860000000001,0.3219198093258054,95.56,97.23
unrelaxed,248,GLN,95.78,0.34708308323320236,94.86,96.59
unrelaxed,249,PRO,95.3768,0.3552659552925106,94.34,96.23
unrelaxed,250,THR,94.7275,0.3160020937150945,93.88,95.42
unrelaxed,251,PRO,93.5437,0.33528415507814524,92.54,94.22
unrelaxed,252,GLN,91.6399,0.4188042019798264,90.45,92.91
unrelaxed,253,ASP,94.1674,0.31243139044816354,93.34,94.96
unrelaxed,254,THR,93.57690000000001,0.4450052661134269,92.42,94.71
unrelaxed,255,ASN,95.72059999999999,0.27823694574912144,94.97,96.41
unrelaxed,256,LEU,96.7102,0.28682863641321854,95.78,97.24
unrelaxed,257,PHE,97.0227,0.14325829607370252,96.56,97.36
unrelaxed,258,TYR,96.65629999999999,0.1896496237749508,96.2,97.04
unrelaxed,259,GLY,95.42129999999999,0.2849868152186785,94.91,95.99
unrelaxed,260,PHE,93.2202,0.4903513067591495,92.18,94.08
unrelaxed,261,GLY,85.471,0.9170555648873767,83.55,87.64
unrelaxed,262,HIS,84.81209999999999,1.5996649238783958,81.58,86.9
unrelaxed,263,ASN,84.787,2.0218560829599195,80.58,88.46
unrelaxed,264,PRO,83.8991,3.089434943922152,76.97,87.94
unrelaxed,265,TRP,86.991,2.682699718152923,81.28,90.59
unrelaxed,266,ALA,80.0574,3.6258796550254195,72.89,85.78
unrelaxed,267,PRO,72.5512,2.907620179994476,63.05,77.05
unrelaxed,268,GLY,77.4918,5.508870052245311,67.75,83.54
unrelaxed,269,GLU,86.01389999999999,1.7157681643915055,81.91,88.21
unrelaxed,270,PHE,91.20270000000001,1.0669714100663557,89.15,92.6
unrelaxed,271,VAL,92.7818,0.8566464801300474,90.91,93.9
unrelaxed,272,ARG,94.0548,0.4610692009674993,93.21,94.85
unrelaxed,273,CYS,95.458,0.35307308883658467,94.76,96.19
unrelaxed,274,GLY,95.9183,0.18502009172907427,95.56,96.51
unrelaxed,275,PRO,96.0855,0.18568668626087936,95.64,96.57
unrelaxed,276,ASP,94.6438,0.20824800676892755,94.13,95.18
unrelaxed,277,PHE,94.677,0.23605982806111472,93.93,95.18
unrelaxed,278,GLU,92.0078,0.44384131298371754,90.64,93.07
unrelaxed,279,VAL,92.5659,0.2799534412950285,91.71,93.23
unrelaxed,280,ASP,93.48010000000001,0.20739117871814297,92.54,94.05
unrelaxed,281,PRO,95.5394,0.1272539813034375,95.22,95.85
unrelaxed,282,LEU,96.2789,0.17382735542758943,95.96,96.81
unrelaxed,283,ASP,95.0625,0.15717438684082014,94.67,95.61
unrelaxed,284,HIS,95.5768,0.19323341200514607,95.23,96.23
unrelaxed,285,PRO,93.2658,0.34378223081221365,92.74,94.52
unrelaxed,286,SER,93.4849,0.25031089759446123,93.02,94.45
unrelaxed,287,ALA,95.5623,0.18135213249255064,95.16,96.24
unrelaxed,288,ALA,94.12190000000001,0.33022090861247433,93.55,95.21
unrelaxed,289,THR,93.90639999999999,0.20536992983591418,93.49,94.71
unrelaxed,290,GLY,92.31569999999999,0.3018102119551376,91.75,93.33
unrelaxed,291,VAL,94.3539,0.21687353760459463,93.88,95.13
unrelaxed,292,ALA,94.9367,0.20899497359960267,94.43,95.6
unrelaxed,293,ASP,95.42200000000001,0.1685649471691585,94.97,95.87
unrelaxed,294,ARG,95.31389999999999,0.10545615202538049,95.01,95.56
unrelaxed,295,ARG,95.2408,0.1137219717938744,94.88,95.52
unrelaxed,296,GLN,96.0104,0.1645128713763304,95.61,96.54
unrelaxed,297,MET,96.6752,0.10061909371586664,96.35,96.95
unrelaxed,298,ASP,96.8583,0.09812437994399782,96.64,97.16
unrelaxed,299,ARG,96.9976,0.09636965866449215,96.66,97.27
unrelaxed,300,LEU,97.4166,0.0785373873522763,97.21,97.63
unrelaxed,301,SER,97.4886,0.08843213456793995,97.27,97.67
unrelaxed,302,GLY,97.4885,0.06137111813723097,97.36,97.64
unrelaxed,303,TRP,97.38780000000001,0.06923215227833551,97.22,97.55
unrelaxed,304,LEU,97.3354,0.0798030403714387,97.17,97.51
unrelaxed,305,ARG,97.39229999999999,0.06046712104336484,97.23,97.54
unrelaxed,306,ASP,97.2748,0.05250262138717588,97.17,97.4
unrelaxed,307,HIS,97.4004,0.06928086592875748,97.27,97.55
unrelaxed,308,LEU,96.1567,0.15293792891565516,95.81,96.49
unrelaxed,309,PRO,94.96,0.15144422582374661,94.61,95.26
unrelaxed,310,THR,93.66770000000001,0.28730673785374516,92.99,94.21
unrelaxed,311,VAL,95.2289,0.3360041335724571,94.54,95.89
unrelaxed,312,ASP,96.01979999999999,0.3273831968439392,95.39,96.55
unrelaxed,313,PRO,95.91159999999999,0.1906910346793225,95.28,96.33
unrelaxed,314,ASP,96.3819,0.146733421447526,96.05,96.71
unrelaxed,315,PRO,95.9967,0.27774363224478305,95.52,96.56
unrelaxed,316,VAL,95.0933,0.5372565081556073,94.13,96.01
unrelaxed,317,ARG,94.045,0.4658987187808272,93.25,94.89
unrelaxed,318,THR,94.55860000000001,0.2714347215829371,94.03,95.38
unrelaxed,319,SER,92.72319999999999,0.37134448598670033,91.89,93.96
unrelaxed,320,THR,93.22409999999999,0.39470253471328354,92.41,94.62
unrelaxed,321,CYS,92.15549999999999,0.4392472325617232,91.3,93.76
unrelaxed,322,LEU,93.6523,0.4299961357590073,92.77,94.9
unrelaxed,323,ALA,93.2397,0.40767746956622297,92.49,94.34
unrelaxed,324,VAL,94.33,0.3024512649614266,93.8,95.11
unrelaxed,325,LEU,93.23729999999999,0.3396636928528322,92.61,94.2
unrelaxed,326,PRO,93.008,0.34924738706787417,92.12,93.96
unrelaxed,327,THR,91.3838,0.40414963725448055,90.33,92.23
unrelaxed,328,ASP,88.4773,0.6466305128912627,87.23,90.08
unrelaxed,329,PRO,80.225,1.995676387199146,76.8,84.82
unrelaxed,330,GLU,82.7817,1.2074692249879206,80.56,86.23
unrelaxed,331,ARG,87.5432,1.4614085359990576,81.61,89.6
unrelaxed,332,GLN,89.1045,0.984884113574644,86.62,91.58
unrelaxed,333,PHE,93.68979999999999,0.36327628131444994,92.92,94.85
unrelaxed,334,PHE,95.3758,0.2381162605437797,94.7,96.13
unrelaxed,335,LEU,96.7733,0.21112519623400822,96.24,97.29
unrelaxed,336,GLY,97.2266,0.16232664412824982,96.74,97.56
unrelaxed,337,THR,96.9518,0.21043667921632758,96.31,97.33
unrelaxed,338,ALA,95.96289999999999,0.2455144876302904,95.27,96.42
unrelaxed,339,ARG,94.26790000000001,0.3259587102810448,92.45,94.73
unrelaxed,340,ASP,91.4182,0.5137137118841364,89.02,92.34
unrelaxed,341,LEU,92.1978,0.5284656272567967,90.78,93.08
unrelaxed,342,MET,93.8141,0.2887524366944309,93.06,94.35
unrelaxed,343,THR,94.80120000000001,0.25968232340864156,94.07,95.37
unrelaxed,344,HIS,97.12539999999998,0.11939595445154139,96.74,97.35
unrelaxed,345,GLY,96.7402,0.19062353824576092,96.14,97.07
unrelaxed,346,GLU,96.6814,0.13454765217970305,96.25,97.0
unrelaxed,347,LYS,98.2246,0.0541307806533521,98.05,98.34
unrelaxed,348,LEU,98.3195,0.07232607141315174,98.09,98.44
unrelaxed,349,VAL,98.4742,0.04716572972621119,98.35,98.59
unrelaxed,350,VAL,97.63799999999999,0.11740459268630998,97.31,97.87
unrelaxed,351,TYR,96.0961,0.26819597463064404,95.48,96.73
unrelaxed,352,GLY,91.3893,0.3802823379617534,90.17,92.29
unrelaxed,353,ALA,88.78190000000001,0.9408739704566365,85.11,90.76
unrelaxed,354,GLY,88.0422,1.0204055244575216,82.69,90.07
unrelaxed,355,TRP,87.1799,0.9883845558804761,85.47,89.84
unrelaxed,356,ALA,92.7563,0.3195219124336419,91.98,93.71
unrelaxed,357,PHE,94.7085,0.23677707625187333,94.24,95.42
unrelaxed,358,LYS,94.8698,0.22692489746810368,94.31,95.62
unrelaxed,359,PHE,96.62799999999999,0.18418809007438908,96.18,97.14
unrelaxed,360,VAL,97.19069999999999,0.13888629896575314,96.78,97.59
unrelaxed,361,PRO,97.9917,0.0710676871835321,97.78,98.2
unrelaxed,362,LEU,98.08840000000001,0.07641883526878858,97.9,98.3
unrelaxed,363,PHE,97.92219999999999,0.07775356044334068,97.72,98.13
unrelaxed,364,GLY,98.4103,0.03965647946599262,98.3,98.52
unrelaxed,365,ARG,98.40129999999999,0.032649191367776,98.33,98.49
unrelaxed,366,ILE,98.43090000000001,0.04872298526290592,98.29,98.55
unrelaxed,367,CYS,98.67280000000001,0.021323861533669074,98.61,98.73
unrelaxed,368,ALA,98.689,0.012752500249997495,98.65,98.72
unrelaxed,369,ASP,98.51729999999999,0.018193960591915567,98.48,98.56
unrelaxed,370,LEU,98.3794,0.03648218051254022,98.28,98.47
unrelaxed,371,ALA,98.449,0.02298440402278733,98.39,98.51
unrelaxed,372,VAL,98.117,0.029180732539044008,98.03,98.18
unrelaxed,373,GLU,97.1471,0.059565683972155656,96.99,97.28
unrelaxed,374,ASP,95.9233,0.08876316234733249,95.69,96.15
unrelaxed,375,SER,96.8467,0.08082972500537437,96.65,97.02
unrelaxed,376,THR,97.15950000000001,0.10570948372542038,96.89,97.44
unrelaxed,377,ALA,96.12209999999999,0.15256258858036945,95.69,96.56
unrelaxed,378,TYR,95.56219999999999,0.3237519314711693,94.81,96.42
unrelaxed,379,ASP,93.40090000000001,0.407170812690534,92.46,94.51
unrelaxed,380,ILE,93.56620000000001,0.37219463790448165,92.76,94.64
unrelaxed,381,SER,91.6819,0.45075625566396876,90.68,92.88
unrelaxed,382,ARG,91.1067,0.4417574063449371,90.14,92.53
unrelaxed,383,LEU,93.5431,0.3671503559012064,92.74,94.65
unrelaxed,384,ALA,92.66059999999999,0.34475820834640397,91.84,93.4
unrelaxed,385,PRO,88.24950000000001,1.130643309328496,82.38,90.25
unrelaxed,386,GLN,80.8843,1.9023145153080012,73.45,84.47
unrelaxed,387,SER,71.4338,5.098820180426373,50.59,77.14
unrelaxed,388,ALA,70.5523,7.993822470312227,44.75,77.65
unrelaxed,389,LEU,70.54,9.730059536604008,36.57,78.49
