model,repeat,seed,matched_residues,ca_rmsd_angstrom,mean_ca_error_angstrom,median_ca_error_angstrom,max_ca_error_angstrom,mean_plddt,pearson_plddt_vs_error,spearman_plddt_vs_error,pdb_path
AlphaFold,1,1001,388,1.5684270724920646,1.395299670613757,1.263470840769668,4.0771403248732,94.95530927835053,-0.16133912298436864,-0.27651516941958915,/users/sgsrehm1/COMP702_BeyondAF/code/COMP390_code/Result/reproduction_2olo_3models_20260715_123247/alphafold_params/repeat_1/predictions/2olo_A_model_1_unrelaxed.pdb
AlphaFold,2,1002,388,1.5399772194048824,1.3668168971032573,1.2132210522541818,4.119684869531018,94.81231958762886,-0.15447663586958632,-0.2648134243695672,/users/sgsrehm1/COMP702_BeyondAF/code/COMP390_code/Result/reproduction_2olo_3models_20260715_123247/alphafold_params/repeat_2/predictions/2olo_A_model_1_unrelaxed.pdb
AlphaFold,3,1003,388,1.5573628920859115,1.3811561241522827,1.225322496434992,4.135475072299752,94.61123711340205,-0.2286196945816447,-0.2791289804739092,/users/sgsrehm1/COMP702_BeyondAF/code/COMP390_code/Result/reproduction_2olo_3models_20260715_123247/alphafold_params/repeat_3/predictions/2olo_A_model_1_unrelaxed.pdb
AlphaFold,4,1004,388,1.500431004084853,1.327994905686583,1.1768611291274982,4.104766019385455,94.92706185567009,-0.18289996511734374,-0.31193077468865726,/users/sgsrehm1/COMP702_BeyondAF/code/COMP390_code/Result/reproduction_2olo_3models_20260715_123247/alphafold_params/repeat_4/predictions/2olo_A_model_1_unrelaxed.pdb
AlphaFold,5,1005,388,1.5585548529608761,1.378221483927502,1.2228480732315075,4.0065930824739135,94.91167525773194,-0.15770594975861896,-0.28573414032558725,/users/sgsrehm1/COMP702_BeyondAF/code/COMP390_code/Result/reproduction_2olo_3models_20260715_123247/alphafold_params/repeat_5/predictions/2olo_A_model_1_unrelaxed.pdb
OpenFold,1,1001,388,1.6754724343135248,1.4678158580628429,1.3092122621628082,4.997250029431639,94.10940721649484,-0.36485768317700035,-0.31449451775819576,/users/sgsrehm1/COMP702_BeyondAF/code/COMP390_code/Result/reproduction_2olo_3models_20260715_123247/openfold_official/repeat_1/predictions/2olo_A_model_1_unrelaxed.pdb
OpenFold,2,1002,388,1.7048428176601766,1.5111284625702077,1.3695440978382152,4.624869678171179,94.1766237113402,-0.34523519207817177,-0.3007776009859105,/users/sgsrehm1/COMP702_BeyondAF/code/COMP390_code/Result/reproduction_2olo_3models_20260715_123247/openfold_official/repeat_2/predictions/2olo_A_model_1_unrelaxed.pdb
OpenFold,3,1003,388,1.6962155038607327,1.5045940565460234,1.3565419658515738,4.8310064398290065,94.27546391752577,-0.3299530401136777,-0.3381960824643981,/users/sgsrehm1/COMP702_BeyondAF/code/COMP390_code/Result/reproduction_2olo_3models_20260715_123247/openfold_official/repeat_3/predictions/2olo_A_model_1_unrelaxed.pdb
OpenFold,4,1004,388,1.675275873432478,1.4885020958831463,1.3277827737954142,4.819159444626985,94.33079896907216,-0.37230890930791194,-0.3355654847147299,/users/sgsrehm1/COMP702_BeyondAF/code/COMP390_code/Result/reproduction_2olo_3models_20260715_123247/openfold_official/repeat_4/predictions/2olo_A_model_1_unrelaxed.pdb
OpenFold,5,1005,388,1.6848715119245328,1.5014506204577602,1.3490761014405745,4.1076789451955,94.20237113402062,-0.33704744188124963,-0.3553121262908793,/users/sgsrehm1/COMP702_BeyondAF/code/COMP390_code/Result/reproduction_2olo_3models_20260715_123247/openfold_official/repeat_5/predictions/2olo_A_model_1_unrelaxed.pdb
Retrained_epoch_32,1,1001,388,3.5958254142385213,2.945369417342445,2.4644109630797293,19.840605124682693,71.39796391752577,-0.650128584184677,-0.5897880258258358,/users/sgsrehm1/COMP702_BeyondAF/code/COMP390_code/Result/reproduction_2olo_3models_20260715_123247/trained_model_epoch_32/repeat_1/predictions/2olo_A_model_1_unrelaxed.pdb
Retrained_epoch_32,2,1002,388,3.252459843227776,2.740085480858199,2.392938419880527,17.524776073313223,71.5884793814433,-0.5002813240780561,-0.39285100160318515,/users/sgsrehm1/COMP702_BeyondAF/code/COMP390_code/Result/reproduction_2olo_3models_20260715_123247/trained_model_epoch_32/repeat_2/predictions/2olo_A_model_1_unrelaxed.pdb
Retrained_epoch_32,3,1003,388,3.773710002827426,3.0234605976182807,2.5463197554387538,22.235368417469317,72.14213917525774,-0.6096237191692494,-0.49086681278440364,/users/sgsrehm1/COMP702_BeyondAF/code/COMP390_code/Result/reproduction_2olo_3models_20260715_123247/trained_model_epoch_32/repeat_3/predictions/2olo_A_model_1_unrelaxed.pdb
Retrained_epoch_32,4,1004,388,4.152082234180678,3.3616073192323133,2.7943433543829945,23.63360178004529,70.27175257731959,-0.6593752850634833,-0.6095272149724272,/users/sgsrehm1/COMP702_BeyondAF/code/COMP390_code/Result/reproduction_2olo_3models_20260715_123247/trained_model_epoch_32/repeat_4/predictions/2olo_A_model_1_unrelaxed.pdb
Retrained_epoch_32,5,1005,388,3.3636249118320354,2.60980865209757,2.2340323140818574,20.515224471271388,72.27899484536083,-0.5536629543152607,-0.39129841456722914,/users/sgsrehm1/COMP702_BeyondAF/code/COMP390_code/Result/reproduction_2olo_3models_20260715_123247/trained_model_epoch_32/repeat_5/predictions/2olo_A_model_1_unrelaxed.pdb
