descriptor,residue_id,residue_label,number_of_values,valley_value,peak_value,raw_range,circular_difference_deg,ranking_difference,standard_deviation_sample,standard_deviation_population,mean,median,valley_repeat,peak_repeat,valley_invariant_file,peak_invariant_file,valley_structure_stem,peak_structure_stem,is_tau_descriptor,possible_wraparound,wraparound_reduction_deg,rank_within_descriptor
TP(AC)_x,38,F,100,-1.39,1.55,2.94,,2.94,0.40681462782714856,0.404775443919218,-1.3178000000000003,-1.38,1,2,2olo_A_model_1_relaxed_repeat001_inv.csv,2olo_A_model_1_relaxed_repeat002_inv.csv,2olo_A_model_1_relaxed_repeat001,2olo_A_model_1_relaxed_repeat002,False,False,,3
TP(AC)_x,39,F,100,1.19,1.48,0.29000000000000004,,0.29000000000000004,0.03638681079732051,0.03620441961970942,1.4518,1.46,44,89,2olo_A_model_1_relaxed_repeat044_inv.csv,2olo_A_model_1_relaxed_repeat089_inv.csv,2olo_A_model_1_relaxed_repeat044,2olo_A_model_1_relaxed_repeat089,False,False,,28
TP(AC)_x,43,G,100,-1.53,1.52,3.05,,3.05,0.5911941689957246,0.588230771041434,-1.3616,-1.495,1,43,2olo_A_model_1_relaxed_repeat001_inv.csv,2olo_A_model_1_relaxed_repeat043_inv.csv,2olo_A_model_1_relaxed_repeat001,2olo_A_model_1_relaxed_repeat043,False,False,,1
TP(AC)_x,268,G,100,-1.5,1.53,3.0300000000000002,,3.0300000000000002,1.4461675545937256,1.438918548771959,-0.3221,-1.475,32,96,2olo_A_model_1_relaxed_repeat032_inv.csv,2olo_A_model_1_relaxed_repeat096_inv.csv,2olo_A_model_1_relaxed_repeat032,2olo_A_model_1_relaxed_repeat096,False,False,,2
TP(AC)_x,386,Q,100,-1.36,1.53,2.89,,2.89,0.6727957950360435,0.6694233637990237,-0.9794000000000002,-1.15,74,15,2olo_A_model_1_relaxed_repeat074_inv.csv,2olo_A_model_1_relaxed_repeat015_inv.csv,2olo_A_model_1_relaxed_repeat074,2olo_A_model_1_relaxed_repeat015,False,False,,4
TP(AC)_y,38,F,100,-0.45,0.73,1.18,,1.18,0.13058883736539056,0.1299342526049232,0.6702999999999997,0.69,44,53,2olo_A_model_1_relaxed_repeat044_inv.csv,2olo_A_model_1_relaxed_repeat053_inv.csv,2olo_A_model_1_relaxed_repeat044,2olo_A_model_1_relaxed_repeat053,False,False,,6
TP(AC)_y,39,F,100,0.42,0.97,0.55,,0.55,0.07072181952958902,0.07036732196126268,0.5037999999999999,0.49,29,44,2olo_A_model_1_relaxed_repeat029_inv.csv,2olo_A_model_1_relaxed_repeat044_inv.csv,2olo_A_model_1_relaxed_repeat029,2olo_A_model_1_relaxed_repeat044,False,False,,17
TP(AC)_y,43,G,100,-0.68,0.3,0.98,,0.98,0.20789187166176148,0.2068498005800344,-0.31539999999999996,-0.29,69,34,2olo_A_model_1_relaxed_repeat069_inv.csv,2olo_A_model_1_relaxed_repeat034_inv.csv,2olo_A_model_1_relaxed_repeat069,2olo_A_model_1_relaxed_repeat034,False,False,,9
TP(AC)_y,268,G,100,-0.98,0.94,1.92,,1.92,0.34050609985784985,0.33879929161673283,0.1348,0.27,21,4,2olo_A_model_1_relaxed_repeat021_inv.csv,2olo_A_model_1_relaxed_repeat004_inv.csv,2olo_A_model_1_relaxed_repeat021,2olo_A_model_1_relaxed_repeat004,False,False,,4
TP(AC)_y,386,Q,100,-0.67,1.02,1.69,,1.69,0.3433211971965093,0.34160027810293125,0.8994999999999999,1.0,65,81,2olo_A_model_1_relaxed_repeat065_inv.csv,2olo_A_model_1_relaxed_repeat081_inv.csv,2olo_A_model_1_relaxed_repeat065,2olo_A_model_1_relaxed_repeat081,False,False,,5
TP(CN)_x,38,F,100,-1.34,-1.33,0.010000000000000009,,0.010000000000000009,0.0014070529413628982,0.0014000000000000013,-1.3302000000000005,-1.33,2,100,2olo_A_model_1_relaxed_repeat002_inv.csv,2olo_A_model_1_relaxed_repeat100_inv.csv,2olo_A_model_1_relaxed_repeat002,2olo_A_model_1_relaxed_repeat100,False,False,,74
TP(CN)_x,39,F,100,-1.33,-1.32,0.010000000000000009,,0.010000000000000009,0.004923659639173314,0.00489897948556636,-1.324,-1.32,2,100,2olo_A_model_1_relaxed_repeat002_inv.csv,2olo_A_model_1_relaxed_repeat100_inv.csv,2olo_A_model_1_relaxed_repeat002,2olo_A_model_1_relaxed_repeat100,False,False,,74
TP(CN)_x,43,G,100,-1.34,-1.32,0.020000000000000018,,0.020000000000000018,0.00548275533473874,0.005455272678794348,-1.3267999999999998,-1.33,34,92,2olo_A_model_1_relaxed_repeat034_inv.csv,2olo_A_model_1_relaxed_repeat092_inv.csv,2olo_A_model_1_relaxed_repeat034,2olo_A_model_1_relaxed_repeat092,False,False,,37
TP(CN)_x,268,G,100,-1.33,-1.18,0.15000000000000013,,0.15000000000000013,0.021160999002596253,0.021054928164208987,-1.3187,-1.32,1,7,2olo_A_model_1_relaxed_repeat001_inv.csv,2olo_A_model_1_relaxed_repeat007_inv.csv,2olo_A_model_1_relaxed_repeat001,2olo_A_model_1_relaxed_repeat007,False,False,,3
TP(CN)_x,386,Q,100,-1.33,-1.31,0.020000000000000018,,0.020000000000000018,0.0038924947208076183,0.0038729833462074204,-1.329,-1.33,1,52,2olo_A_model_1_relaxed_repeat001_inv.csv,2olo_A_model_1_relaxed_repeat052_inv.csv,2olo_A_model_1_relaxed_repeat001,2olo_A_model_1_relaxed_repeat052,False,False,,37
TP(CN)_y,38,F,100,-0.05,0.01,0.060000000000000005,,0.060000000000000005,0.00862870473793984,0.00858545281275251,-0.027700000000000006,-0.03,44,2,2olo_A_model_1_relaxed_repeat044_inv.csv,2olo_A_model_1_relaxed_repeat002_inv.csv,2olo_A_model_1_relaxed_repeat044,2olo_A_model_1_relaxed_repeat002,False,False,,175
TP(CN)_y,39,F,100,0.03,0.21,0.18,,0.18,0.023603629236439747,0.023485314560380065,0.17619999999999997,0.18,2,34,2olo_A_model_1_relaxed_repeat002_inv.csv,2olo_A_model_1_relaxed_repeat034_inv.csv,2olo_A_model_1_relaxed_repeat002,2olo_A_model_1_relaxed_repeat034,False,False,,43
TP(CN)_y,43,G,100,-0.08,0.22,0.3,,0.3,0.06521572593394102,0.06488882800605972,0.11879999999999998,0.135,34,44,2olo_A_model_1_relaxed_repeat034_inv.csv,2olo_A_model_1_relaxed_repeat044_inv.csv,2olo_A_model_1_relaxed_repeat034,2olo_A_model_1_relaxed_repeat044,False,False,,19
TP(CN)_y,268,G,100,-0.56,0.61,1.17,,1.17,0.13550873094238675,0.1348294849059359,0.005099999999999996,0.0,62,7,2olo_A_model_1_relaxed_repeat062_inv.csv,2olo_A_model_1_relaxed_repeat007_inv.csv,2olo_A_model_1_relaxed_repeat062,2olo_A_model_1_relaxed_repeat007,False,False,,1
TP(CN)_y,386,Q,100,-0.26,0.18,0.44,,0.44,0.05430655595968152,0.05403434093241075,-0.04770000000000001,-0.05,43,74,2olo_A_model_1_relaxed_repeat043_inv.csv,2olo_A_model_1_relaxed_repeat074_inv.csv,2olo_A_model_1_relaxed_repeat043,2olo_A_model_1_relaxed_repeat074,False,False,,8
TP(NA)_x,38,F,100,0.59,0.79,0.20000000000000007,,0.20000000000000007,0.022207469850744312,0.022096153511414616,0.7676000000000001,0.77,2,96,2olo_A_model_1_relaxed_repeat002_inv.csv,2olo_A_model_1_relaxed_repeat096_inv.csv,2olo_A_model_1_relaxed_repeat002,2olo_A_model_1_relaxed_repeat096,False,False,,81
TP(NA)_x,39,F,100,-1.11,0.68,1.79,,1.79,0.22294049575271124,0.22182299249626947,0.6284000000000001,0.66,2,90,2olo_A_model_1_relaxed_repeat002_inv.csv,2olo_A_model_1_relaxed_repeat090_inv.csv,2olo_A_model_1_relaxed_repeat002,2olo_A_model_1_relaxed_repeat090,False,False,,2
TP(NA)_x,43,G,100,-0.97,0.1,1.07,,1.07,0.21824978739272508,0.21715579660695222,-0.3444,-0.31,48,41,2olo_A_model_1_relaxed_repeat048_inv.csv,2olo_A_model_1_relaxed_repeat041_inv.csv,2olo_A_model_1_relaxed_repeat048,2olo_A_model_1_relaxed_repeat041,False,False,,9
TP(NA)_x,268,G,100,-1.45,1.13,2.58,,2.58,0.9517076624402445,0.9469371679261511,-0.6320000000000001,-1.36,4,86,2olo_A_model_1_relaxed_repeat004_inv.csv,2olo_A_model_1_relaxed_repeat086_inv.csv,2olo_A_model_1_relaxed_repeat004,2olo_A_model_1_relaxed_repeat086,False,False,,1
TP(NA)_x,386,Q,100,-0.93,0.5,1.4300000000000002,,1.4300000000000002,0.30748604304369115,0.30594474991409804,-0.8058999999999998,-0.91,13,65,2olo_A_model_1_relaxed_repeat013_inv.csv,2olo_A_model_1_relaxed_repeat065_inv.csv,2olo_A_model_1_relaxed_repeat013,2olo_A_model_1_relaxed_repeat065,False,False,,4
TP(NA)_y,38,F,100,-1.36,-1.24,0.1200000000000001,,0.1200000000000001,0.014349180809335083,0.01427725463805981,-1.2503999999999997,-1.25,2,98,2olo_A_model_1_relaxed_repeat002_inv.csv,2olo_A_model_1_relaxed_repeat098_inv.csv,2olo_A_model_1_relaxed_repeat002,2olo_A_model_1_relaxed_repeat098,False,False,,56
TP(NA)_y,39,F,100,-1.29,1.34,2.63,,2.63,0.34475127910487074,0.3430231916357844,1.2703000000000002,1.32,44,53,2olo_A_model_1_relaxed_repeat044_inv.csv,2olo_A_model_1_relaxed_repeat053_inv.csv,2olo_A_model_1_relaxed_repeat044,2olo_A_model_1_relaxed_repeat053,False,False,,3
TP(NA)_y,43,G,100,-1.46,-1.09,0.3699999999999999,,0.3699999999999999,0.0655064959381969,0.06517814050738174,-1.4041000000000003,-1.43,1,48,2olo_A_model_1_relaxed_repeat001_inv.csv,2olo_A_model_1_relaxed_repeat048_inv.csv,2olo_A_model_1_relaxed_repeat001,2olo_A_model_1_relaxed_repeat048,False,False,,14
TP(NA)_y,268,G,100,-1.45,0.32,1.77,,1.77,0.47582412292736476,0.4734390245850039,-0.7707,-0.49,1,7,2olo_A_model_1_relaxed_repeat001_inv.csv,2olo_A_model_1_relaxed_repeat007_inv.csv,2olo_A_model_1_relaxed_repeat001,2olo_A_model_1_relaxed_repeat007,False,False,,4
TP(NA)_y,386,Q,100,-1.46,-1.13,0.33000000000000007,,0.33000000000000007,0.08191520622021904,0.08150460109711599,-1.179,-1.15,15,84,2olo_A_model_1_relaxed_repeat015_inv.csv,2olo_A_model_1_relaxed_repeat084_inv.csv,2olo_A_model_1_relaxed_repeat015,2olo_A_model_1_relaxed_repeat084,False,False,,17
angle(A),38,F,100,109.78,116.7,6.920000000000002,,6.920000000000002,0.8361817984146745,0.8319903845598213,110.522,110.4,23,2,2olo_A_model_1_relaxed_repeat023_inv.csv,2olo_A_model_1_relaxed_repeat002_inv.csv,2olo_A_model_1_relaxed_repeat023,2olo_A_model_1_relaxed_repeat002,False,False,,5
angle(A),39,F,100,110.95,115.33,4.3799999999999955,,4.3799999999999955,0.5769576337228853,0.5740655972970337,115.06630000000001,115.15,2,29,2olo_A_model_1_relaxed_repeat002_inv.csv,2olo_A_model_1_relaxed_repeat029_inv.csv,2olo_A_model_1_relaxed_repeat002,2olo_A_model_1_relaxed_repeat029,False,False,,14
angle(A),43,G,100,110.81,115.73,4.920000000000002,,4.920000000000002,0.7816589713390019,0.7777408565839903,112.62539999999998,112.675,48,97,2olo_A_model_1_relaxed_repeat048_inv.csv,2olo_A_model_1_relaxed_repeat097_inv.csv,2olo_A_model_1_relaxed_repeat048,2olo_A_model_1_relaxed_repeat097,False,False,,11
angle(A),268,G,100,108.34,119.17,10.829999999999998,,10.829999999999998,4.269839256075956,4.248436418260252,112.58599999999998,109.42,98,62,2olo_A_model_1_relaxed_repeat098_inv.csv,2olo_A_model_1_relaxed_repeat062_inv.csv,2olo_A_model_1_relaxed_repeat098,2olo_A_model_1_relaxed_repeat062,False,False,,2
angle(A),386,Q,100,107.58,115.91,8.329999999999998,,8.329999999999998,1.6114335922470469,1.6033561800174032,108.4664,108.0,2,52,2olo_A_model_1_relaxed_repeat002_inv.csv,2olo_A_model_1_relaxed_repeat052_inv.csv,2olo_A_model_1_relaxed_repeat002,2olo_A_model_1_relaxed_repeat052,False,False,,3
angle(C),38,F,100,116.65,118.87,2.219999999999999,,2.219999999999999,0.2676662138190062,0.26632452008780555,116.84150000000001,116.8,99,2,2olo_A_model_1_relaxed_repeat099_inv.csv,2olo_A_model_1_relaxed_repeat002_inv.csv,2olo_A_model_1_relaxed_repeat099,2olo_A_model_1_relaxed_repeat002,False,False,,24
angle(C),39,F,100,115.95,118.1,2.1499999999999915,,2.1499999999999915,0.2793444707405774,0.27794423901207227,117.855,117.89500000000001,2,63,2olo_A_model_1_relaxed_repeat002_inv.csv,2olo_A_model_1_relaxed_repeat063_inv.csv,2olo_A_model_1_relaxed_repeat002,2olo_A_model_1_relaxed_repeat063,False,False,,28
angle(C),43,G,100,116.26,118.72,2.4599999999999937,,2.4599999999999937,0.43952481227578083,0.43732166651104737,116.81759999999998,116.705,11,34,2olo_A_model_1_relaxed_repeat011_inv.csv,2olo_A_model_1_relaxed_repeat034_inv.csv,2olo_A_model_1_relaxed_repeat011,2olo_A_model_1_relaxed_repeat034,False,False,,17
angle(C),268,G,100,113.01,121.19,8.179999999999993,,8.179999999999993,1.0686920685462846,1.06333518233904,116.7977,116.525,7,1,2olo_A_model_1_relaxed_repeat007_inv.csv,2olo_A_model_1_relaxed_repeat001_inv.csv,2olo_A_model_1_relaxed_repeat007,2olo_A_model_1_relaxed_repeat001,False,False,,1
angle(C),386,Q,100,116.58,120.51,3.930000000000007,,3.930000000000007,0.6289326777416748,0.6257801131387928,117.36149999999999,117.24,98,52,2olo_A_model_1_relaxed_repeat098_inv.csv,2olo_A_model_1_relaxed_repeat052_inv.csv,2olo_A_model_1_relaxed_repeat098,2olo_A_model_1_relaxed_repeat052,False,False,,7
angle(N),38,F,100,119.69,123.77,4.079999999999998,,4.079999999999998,0.448578664430017,0.4463301356619331,120.20210000000002,120.155,23,2,2olo_A_model_1_relaxed_repeat023_inv.csv,2olo_A_model_1_relaxed_repeat002_inv.csv,2olo_A_model_1_relaxed_repeat023,2olo_A_model_1_relaxed_repeat002,False,False,,12
angle(N),39,F,100,124.15,124.78,0.6299999999999955,,0.6299999999999955,0.09657126954229175,0.09608719998001747,124.45450000000001,124.45,11,2,2olo_A_model_1_relaxed_repeat011_inv.csv,2olo_A_model_1_relaxed_repeat002_inv.csv,2olo_A_model_1_relaxed_repeat011,2olo_A_model_1_relaxed_repeat002,False,False,,231
angle(N),43,G,100,123.37,125.26,1.8900000000000006,,1.8900000000000006,0.4291128268670352,0.42696187183400813,124.2266,124.23,90,21,2olo_A_model_1_relaxed_repeat090_inv.csv,2olo_A_model_1_relaxed_repeat021_inv.csv,2olo_A_model_1_relaxed_repeat090,2olo_A_model_1_relaxed_repeat021,False,False,,56
angle(N),268,G,100,118.57,129.42,10.849999999999994,,10.849999999999994,1.8022529419220454,1.793219035700882,123.7543,124.31,7,62,2olo_A_model_1_relaxed_repeat007_inv.csv,2olo_A_model_1_relaxed_repeat062_inv.csv,2olo_A_model_1_relaxed_repeat007,2olo_A_model_1_relaxed_repeat062,False,False,,1
angle(N),386,Q,100,122.24,127.08,4.840000000000003,,4.840000000000003,0.4971614273538174,0.49466937443104386,124.72389999999997,124.7,31,54,2olo_A_model_1_relaxed_repeat031_inv.csv,2olo_A_model_1_relaxed_repeat054_inv.csv,2olo_A_model_1_relaxed_repeat031,2olo_A_model_1_relaxed_repeat054,False,False,,9
length(A),38,F,100,1.465,1.484,0.018999999999999906,,0.018999999999999906,0.0023701851779508185,0.0023583044756773828,1.4672800000000004,1.467,53,2,2olo_A_model_1_relaxed_repeat053_inv.csv,2olo_A_model_1_relaxed_repeat002_inv.csv,2olo_A_model_1_relaxed_repeat053,2olo_A_model_1_relaxed_repeat002,False,False,,6
length(A),39,F,100,1.467,1.475,0.008000000000000007,,0.008000000000000007,0.0010347497623614406,0.0010295630140986938,1.4738,1.474,44,98,2olo_A_model_1_relaxed_repeat044_inv.csv,2olo_A_model_1_relaxed_repeat098_inv.csv,2olo_A_model_1_relaxed_repeat044,2olo_A_model_1_relaxed_repeat098,False,False,,53
length(A),43,G,100,1.459,1.477,0.018000000000000016,,0.018000000000000016,0.002562570521325745,0.002549725475418878,1.4638300000000002,1.464,26,97,2olo_A_model_1_relaxed_repeat026_inv.csv,2olo_A_model_1_relaxed_repeat097_inv.csv,2olo_A_model_1_relaxed_repeat026,2olo_A_model_1_relaxed_repeat097,False,False,,9
length(A),268,G,100,1.444,1.475,0.03100000000000014,,0.03100000000000014,0.008940679928045614,0.008895864207596705,1.4539399999999998,1.449,12,77,2olo_A_model_1_relaxed_repeat012_inv.csv,2olo_A_model_1_relaxed_repeat077_inv.csv,2olo_A_model_1_relaxed_repeat012,2olo_A_model_1_relaxed_repeat077,False,False,,1
length(A),386,Q,100,1.452,1.466,0.014000000000000012,,0.014000000000000012,0.0019399833384684975,0.0019302590499723148,1.4627100000000004,1.463,54,70,2olo_A_model_1_relaxed_repeat054_inv.csv,2olo_A_model_1_relaxed_repeat070_inv.csv,2olo_A_model_1_relaxed_repeat054,2olo_A_model_1_relaxed_repeat070,False,False,,18
length(C),38,F,100,1.536,1.546,0.010000000000000009,,0.010000000000000009,0.0011641097521932786,0.0011582745788456127,1.5382800000000003,1.538,53,2,2olo_A_model_1_relaxed_repeat053_inv.csv,2olo_A_model_1_relaxed_repeat002_inv.csv,2olo_A_model_1_relaxed_repeat053,2olo_A_model_1_relaxed_repeat002,False,False,,30
length(C),39,F,100,1.534,1.542,0.008000000000000007,,0.008000000000000007,0.0011307903734498624,0.0011251222155837163,1.5387099999999996,1.539,44,23,2olo_A_model_1_relaxed_repeat044_inv.csv,2olo_A_model_1_relaxed_repeat023_inv.csv,2olo_A_model_1_relaxed_repeat044,2olo_A_model_1_relaxed_repeat023,False,False,,49
length(C),43,G,100,1.528,1.536,0.008000000000000007,,0.008000000000000007,0.0014976075196219704,0.0014901006677402666,1.5301399999999998,1.53,5,97,2olo_A_model_1_relaxed_repeat005_inv.csv,2olo_A_model_1_relaxed_repeat097_inv.csv,2olo_A_model_1_relaxed_repeat005,2olo_A_model_1_relaxed_repeat097,False,False,,49
length(C),268,G,100,1.51,1.532,0.02200000000000002,,0.02200000000000002,0.005759489315183868,0.005730619512757759,1.5188,1.516,7,22,2olo_A_model_1_relaxed_repeat007_inv.csv,2olo_A_model_1_relaxed_repeat022_inv.csv,2olo_A_model_1_relaxed_repeat007,2olo_A_model_1_relaxed_repeat022,False,False,,3
length(C),386,Q,100,1.519,1.54,0.02100000000000013,,0.02100000000000013,0.0023089417751888364,0.0022973680593235497,1.5278900000000004,1.528,52,61,2olo_A_model_1_relaxed_repeat052_inv.csv,2olo_A_model_1_relaxed_repeat061_inv.csv,2olo_A_model_1_relaxed_repeat052,2olo_A_model_1_relaxed_repeat061,False,False,,4
length(N),38,F,100,1.331,1.34,0.009000000000000119,,0.009000000000000119,0.0010550025132815338,0.001049714246831036,1.33341,1.333,88,2,2olo_A_model_1_relaxed_repeat088_inv.csv,2olo_A_model_1_relaxed_repeat002_inv.csv,2olo_A_model_1_relaxed_repeat088,2olo_A_model_1_relaxed_repeat002,False,False,,14
length(N),39,F,100,1.332,1.338,0.006000000000000005,,0.006000000000000005,0.000891259465219531,0.0008867919710957978,1.3364399999999994,1.3365,44,92,2olo_A_model_1_relaxed_repeat044_inv.csv,2olo_A_model_1_relaxed_repeat092_inv.csv,2olo_A_model_1_relaxed_repeat044,2olo_A_model_1_relaxed_repeat092,False,False,,45
length(N),43,G,100,1.332,1.34,0.008000000000000007,,0.008000000000000007,0.001282161999881209,0.0012757350822173027,1.3347500000000003,1.335,26,97,2olo_A_model_1_relaxed_repeat026_inv.csv,2olo_A_model_1_relaxed_repeat097_inv.csv,2olo_A_model_1_relaxed_repeat026,2olo_A_model_1_relaxed_repeat097,False,False,,18
length(N),268,G,100,1.318,1.339,0.020999999999999908,,0.020999999999999908,0.006645147086256244,0.0066118378685506235,1.32606,1.322,80,86,2olo_A_model_1_relaxed_repeat080_inv.csv,2olo_A_model_1_relaxed_repeat086_inv.csv,2olo_A_model_1_relaxed_repeat080,2olo_A_model_1_relaxed_repeat086,False,False,,1
length(N),386,Q,100,1.327,1.334,0.007000000000000117,,0.007000000000000117,0.0012589477729236863,0.0012526372180324257,1.3299699999999999,1.33,54,65,2olo_A_model_1_relaxed_repeat054_inv.csv,2olo_A_model_1_relaxed_repeat065_inv.csv,2olo_A_model_1_relaxed_repeat054,2olo_A_model_1_relaxed_repeat065,False,False,,30
tau(AC),38,F,100,-17.01,155.01,172.01999999999998,172.01999999999998,172.01999999999998,22.69651958278443,22.582751850914892,150.20780000000002,153.42000000000002,44,90,2olo_A_model_1_relaxed_repeat044_inv.csv,2olo_A_model_1_relaxed_repeat090_inv.csv,2olo_A_model_1_relaxed_repeat044,2olo_A_model_1_relaxed_repeat090,True,False,0.0,3
tau(AC),39,F,100,16.0,39.3,23.299999999999997,23.30000000000001,23.30000000000001,2.9733987219335316,2.958494373832744,19.135199999999998,18.740000000000002,29,44,2olo_A_model_1_relaxed_repeat029_inv.csv,2olo_A_model_1_relaxed_repeat044_inv.csv,2olo_A_model_1_relaxed_repeat029,2olo_A_model_1_relaxed_repeat044,True,False,-1.4210854715202004e-14,18
tau(AC),43,G,100,-179.86,179.86,359.72,0.2799999999999727,0.2799999999999727,49.074634242244755,48.828644551635875,-156.38549999999998,-167.64499999999998,41,90,2olo_A_model_1_relaxed_repeat041_inv.csv,2olo_A_model_1_relaxed_repeat090_inv.csv,2olo_A_model_1_relaxed_repeat041,2olo_A_model_1_relaxed_repeat090,True,True,359.44000000000005,387
tau(AC),268,G,100,-39.88,170.97,210.85,149.14999999999998,149.14999999999998,85.83923024609682,85.40895570576893,99.56449999999997,167.125,21,38,2olo_A_model_1_relaxed_repeat021_inv.csv,2olo_A_model_1_relaxed_repeat038_inv.csv,2olo_A_model_1_relaxed_repeat021,2olo_A_model_1_relaxed_repeat038,True,True,61.70000000000002,5
tau(AC),386,Q,100,-26.19,153.21,179.4,179.39999999999998,179.39999999999998,38.84290292598085,38.64820043210292,129.1044,138.935,65,74,2olo_A_model_1_relaxed_repeat065_inv.csv,2olo_A_model_1_relaxed_repeat074_inv.csv,2olo_A_model_1_relaxed_repeat065,2olo_A_model_1_relaxed_repeat074,True,False,2.842170943040401e-14,1
tau(CN),38,F,100,-179.4,179.58,358.98,1.0199999999999818,1.0199999999999818,35.838815675891205,35.659171358291545,-175.2098,-178.815,70,2,2olo_A_model_1_relaxed_repeat070_inv.csv,2olo_A_model_1_relaxed_repeat002_inv.csv,2olo_A_model_1_relaxed_repeat070,2olo_A_model_1_relaxed_repeat002,True,True,357.96000000000004,295
tau(CN),39,F,100,171.08,178.81,7.72999999999999,7.72999999999999,7.72999999999999,1.0106469375223148,1.0055810061849824,172.4178,172.31,34,2,2olo_A_model_1_relaxed_repeat034_inv.csv,2olo_A_model_1_relaxed_repeat002_inv.csv,2olo_A_model_1_relaxed_repeat034,2olo_A_model_1_relaxed_repeat002,True,False,0.0,21
tau(CN),43,G,100,-179.37,179.68,359.05,0.9500000000000455,0.9500000000000455,77.21254826023024,76.82551550591769,156.8575,173.89499999999998,21,89,2olo_A_model_1_relaxed_repeat021_inv.csv,2olo_A_model_1_relaxed_repeat089_inv.csv,2olo_A_model_1_relaxed_repeat021,2olo_A_model_1_relaxed_repeat089,True,True,358.09999999999997,304
tau(CN),268,G,100,-179.96,179.96,359.92,0.07999999999992724,0.07999999999992724,177.65835003492325,176.7678263818391,6.983200000000004,170.335,37,25,2olo_A_model_1_relaxed_repeat037_inv.csv,2olo_A_model_1_relaxed_repeat025_inv.csv,2olo_A_model_1_relaxed_repeat037,2olo_A_model_1_relaxed_repeat025,True,True,359.8400000000001,365
tau(CN),386,Q,100,-179.56,178.94,358.5,1.5,1.5,77.35019017762757,76.96246748454729,-159.93130000000002,-177.86,100,98,2olo_A_model_1_relaxed_repeat100_inv.csv,2olo_A_model_1_relaxed_repeat098_inv.csv,2olo_A_model_1_relaxed_repeat100,2olo_A_model_1_relaxed_repeat098,True,True,357.0,221
tau(NA),38,F,100,-66.42,-57.43,8.990000000000002,8.990000000000009,8.990000000000009,1.006916861342865,1.001869627246979,-58.44450000000002,-58.27,2,96,2olo_A_model_1_relaxed_repeat002_inv.csv,2olo_A_model_1_relaxed_repeat096_inv.csv,2olo_A_model_1_relaxed_repeat002,2olo_A_model_1_relaxed_repeat096,True,False,-7.105427357601002e-15,86
tau(NA),39,F,100,-139.14,65.28,204.42,155.58000000000004,155.58000000000004,27.114321325815915,26.97840908485895,59.5725,63.4,2,53,2olo_A_model_1_relaxed_repeat002_inv.csv,2olo_A_model_1_relaxed_repeat053_inv.csv,2olo_A_model_1_relaxed_repeat002,2olo_A_model_1_relaxed_repeat053,True,True,48.83999999999995,3
tau(NA),43,G,100,-131.74,-86.25,45.49000000000001,45.49000000000001,45.49000000000001,8.984997428373521,8.939959563666942,-103.78699999999999,-102.25,48,41,2olo_A_model_1_relaxed_repeat048_inv.csv,2olo_A_model_1_relaxed_repeat041_inv.csv,2olo_A_model_1_relaxed_repeat048,2olo_A_model_1_relaxed_repeat041,True,False,0.0,10
tau(NA),268,G,100,-178.8,167.3,346.1,13.899999999999977,13.899999999999977,55.420652976607336,55.1428534679699,-122.60790000000003,-159.86,4,7,2olo_A_model_1_relaxed_repeat004_inv.csv,2olo_A_model_1_relaxed_repeat007_inv.csv,2olo_A_model_1_relaxed_repeat004,2olo_A_model_1_relaxed_repeat007,True,True,332.20000000000005,44
tau(NA),386,Q,100,-129.53,-69.84,59.69,59.69,59.69,12.876127272019819,12.811584874245654,-124.01510000000002,-128.29500000000002,47,65,2olo_A_model_1_relaxed_repeat047_inv.csv,2olo_A_model_1_relaxed_repeat065_inv.csv,2olo_A_model_1_relaxed_repeat047,2olo_A_model_1_relaxed_repeat065,True,False,0.0,5
x(A),38,F,100,-0.716,-0.529,0.18699999999999994,,0.18699999999999994,0.02098931666685254,0.020884106396970872,-0.69329,-0.696,23,44,2olo_A_model_1_relaxed_repeat023_inv.csv,2olo_A_model_1_relaxed_repeat044_inv.csv,2olo_A_model_1_relaxed_repeat023,2olo_A_model_1_relaxed_repeat044,False,False,,22
x(A),39,F,100,-0.675,-0.51,0.16500000000000004,,0.16500000000000004,0.021588556171633105,0.021480342176045525,-0.66007,-0.664,87,44,2olo_A_model_1_relaxed_repeat087_inv.csv,2olo_A_model_1_relaxed_repeat044_inv.csv,2olo_A_model_1_relaxed_repeat087,2olo_A_model_1_relaxed_repeat044,False,False,,29
x(A),43,G,100,-0.473,-0.389,0.08399999999999996,,0.08399999999999996,0.015209045022783339,0.015132808728058389,-0.43741000000000013,-0.44,97,19,2olo_A_model_1_relaxed_repeat097_inv.csv,2olo_A_model_1_relaxed_repeat019_inv.csv,2olo_A_model_1_relaxed_repeat097,2olo_A_model_1_relaxed_repeat019,False,False,,72
x(A),268,G,100,-0.731,-0.125,0.606,,0.606,0.17428068154444418,0.1734070886671015,-0.49704,-0.6054999999999999,77,61,2olo_A_model_1_relaxed_repeat077_inv.csv,2olo_A_model_1_relaxed_repeat061_inv.csv,2olo_A_model_1_relaxed_repeat077,2olo_A_model_1_relaxed_repeat061,False,False,,2
x(A),386,Q,100,-0.777,-0.425,0.35200000000000004,,0.35200000000000004,0.08196807644171941,0.0815572063033059,-0.7331099999999999,-0.764,67,15,2olo_A_model_1_relaxed_repeat067_inv.csv,2olo_A_model_1_relaxed_repeat015_inv.csv,2olo_A_model_1_relaxed_repeat067,2olo_A_model_1_relaxed_repeat015,False,False,,6
x(AC),38,F,100,-0.695,-0.521,0.17399999999999993,,0.17399999999999993,0.021031143333137877,0.020925723404460833,-0.5392100000000001,-0.536,2,23,2olo_A_model_1_relaxed_repeat002_inv.csv,2olo_A_model_1_relaxed_repeat023_inv.csv,2olo_A_model_1_relaxed_repeat002,2olo_A_model_1_relaxed_repeat023,False,False,,6
x(AC),39,F,100,-0.658,-0.549,0.10899999999999999,,0.10899999999999999,0.014438567180375695,0.014366192954293769,-0.65185,-0.654,29,2,2olo_A_model_1_relaxed_repeat029_inv.csv,2olo_A_model_1_relaxed_repeat002_inv.csv,2olo_A_model_1_relaxed_repeat029,2olo_A_model_1_relaxed_repeat002,False,False,,14
x(AC),43,G,100,-0.667,-0.543,0.124,,0.124,0.019668351237560326,0.019569762389972965,-0.5886199999999999,-0.5894999999999999,97,48,2olo_A_model_1_relaxed_repeat097_inv.csv,2olo_A_model_1_relaxed_repeat048_inv.csv,2olo_A_model_1_relaxed_repeat097,2olo_A_model_1_relaxed_repeat048,False,False,,11
x(AC),268,G,100,-0.744,-0.476,0.268,,0.268,0.10574101150996955,0.10521097803936622,-0.58199,-0.5035000000000001,62,98,2olo_A_model_1_relaxed_repeat062_inv.csv,2olo_A_model_1_relaxed_repeat098_inv.csv,2olo_A_model_1_relaxed_repeat062,2olo_A_model_1_relaxed_repeat098,False,False,,2
x(AC),386,Q,100,-0.664,-0.461,0.203,,0.203,0.04002249872309828,0.03982188343109853,-0.48376000000000013,-0.472,52,2,2olo_A_model_1_relaxed_repeat052_inv.csv,2olo_A_model_1_relaxed_repeat002_inv.csv,2olo_A_model_1_relaxed_repeat052,2olo_A_model_1_relaxed_repeat002,False,False,,4
x(AN),38,F,100,1.464,1.484,0.020000000000000018,,0.020000000000000018,0.0023660904121321777,0.0023542302351299417,1.46724,1.467,53,2,2olo_A_model_1_relaxed_repeat053_inv.csv,2olo_A_model_1_relaxed_repeat002_inv.csv,2olo_A_model_1_relaxed_repeat053,2olo_A_model_1_relaxed_repeat002,False,False,,5
x(AN),39,F,100,1.468,1.476,0.008000000000000007,,0.008000000000000007,0.0009828838212426825,0.000977957054271818,1.47394,1.474,44,17,2olo_A_model_1_relaxed_repeat044_inv.csv,2olo_A_model_1_relaxed_repeat017_inv.csv,2olo_A_model_1_relaxed_repeat044,2olo_A_model_1_relaxed_repeat017,False,False,,50
x(AN),43,G,100,1.459,1.478,0.018999999999999906,,0.018999999999999906,0.0026279576891878598,0.0026147848859896642,1.4637300000000002,1.463,26,97,2olo_A_model_1_relaxed_repeat026_inv.csv,2olo_A_model_1_relaxed_repeat097_inv.csv,2olo_A_model_1_relaxed_repeat026,2olo_A_model_1_relaxed_repeat097,False,False,,6
x(AN),268,G,100,1.444,1.475,0.03100000000000014,,0.03100000000000014,0.00890635342399635,0.008861709767307898,1.45401,1.449,83,77,2olo_A_model_1_relaxed_repeat083_inv.csv,2olo_A_model_1_relaxed_repeat077_inv.csv,2olo_A_model_1_relaxed_repeat083,2olo_A_model_1_relaxed_repeat077,False,False,,1
x(AN),386,Q,100,1.453,1.465,0.01200000000000001,,0.01200000000000001,0.0018901926575955886,0.0018807179480187855,1.4627300000000003,1.463,54,84,2olo_A_model_1_relaxed_repeat054_inv.csv,2olo_A_model_1_relaxed_repeat084_inv.csv,2olo_A_model_1_relaxed_repeat054,2olo_A_model_1_relaxed_repeat084,False,False,,28
x(C),38,F,100,-0.292,-0.162,0.12999999999999998,,0.12999999999999998,0.015091676078841836,0.015016028103330121,-0.19566999999999993,-0.194,2,23,2olo_A_model_1_relaxed_repeat002_inv.csv,2olo_A_model_1_relaxed_repeat023_inv.csv,2olo_A_model_1_relaxed_repeat002,2olo_A_model_1_relaxed_repeat023,False,False,,74
x(C),39,F,100,0.697,0.796,0.09900000000000009,,0.09900000000000009,0.012940984928091493,0.012876117427237151,0.71916,0.718,50,2,2olo_A_model_1_relaxed_repeat050_inv.csv,2olo_A_model_1_relaxed_repeat002_inv.csv,2olo_A_model_1_relaxed_repeat050,2olo_A_model_1_relaxed_repeat002,False,False,,102
x(C),43,G,100,-0.2,0.569,0.7689999999999999,,0.7689999999999999,0.1753104536287416,0.17443169895406052,0.15068,0.14150000000000001,41,48,2olo_A_model_1_relaxed_repeat041_inv.csv,2olo_A_model_1_relaxed_repeat048_inv.csv,2olo_A_model_1_relaxed_repeat041,2olo_A_model_1_relaxed_repeat048,False,False,,10
x(C),268,G,100,-1.308,-0.251,1.057,,1.057,0.2748436784351381,0.273466007211134,-1.02023,-1.202,48,21,2olo_A_model_1_relaxed_repeat048_inv.csv,2olo_A_model_1_relaxed_repeat021_inv.csv,2olo_A_model_1_relaxed_repeat048,2olo_A_model_1_relaxed_repeat021,False,False,,8
x(C),386,Q,100,-1.515,0.814,2.3289999999999997,,2.3289999999999997,0.47687135211149606,0.47448100446698604,-1.35758,-1.485,51,61,2olo_A_model_1_relaxed_repeat051_inv.csv,2olo_A_model_1_relaxed_repeat061_inv.csv,2olo_A_model_1_relaxed_repeat051,2olo_A_model_1_relaxed_repeat061,False,False,,1
x(N),38,F,100,-1.225,-1.187,0.038000000000000034,,0.038000000000000034,0.005905826604192509,0.005876223276901597,-1.2057,-1.2055,2,70,2olo_A_model_1_relaxed_repeat002_inv.csv,2olo_A_model_1_relaxed_repeat070_inv.csv,2olo_A_model_1_relaxed_repeat002,2olo_A_model_1_relaxed_repeat070,False,False,,204
x(N),39,F,100,-1.224,0.753,1.9769999999999999,,1.9769999999999999,0.27492364412871095,0.27354557207163854,-1.171,-1.21,90,2,2olo_A_model_1_relaxed_repeat090_inv.csv,2olo_A_model_1_relaxed_repeat002_inv.csv,2olo_A_model_1_relaxed_repeat090,2olo_A_model_1_relaxed_repeat002,False,False,,4
x(N),43,G,100,0.799,0.851,0.051999999999999935,,0.051999999999999935,0.007294276156443799,0.007257713138447941,0.8271600000000001,0.828,97,19,2olo_A_model_1_relaxed_repeat097_inv.csv,2olo_A_model_1_relaxed_repeat019_inv.csv,2olo_A_model_1_relaxed_repeat097,2olo_A_model_1_relaxed_repeat019,False,False,,155
x(N),268,G,100,-1.098,-0.734,0.3640000000000001,,0.3640000000000001,0.05515144530465109,0.05487499521640071,-0.8755700000000001,-0.8785000000000001,62,39,2olo_A_model_1_relaxed_repeat062_inv.csv,2olo_A_model_1_relaxed_repeat039_inv.csv,2olo_A_model_1_relaxed_repeat062,2olo_A_model_1_relaxed_repeat039,False,False,,15
x(N),386,Q,100,-1.047,0.722,1.769,,1.769,0.4602657076256731,0.45795859681853335,-0.84906,-0.9964999999999999,40,43,2olo_A_model_1_relaxed_repeat040_inv.csv,2olo_A_model_1_relaxed_repeat043_inv.csv,2olo_A_model_1_relaxed_repeat040,2olo_A_model_1_relaxed_repeat043,False,False,,6
y(A),38,F,100,1.223,1.382,0.1589999999999998,,0.1589999999999998,0.01730642141582777,0.017219671890021597,1.2582700000000002,1.257,23,44,2olo_A_model_1_relaxed_repeat023_inv.csv,2olo_A_model_1_relaxed_repeat044_inv.csv,2olo_A_model_1_relaxed_repeat023,2olo_A_model_1_relaxed_repeat044,False,False,,7
y(A),39,F,100,1.306,1.374,0.06800000000000006,,0.06800000000000006,0.009225480743543674,0.009179237441094995,1.3129599999999997,1.312,26,2,2olo_A_model_1_relaxed_repeat026_inv.csv,2olo_A_model_1_relaxed_repeat002_inv.csv,2olo_A_model_1_relaxed_repeat026,2olo_A_model_1_relaxed_repeat002,False,False,,32
y(A),43,G,100,1.386,1.401,0.015000000000000124,,0.015000000000000124,0.003102214914176219,0.003086664866810129,1.3933500000000003,1.393,44,43,2olo_A_model_1_relaxed_repeat044_inv.csv,2olo_A_model_1_relaxed_repeat043_inv.csv,2olo_A_model_1_relaxed_repeat044,2olo_A_model_1_relaxed_repeat043,False,False,,209
y(A),268,G,100,1.221,1.406,0.18499999999999983,,0.18499999999999983,0.045653746236804536,0.045424903962474145,1.32541,1.2995,62,56,2olo_A_model_1_relaxed_repeat062_inv.csv,2olo_A_model_1_relaxed_repeat056_inv.csv,2olo_A_model_1_relaxed_repeat062,2olo_A_model_1_relaxed_repeat056,False,False,,6
y(A),386,Q,100,1.239,1.393,0.15399999999999991,,0.15399999999999991,0.035009682643347084,0.034834194407220034,1.26017,1.247,67,15,2olo_A_model_1_relaxed_repeat067_inv.csv,2olo_A_model_1_relaxed_repeat015_inv.csv,2olo_A_model_1_relaxed_repeat067,2olo_A_model_1_relaxed_repeat015,False,False,,9
y(AC),38,F,100,1.382,1.449,0.06700000000000017,,0.06700000000000017,0.008043216603656363,0.008002899474565459,1.4405599999999998,1.442,2,23,2olo_A_model_1_relaxed_repeat002_inv.csv,2olo_A_model_1_relaxed_repeat023_inv.csv,2olo_A_model_1_relaxed_repeat002,2olo_A_model_1_relaxed_repeat023,False,False,,5
y(AC),39,F,100,1.39,1.434,0.04400000000000004,,0.04400000000000004,0.005671646653096058,0.005643217167538386,1.3937099999999998,1.393,29,2,2olo_A_model_1_relaxed_repeat029_inv.csv,2olo_A_model_1_relaxed_repeat002_inv.csv,2olo_A_model_1_relaxed_repeat029,2olo_A_model_1_relaxed_repeat002,False,False,,15
y(AC),43,G,100,1.384,1.429,0.04500000000000015,,0.04500000000000015,0.007187664798286395,0.007151636176428451,1.41229,1.412,50,48,2olo_A_model_1_relaxed_repeat050_inv.csv,2olo_A_model_1_relaxed_repeat048_inv.csv,2olo_A_model_1_relaxed_repeat050,2olo_A_model_1_relaxed_repeat048,False,False,,13
y(AC),268,G,100,1.327,1.437,0.1100000000000001,,0.1100000000000001,0.040675513195746804,0.04047162462763261,1.3982600000000003,1.428,78,80,2olo_A_model_1_relaxed_repeat078_inv.csv,2olo_A_model_1_relaxed_repeat080_inv.csv,2olo_A_model_1_relaxed_repeat078,2olo_A_model_1_relaxed_repeat080,False,False,,1
y(AC),386,Q,100,1.367,1.457,0.09000000000000008,,0.09000000000000008,0.015695653390462458,0.015616977940690072,1.4487000000000003,1.453,52,81,2olo_A_model_1_relaxed_repeat052_inv.csv,2olo_A_model_1_relaxed_repeat081_inv.csv,2olo_A_model_1_relaxed_repeat052,2olo_A_model_1_relaxed_repeat081,False,False,,2
y(C),38,F,100,0.059,0.749,0.69,,0.69,0.08326861668871727,0.08285122751052032,0.16820999999999997,0.16,23,2,2olo_A_model_1_relaxed_repeat023_inv.csv,2olo_A_model_1_relaxed_repeat002_inv.csv,2olo_A_model_1_relaxed_repeat023,2olo_A_model_1_relaxed_repeat002,False,False,,8
y(C),39,F,100,0.879,1.037,0.15799999999999992,,0.15799999999999992,0.018589154544160054,0.018495975237872688,1.01967,1.022,2,72,2olo_A_model_1_relaxed_repeat002_inv.csv,2olo_A_model_1_relaxed_repeat072_inv.csv,2olo_A_model_1_relaxed_repeat002,2olo_A_model_1_relaxed_repeat072,False,False,,60
y(C),43,G,100,0.481,0.906,0.42500000000000004,,0.42500000000000004,0.07087113002278904,0.0705158840262249,0.5790099999999999,0.566,90,97,2olo_A_model_1_relaxed_repeat090_inv.csv,2olo_A_model_1_relaxed_repeat097_inv.csv,2olo_A_model_1_relaxed_repeat090,2olo_A_model_1_relaxed_repeat097,False,False,,12
y(C),268,G,100,-0.203,1.114,1.3170000000000002,,1.3170000000000002,0.5069054440346041,0.5043645486153839,0.26061,-0.133,48,61,2olo_A_model_1_relaxed_repeat048_inv.csv,2olo_A_model_1_relaxed_repeat061_inv.csv,2olo_A_model_1_relaxed_repeat048,2olo_A_model_1_relaxed_repeat061,False,False,,4
y(C),386,Q,100,-0.373,1.028,1.401,,1.401,0.32313657180889327,0.32151682941954995,-0.25222,-0.351,68,61,2olo_A_model_1_relaxed_repeat068_inv.csv,2olo_A_model_1_relaxed_repeat061_inv.csv,2olo_A_model_1_relaxed_repeat068,2olo_A_model_1_relaxed_repeat061,False,False,,2
y(N),38,F,100,0.223,0.281,0.058000000000000024,,0.058000000000000024,0.006275686609785611,0.006244229335954918,0.23763999999999996,0.237,23,44,2olo_A_model_1_relaxed_repeat023_inv.csv,2olo_A_model_1_relaxed_repeat044_inv.csv,2olo_A_model_1_relaxed_repeat023,2olo_A_model_1_relaxed_repeat044,False,False,,79
y(N),39,F,100,0.183,1.099,0.9159999999999999,,0.9159999999999999,0.12464372499976957,0.12401894048894306,0.21067999999999998,0.193,19,2,2olo_A_model_1_relaxed_repeat019_inv.csv,2olo_A_model_1_relaxed_repeat002_inv.csv,2olo_A_model_1_relaxed_repeat019,2olo_A_model_1_relaxed_repeat002,False,False,,3
y(N),43,G,100,1.019,1.072,0.05300000000000016,,0.05300000000000016,0.00723243954818717,0.0071961864900793125,1.04357,1.045,89,97,2olo_A_model_1_relaxed_repeat089_inv.csv,2olo_A_model_1_relaxed_repeat097_inv.csv,2olo_A_model_1_relaxed_repeat089,2olo_A_model_1_relaxed_repeat097,False,False,,88
y(N),268,G,100,0.126,0.404,0.278,,0.278,0.03746225575243175,0.0372744738393448,0.29344000000000003,0.2865,62,7,2olo_A_model_1_relaxed_repeat062_inv.csv,2olo_A_model_1_relaxed_repeat007_inv.csv,2olo_A_model_1_relaxed_repeat062,2olo_A_model_1_relaxed_repeat007,False,False,,11
y(N),386,Q,100,0.226,1.034,0.808,,0.808,0.20140282866419576,0.20039328431861184,0.30754,0.242,40,52,2olo_A_model_1_relaxed_repeat040_inv.csv,2olo_A_model_1_relaxed_repeat052_inv.csv,2olo_A_model_1_relaxed_repeat040,2olo_A_model_1_relaxed_repeat052,False,False,,6
z(A),38,F,100,-0.12,0.376,0.496,,0.496,0.05800795051742755,0.05771718201714286,0.29137,0.297,2,23,2olo_A_model_1_relaxed_repeat002_inv.csv,2olo_A_model_1_relaxed_repeat023_inv.csv,2olo_A_model_1_relaxed_repeat002,2olo_A_model_1_relaxed_repeat023,False,False,,5
z(A),39,F,100,-0.125,0.091,0.216,,0.216,0.023147072594541403,0.02303104643736363,-0.10747,-0.11,24,44,2olo_A_model_1_relaxed_repeat024_inv.csv,2olo_A_model_1_relaxed_repeat044_inv.csv,2olo_A_model_1_relaxed_repeat024,2olo_A_model_1_relaxed_repeat044,False,False,,23
z(A),43,G,100,-0.213,0.155,0.368,,0.368,0.050624340374802304,0.05037058268473773,-0.08438000000000001,-0.0845,19,97,2olo_A_model_1_relaxed_repeat019_inv.csv,2olo_A_model_1_relaxed_repeat097_inv.csv,2olo_A_model_1_relaxed_repeat019,2olo_A_model_1_relaxed_repeat097,False,False,,10
z(A),268,G,100,-0.578,0.148,0.726,,0.726,0.10872547023944241,0.1081804769817549,-0.25762,-0.199,61,7,2olo_A_model_1_relaxed_repeat061_inv.csv,2olo_A_model_1_relaxed_repeat007_inv.csv,2olo_A_model_1_relaxed_repeat061,2olo_A_model_1_relaxed_repeat007,False,False,,1
z(A),386,Q,100,-0.236,0.23,0.46599999999999997,,0.46599999999999997,0.06442662101142273,0.06410367852159501,-0.046720000000000005,-0.051,31,54,2olo_A_model_1_relaxed_repeat031_inv.csv,2olo_A_model_1_relaxed_repeat054_inv.csv,2olo_A_model_1_relaxed_repeat031,2olo_A_model_1_relaxed_repeat054,False,False,,7
z(C),38,F,100,1.321,1.53,0.20900000000000007,,0.20900000000000007,0.025905521816903452,0.025775668759510394,1.5139299999999998,1.5175,2,23,2olo_A_model_1_relaxed_repeat002_inv.csv,2olo_A_model_1_relaxed_repeat023_inv.csv,2olo_A_model_1_relaxed_repeat002,2olo_A_model_1_relaxed_repeat023,False,False,,46
z(C),39,F,100,-0.983,-0.876,0.10699999999999998,,0.10699999999999998,0.016326838535541923,0.016244999230532457,-0.9,-0.8955,44,73,2olo_A_model_1_relaxed_repeat044_inv.csv,2olo_A_model_1_relaxed_repeat073_inv.csv,2olo_A_model_1_relaxed_repeat044,2olo_A_model_1_relaxed_repeat073,False,False,,105
z(C),43,G,100,-1.443,-1.227,0.21599999999999997,,0.21599999999999997,0.045717510956752756,0.045488349057753244,-1.3950099999999999,-1.4104999999999999,44,97,2olo_A_model_1_relaxed_repeat044_inv.csv,2olo_A_model_1_relaxed_repeat097_inv.csv,2olo_A_model_1_relaxed_repeat044,2olo_A_model_1_relaxed_repeat097,False,False,,44
z(C),268,G,100,-1.25,1.173,2.423,,2.423,0.9235409447700014,0.91891163769973,-0.15589000000000003,-0.8345,7,76,2olo_A_model_1_relaxed_repeat007_inv.csv,2olo_A_model_1_relaxed_repeat076_inv.csv,2olo_A_model_1_relaxed_repeat007,2olo_A_model_1_relaxed_repeat076,False,False,,4
z(C),386,Q,100,-1.317,0.24,1.557,,1.557,0.3162609284253824,0.3146756506309314,-0.015570000000000006,0.0645,65,40,2olo_A_model_1_relaxed_repeat065_inv.csv,2olo_A_model_1_relaxed_repeat040_inv.csv,2olo_A_model_1_relaxed_repeat065,2olo_A_model_1_relaxed_repeat040,False,False,,6
z(N),38,F,100,-0.558,-0.48,0.07800000000000007,,0.07800000000000007,0.012217205122698941,0.012155965613640088,-0.51725,-0.518,70,23,2olo_A_model_1_relaxed_repeat070_inv.csv,2olo_A_model_1_relaxed_repeat023_inv.csv,2olo_A_model_1_relaxed_repeat070,2olo_A_model_1_relaxed_repeat023,False,False,,149
z(N),39,F,100,-0.567,0.343,0.9099999999999999,,0.9099999999999999,0.10071352461513818,0.10020869173879081,-0.51991,-0.533,53,44,2olo_A_model_1_relaxed_repeat053_inv.csv,2olo_A_model_1_relaxed_repeat044_inv.csv,2olo_A_model_1_relaxed_repeat053,2olo_A_model_1_relaxed_repeat044,False,False,,7
z(N),43,G,100,-0.278,0.198,0.47600000000000003,,0.47600000000000003,0.0696807286083745,0.06933144957376847,-0.05649,-0.053,48,34,2olo_A_model_1_relaxed_repeat048_inv.csv,2olo_A_model_1_relaxed_repeat034_inv.csv,2olo_A_model_1_relaxed_repeat048,2olo_A_model_1_relaxed_repeat034,False,False,,14
z(N),268,G,100,-1.045,-0.755,0.2899999999999999,,0.2899999999999999,0.04171092921719216,0.04150185056114966,-0.9484199999999998,-0.948,39,62,2olo_A_model_1_relaxed_repeat039_inv.csv,2olo_A_model_1_relaxed_repeat062_inv.csv,2olo_A_model_1_relaxed_repeat039,2olo_A_model_1_relaxed_repeat062,False,False,,28
z(N),386,Q,100,-1.131,0.589,1.72,,1.72,0.36169795368092655,0.359884919939694,-0.75762,-0.844,74,65,2olo_A_model_1_relaxed_repeat074_inv.csv,2olo_A_model_1_relaxed_repeat065_inv.csv,2olo_A_model_1_relaxed_repeat074,2olo_A_model_1_relaxed_repeat065,False,False,,2
|A-C-N|,38,F,100,2.45,2.48,0.029999999999999805,,0.029999999999999805,0.003711842908553328,0.0036932370625238574,2.4505999999999997,2.45,1,2,2olo_A_model_1_relaxed_repeat001_inv.csv,2olo_A_model_1_relaxed_repeat002_inv.csv,2olo_A_model_1_relaxed_repeat001,2olo_A_model_1_relaxed_repeat002,False,False,,47
|A-C-N|,39,F,100,2.43,2.47,0.040000000000000036,,0.040000000000000036,0.006243380332784396,0.006212084996199022,2.4628999999999994,2.46,2,98,2olo_A_model_1_relaxed_repeat002_inv.csv,2olo_A_model_1_relaxed_repeat098_inv.csv,2olo_A_model_1_relaxed_repeat002,2olo_A_model_1_relaxed_repeat098,False,False,,14
|A-C-N|,43,G,100,2.44,2.47,0.03000000000000025,,0.03000000000000025,0.007142842712828228,0.007107038764492655,2.4442999999999997,2.44,1,97,2olo_A_model_1_relaxed_repeat001_inv.csv,2olo_A_model_1_relaxed_repeat097_inv.csv,2olo_A_model_1_relaxed_repeat001,2olo_A_model_1_relaxed_repeat097,False,False,,32
|A-C-N|,268,G,100,2.36,2.49,0.13000000000000034,,0.13000000000000034,0.020315441706179358,0.02021360927692034,2.4229000000000003,2.41,7,1,2olo_A_model_1_relaxed_repeat007_inv.csv,2olo_A_model_1_relaxed_repeat001_inv.csv,2olo_A_model_1_relaxed_repeat007,2olo_A_model_1_relaxed_repeat001,False,False,,1
|A-C-N|,386,Q,100,2.43,2.49,0.06000000000000005,,0.06000000000000005,0.009265445744727308,0.009219002115196663,2.4498999999999995,2.45,31,61,2olo_A_model_1_relaxed_repeat031_inv.csv,2olo_A_model_1_relaxed_repeat061_inv.csv,2olo_A_model_1_relaxed_repeat031,2olo_A_model_1_relaxed_repeat061,False,False,,7
|C-N-A|,38,F,100,2.42,2.49,0.07000000000000028,,0.07000000000000028,0.007571210756756984,0.007533259586659705,2.4305000000000003,2.43,23,2,2olo_A_model_1_relaxed_repeat023_inv.csv,2olo_A_model_1_relaxed_repeat002_inv.csv,2olo_A_model_1_relaxed_repeat023,2olo_A_model_1_relaxed_repeat002,False,False,,7
|C-N-A|,39,F,100,2.48,2.49,0.010000000000000231,,0.010000000000000231,0.0023868325657594746,0.0023748684174076376,2.489400000000001,2.49,1,100,2olo_A_model_1_relaxed_repeat001_inv.csv,2olo_A_model_1_relaxed_repeat100_inv.csv,2olo_A_model_1_relaxed_repeat001,2olo_A_model_1_relaxed_repeat100,False,False,,121
|C-N-A|,43,G,100,2.46,2.5,0.040000000000000036,,0.040000000000000036,0.006854181058288226,0.006819824044650942,2.474300000000001,2.47,41,97,2olo_A_model_1_relaxed_repeat041_inv.csv,2olo_A_model_1_relaxed_repeat097_inv.csv,2olo_A_model_1_relaxed_repeat041,2olo_A_model_1_relaxed_repeat097,False,False,,16
|C-N-A|,268,G,100,2.39,2.54,0.1499999999999999,,0.1499999999999999,0.022441618984072015,0.02232912895748508,2.4520999999999997,2.45,7,77,2olo_A_model_1_relaxed_repeat007_inv.csv,2olo_A_model_1_relaxed_repeat077_inv.csv,2olo_A_model_1_relaxed_repeat007,2olo_A_model_1_relaxed_repeat077,False,False,,1
|C-N-A|,386,Q,100,2.44,2.49,0.050000000000000266,,0.050000000000000266,0.007545150292028137,0.007507329751649341,2.4742000000000006,2.47,31,65,2olo_A_model_1_relaxed_repeat031_inv.csv,2olo_A_model_1_relaxed_repeat065_inv.csv,2olo_A_model_1_relaxed_repeat031,2olo_A_model_1_relaxed_repeat065,False,False,,10
|N-A-C|,38,F,100,2.46,2.58,0.1200000000000001,,0.1200000000000001,0.014514360704718156,0.014441606558828552,2.4711999999999996,2.47,6,2,2olo_A_model_1_relaxed_repeat006_inv.csv,2olo_A_model_1_relaxed_repeat002_inv.csv,2olo_A_model_1_relaxed_repeat006,2olo_A_model_1_relaxed_repeat002,False,False,,5
|N-A-C|,39,F,100,2.48,2.55,0.06999999999999984,,0.06999999999999984,0.009369518599580145,0.009322553298319054,2.5403000000000002,2.54,2,98,2olo_A_model_1_relaxed_repeat002_inv.csv,2olo_A_model_1_relaxed_repeat098_inv.csv,2olo_A_model_1_relaxed_repeat002,2olo_A_model_1_relaxed_repeat098,False,False,,15
|N-A-C|,43,G,100,2.46,2.55,0.08999999999999986,,0.08999999999999986,0.014520970554979598,0.014448183276799843,2.4915000000000007,2.49,48,97,2olo_A_model_1_relaxed_repeat048_inv.csv,2olo_A_model_1_relaxed_repeat097_inv.csv,2olo_A_model_1_relaxed_repeat048,2olo_A_model_1_relaxed_repeat097,False,False,,11
|N-A-C|,268,G,100,2.4,2.59,0.18999999999999995,,0.18999999999999995,0.07166166296838174,0.07130245437570852,2.4714,2.42,28,62,2olo_A_model_1_relaxed_repeat028_inv.csv,2olo_A_model_1_relaxed_repeat062_inv.csv,2olo_A_model_1_relaxed_repeat028,2olo_A_model_1_relaxed_repeat062,False,False,,2
|N-A-C|,386,Q,100,2.41,2.52,0.10999999999999988,,0.10999999999999988,0.023115869750961873,0.022999999999999996,2.4270000000000005,2.42,2,52,2olo_A_model_1_relaxed_repeat002_inv.csv,2olo_A_model_1_relaxed_repeat052_inv.csv,2olo_A_model_1_relaxed_repeat002,2olo_A_model_1_relaxed_repeat052,False,False,,6
