,lo_A_model_1_unrelaxed_repeat001,lo_A_model_1_unrelaxed_repeat002,lo_A_model_1_unrelaxed_repeat003,lo_A_model_1_unrelaxed_repeat004,lo_A_model_1_unrelaxed_repeat005,lo_A_model_1_unrelaxed_repeat006,lo_A_model_1_unrelaxed_repeat007,lo_A_model_1_unrelaxed_repeat008,lo_A_model_1_unrelaxed_repeat009,lo_A_model_1_unrelaxed_repeat010,lo_A_model_1_unrelaxed_repeat011,lo_A_model_1_unrelaxed_repeat012,lo_A_model_1_unrelaxed_repeat013,lo_A_model_1_unrelaxed_repeat014,lo_A_model_1_unrelaxed_repeat015,lo_A_model_1_unrelaxed_repeat016,lo_A_model_1_unrelaxed_repeat017,lo_A_model_1_unrelaxed_repeat018,lo_A_model_1_unrelaxed_repeat019,lo_A_model_1_unrelaxed_repeat020,lo_A_model_1_unrelaxed_repeat021,lo_A_model_1_unrelaxed_repeat022,lo_A_model_1_unrelaxed_repeat023,lo_A_model_1_unrelaxed_repeat024,lo_A_model_1_unrelaxed_repeat025,lo_A_model_1_unrelaxed_repeat026,lo_A_model_1_unrelaxed_repeat027,lo_A_model_1_unrelaxed_repeat028,lo_A_model_1_unrelaxed_repeat029,lo_A_model_1_unrelaxed_repeat030,lo_A_model_1_unrelaxed_repeat031,lo_A_model_1_unrelaxed_repeat032,lo_A_model_1_unrelaxed_repeat033,lo_A_model_1_unrelaxed_repeat034,lo_A_model_1_unrelaxed_repeat035,lo_A_model_1_unrelaxed_repeat036,lo_A_model_1_unrelaxed_repeat037,lo_A_model_1_unrelaxed_repeat038,lo_A_model_1_unrelaxed_repeat039,lo_A_model_1_unrelaxed_repeat040,lo_A_model_1_unrelaxed_repeat041,lo_A_model_1_unrelaxed_repeat042,lo_A_model_1_unrelaxed_repeat043,lo_A_model_1_unrelaxed_repeat044,lo_A_model_1_unrelaxed_repeat045,lo_A_model_1_unrelaxed_repeat046,lo_A_model_1_unrelaxed_repeat047,lo_A_model_1_unrelaxed_repeat048,lo_A_model_1_unrelaxed_repeat049,lo_A_model_1_unrelaxed_repeat050,lo_A_model_1_unrelaxed_repeat051,lo_A_model_1_unrelaxed_repeat052,lo_A_model_1_unrelaxed_repeat053,lo_A_model_1_unrelaxed_repeat054,lo_A_model_1_unrelaxed_repeat055,lo_A_model_1_unrelaxed_repeat056,lo_A_model_1_unrelaxed_repeat057,lo_A_model_1_unrelaxed_repeat058,lo_A_model_1_unrelaxed_repeat059,lo_A_model_1_unrelaxed_repeat060,lo_A_model_1_unrelaxed_repeat061,lo_A_model_1_unrelaxed_repeat062,lo_A_model_1_unrelaxed_repeat063,lo_A_model_1_unrelaxed_repeat064,lo_A_model_1_unrelaxed_repeat065,lo_A_model_1_unrelaxed_repeat066,lo_A_model_1_unrelaxed_repeat067,lo_A_model_1_unrelaxed_repeat068,lo_A_model_1_unrelaxed_repeat069,lo_A_model_1_unrelaxed_repeat070,lo_A_model_1_unrelaxed_repeat071,lo_A_model_1_unrelaxed_repeat072,lo_A_model_1_unrelaxed_repeat073,lo_A_model_1_unrelaxed_repeat074,lo_A_model_1_unrelaxed_repeat075,lo_A_model_1_unrelaxed_repeat076,lo_A_model_1_unrelaxed_repeat077,lo_A_model_1_unrelaxed_repeat078,lo_A_model_1_unrelaxed_repeat079,lo_A_model_1_unrelaxed_repeat080,lo_A_model_1_unrelaxed_repeat081,lo_A_model_1_unrelaxed_repeat082,lo_A_model_1_unrelaxed_repeat083,lo_A_model_1_unrelaxed_repeat084,lo_A_model_1_unrelaxed_repeat085,lo_A_model_1_unrelaxed_repeat086,lo_A_model_1_unrelaxed_repeat087,lo_A_model_1_unrelaxed_repeat088,lo_A_model_1_unrelaxed_repeat089,lo_A_model_1_unrelaxed_repeat090,lo_A_model_1_unrelaxed_repeat091,lo_A_model_1_unrelaxed_repeat092,lo_A_model_1_unrelaxed_repeat093,lo_A_model_1_unrelaxed_repeat094,lo_A_model_1_unrelaxed_repeat095,lo_A_model_1_unrelaxed_repeat096,lo_A_model_1_unrelaxed_repeat097,lo_A_model_1_unrelaxed_repeat098,lo_A_model_1_unrelaxed_repeat099,lo_A_model_1_unrelaxed_repeat100
lo_A_model_1_unrelaxed_repeat001,0.0,2.3040000000000003,2.0940000000000003,2.401,2.306,2.363,2.318,2.308,2.4,2.074,2.448,2.387,2.298,2.274,2.22,2.343,2.392,2.274,2.45,2.346,2.229,2.324,2.4450000000000003,2.415,2.253,2.095,2.226,2.543,2.351,2.375,2.717,2.4930000000000003,2.239,2.333,2.311,2.272,2.281,2.3890000000000002,2.4450000000000003,2.347,2.495,2.3129999999999997,2.359,2.433,2.3,2.468,2.386,2.4379999999999997,2.372,2.434,2.397,2.693,2.4219999999999997,2.633,2.3419999999999996,2.253,2.34,2.418,2.451,2.513,2.4619999999999997,2.229,2.3499999999999996,2.464,2.417,2.35,2.6340000000000003,2.261,2.252,2.173,2.432,1.984,2.501,2.137,2.3739999999999997,2.388,2.0140000000000002,2.404,2.229,2.715,2.2809999999999997,2.257,2.3659999999999997,2.239,2.269,2.385,2.326,2.268,2.38,2.4080000000000004,2.59,2.545,2.26,2.284,2.417,2.39,2.274,2.558,2.285,2.558
lo_A_model_1_unrelaxed_repeat002,2.3040000000000003,0.0,2.532,2.323,2.307,2.4459999999999997,1.9789999999999999,1.9380000000000002,2.319,1.7530000000000001,1.812,2.719,2.549,2.13,2.1020000000000003,1.368,2.488,1.948,2.79,2.466,2.145,2.238,2.785,2.3369999999999997,2.5709999999999997,2.323,1.97,2.403,2.3040000000000003,2.426,2.708,2.56,2.423,2.325,2.368,2.363,2.621,2.729,2.785,2.838,2.8120000000000003,2.38,2.699,2.458,2.3689999999999998,2.493,2.232,2.18,2.4219999999999997,2.774,2.3600000000000003,3.0,2.341,2.551,2.062,2.1719999999999997,1.9129999999999998,2.31,2.791,2.532,1.866,2.276,2.081,2.485,2.366,2.44,2.251,2.3040000000000003,2.0069999999999997,2.113,2.772,2.721,2.492,3.043,2.2889999999999997,2.6799999999999997,2.205,2.24,1.726,2.8689999999999998,1.384,1.833,2.6399999999999997,2.44,2.078,2.7249999999999996,2.573,2.104,2.567,2.748,2.3979999999999997,2.3810000000000002,2.565,1.956,2.7569999999999997,2.504,1.866,2.13,2.38,2.551
lo_A_model_1_unrelaxed_repeat003,2.0940000000000003,2.532,0.0,2.439,1.984,2.42,2.4749999999999996,2.255,2.602,2.044,2.125,2.473,2.33,2.402,2.429,2.395,2.5309999999999997,2.043,2.526,1.955,2.283,2.186,2.5389999999999997,2.453,2.503,2.432,2.377,2.4050000000000002,2.408,2.58,2.7190000000000003,2.149,2.4219999999999997,2.546,2.344,2.484,2.3179999999999996,1.9819999999999998,2.484,2.8369999999999997,2.946,2.266,2.517,2.3689999999999998,2.241,2.4189999999999996,2.411,2.4930000000000003,2.752,2.518,2.4539999999999997,2.777,2.542,2.495,2.257,2.466,2.633,2.4909999999999997,2.351,2.375,2.391,2.336,2.394,2.5069999999999997,2.6790000000000003,2.495,2.362,2.429,2.38,2.327,2.554,2.5060000000000002,2.557,2.6620000000000004,2.444,2.6500000000000004,2.439,2.339,2.1189999999999998,2.495,2.3979999999999997,2.497,2.538,2.398,2.44,2.496,2.383,2.328,2.437,2.17,2.477,2.407,2.509,2.5229999999999997,2.251,2.447,2.509,2.471,2.33,2.512
lo_A_model_1_unrelaxed_repeat004,2.401,2.323,2.439,0.0,2.651,2.2640000000000002,2.411,2.466,2.7359999999999998,2.465,2.426,2.4539999999999997,2.7430000000000003,2.456,2.399,2.391,2.504,2.441,2.3449999999999998,2.457,2.489,2.582,2.48,2.114,2.433,2.667,2.641,2.68,1.9289999999999998,2.7439999999999998,2.716,2.547,2.7670000000000003,2.451,2.7119999999999997,2.707,2.5,2.452,2.691,2.582,2.8369999999999997,2.416,2.539,2.588,2.3280000000000003,2.577,2.547,2.408,2.415,3.5269999999999997,2.388,2.692,2.392,2.4210000000000003,2.465,2.501,2.344,1.909,2.482,2.571,2.432,2.62,2.412,2.5949999999999998,2.4779999999999998,2.452,3.1020000000000003,2.536,2.433,2.518,2.379,2.746,2.484,2.463,1.8279999999999998,2.63,2.4560000000000004,2.483,2.5540000000000003,2.452,2.44,2.415,2.936,2.481,2.701,2.587,2.483,2.466,2.352,2.422,2.492,2.7199999999999998,2.521,2.583,2.444,2.532,2.511,2.5279999999999996,2.724,2.555
lo_A_model_1_unrelaxed_repeat005,2.306,2.307,1.984,2.651,0.0,2.458,1.3199999999999998,1.936,2.354,2.357,2.096,2.645,2.475,2.094,2.0780000000000003,1.626,2.455,1.409,2.716,2.268,1.919,2.151,2.7110000000000003,2.517,2.1319999999999997,2.121,2.401,2.576,2.451,2.436,2.714,2.504,2.014,2.252,1.655,2.311,2.547,2.6550000000000002,2.7110000000000003,2.417,2.758,2.385,2.625,2.234,2.431,2.387,2.4210000000000003,2.375,2.138,2.7,2.381,2.69,2.4530000000000003,2.534,1.8479999999999999,2.176,2.102,2.52,2.717,2.458,2.061,1.38,2.5140000000000002,2.41,2.561,2.565,2.311,2.536,1.242,2.096,2.698,2.657,2.6109999999999998,2.4610000000000003,2.476,2.606,2.09,2.251,2.209,2.661,1.531,2.268,2.5839999999999996,2.28,2.19,2.651,2.499,2.0949999999999998,2.4930000000000003,2.6740000000000004,2.536,2.372,2.509,1.6179999999999999,2.683,2.4619999999999997,2.169,2.258,2.082,2.512
lo_A_model_1_unrelaxed_repeat006,2.363,2.4459999999999997,2.42,2.2640000000000002,2.458,0.0,2.403,2.459,2.442,2.458,2.419,2.4939999999999998,2.3899999999999997,2.449,2.3920000000000003,2.346,2.282,2.442,2.2439999999999998,2.45,2.439,2.427,2.511,2.241,2.407,2.458,2.596,2.423,2.242,1.867,2.7119999999999997,2.519,2.394,2.3579999999999997,2.38,2.478,2.455,2.407,2.337,2.5410000000000004,2.443,2.4090000000000003,2.3979999999999997,2.439,2.419,2.4219999999999997,2.492,2.354,2.3850000000000002,2.4290000000000003,2.448,2.804,2.449,2.569,2.424,2.4939999999999998,2.382,2.23,2.4370000000000003,2.526,2.3609999999999998,2.466,2.4450000000000003,2.434,2.471,2.553,2.4160000000000004,2.529,2.419,2.473,2.243,2.427,2.599,2.689,2.021,2.585,2.411,2.4379999999999997,2.509,2.685,2.433,2.4290000000000003,2.4610000000000003,2.436,2.487,2.542,2.4379999999999997,2.455,1.9300000000000002,2.377,2.56,2.425,2.482,2.5380000000000003,2.402,2.4770000000000003,2.4859999999999998,2.45,2.4160000000000004,2.52
lo_A_model_1_unrelaxed_repeat007,2.318,1.9789999999999999,2.4749999999999996,2.411,1.3199999999999998,2.403,0.0,1.6079999999999999,2.3200000000000003,2.029,1.88,2.599,2.4290000000000003,1.766,2.043,2.0,2.432,1.3290000000000002,2.67,2.409,1.7409999999999999,2.16,2.665,2.425,2.221,2.1029999999999998,2.219,2.464,2.391,2.415,2.716,2.482,2.023,2.23,1.574,2.277,2.5010000000000003,2.609,2.665,2.591,2.826,2.3449999999999998,2.5789999999999997,2.276,2.197,2.3529999999999998,2.335,2.248,2.365,2.734,2.437,2.778,2.428,2.5,1.952,2.121,1.774,2.428,2.6710000000000003,2.412,1.934,1.5550000000000002,2.186,2.452,2.434,2.362,2.18,2.3970000000000002,1.7029999999999998,1.914,2.652,2.7350000000000003,2.513,2.6950000000000003,2.384,2.56,1.964,2.24,1.8809999999999998,2.703,1.9849999999999999,1.94,2.562,2.258,2.106,2.605,2.4530000000000003,2.104,2.447,2.628,2.578,2.3810000000000002,2.487,1.915,2.637,2.43,1.8409999999999997,2.131,1.955,2.5220000000000002
lo_A_model_1_unrelaxed_repeat008,2.308,1.9380000000000002,2.255,2.466,1.936,2.459,1.6079999999999999,0.0,2.347,1.4889999999999999,1.763,2.576,2.387,1.876,1.967,2.0090000000000003,2.488,1.336,2.628,2.189,1.8679999999999999,2.059,2.623,2.48,1.749,1.952,2.229,2.278,2.447,2.471,2.715,2.255,2.052,2.003,1.9969999999999999,2.304,2.459,2.567,2.623,2.1660000000000004,2.816,2.311,2.537,2.231,2.3040000000000003,2.117,2.4450000000000003,2.1310000000000002,2.145,2.612,2.493,2.691,2.484,2.493,2.114,1.885,1.371,2.4699999999999998,2.629,2.37,1.908,1.905,2.032,2.407,2.317,2.4690000000000003,2.4779999999999998,2.861,1.7120000000000002,1.924,2.61,2.725,2.62,2.455,2.432,2.518,2.0709999999999997,2.1390000000000002,1.798,2.658,1.9940000000000002,1.655,2.972,2.112,2.213,2.5629999999999997,2.411,2.003,2.476,2.5860000000000003,2.533,2.2800000000000002,2.293,1.7690000000000001,2.5949999999999998,2.4859999999999998,1.664,2.014,2.009,2.5469999999999997
lo_A_model_1_unrelaxed_repeat009,2.4,2.319,2.602,2.7359999999999998,2.354,2.442,2.3200000000000003,2.347,0.0,2.354,2.3529999999999998,2.5999999999999996,2.358,2.326,2.948,2.348,2.471,2.3280000000000003,2.488,2.436,2.315,2.3360000000000003,2.483,2.497,2.3120000000000003,2.87,2.334,2.644,2.561,2.454,2.696,2.5789999999999997,2.702,2.357,2.3440000000000003,3.1159999999999997,2.558,2.771,2.483,2.627,3.507,2.804,2.3970000000000002,2.964,2.713,2.404,2.411,2.487,2.3920000000000003,2.6799999999999997,2.476,2.8009999999999997,2.467,2.48,2.343,2.333,2.31,2.5,2.489,2.36,2.332,2.363,2.419,2.3970000000000002,2.476,2.7809999999999997,3.173,2.5229999999999997,2.3209999999999997,2.366,2.479,3.034,2.923,3.008,2.456,2.447,3.127,2.4,2.6799999999999997,2.58,2.3689999999999998,2.348,2.548,2.347,2.284,2.423,2.6839999999999997,2.338,2.459,2.446,3.2889999999999997,2.392,2.63,2.279,2.455,2.469,2.533,2.339,2.339,2.544
lo_A_model_1_unrelaxed_repeat010,2.074,1.7530000000000001,2.044,2.465,2.357,2.458,2.029,1.4889999999999999,2.354,0.0,1.7750000000000001,2.4819999999999998,2.449,1.684,2.125,1.824,2.487,1.6469999999999998,2.472,1.742,2.1950000000000003,2.2880000000000003,2.476,2.479,1.651,2.373,2.3019999999999996,2.4699999999999998,2.446,2.47,2.7190000000000003,2.364,2.473,2.2960000000000003,2.418,2.4130000000000003,1.836,2.048,2.4530000000000003,2.319,2.5629999999999997,2.375,2.245,2.4290000000000003,2.069,2.464,2.362,1.963,2.245,2.38,2.492,2.824,2.483,2.539,2.113,2.1550000000000002,1.5870000000000002,2.473,2.015,2.4539999999999997,1.963,2.326,1.9240000000000002,2.502,1.99,2.276,2.127,2.582,2.057,2.025,2.465,2.472,2.4770000000000003,2.709,2.431,1.937,1.751,2.31,1.7970000000000002,2.753,1.8090000000000002,1.802,2.6929999999999996,2.07,2.0629999999999997,2.279,2.3,2.174,2.475,1.637,2.628,2.451,2.3689999999999998,1.673,2.338,2.485,1.802,2.1799999999999997,2.4299999999999997,2.5759999999999996
lo_A_model_1_unrelaxed_repeat011,2.448,1.812,2.125,2.426,2.096,2.419,1.88,1.763,2.3529999999999998,1.7750000000000001,0.0,2.6479999999999997,2.188,2.0229999999999997,2.21,2.113,2.479,1.994,2.433,1.829,2.127,2.027,2.158,2.44,2.271,2.204,2.254,2.383,2.407,2.431,2.715,2.263,2.378,2.234,2.157,2.291,2.094,2.162,2.415,2.908,2.794,2.339,2.127,2.367,2.573,2.402,2.4080000000000004,1.3639999999999999,2.4379999999999997,2.6029999999999998,2.453,2.691,2.444,2.453,2.1310000000000002,2.128,2.117,2.435,2.1550000000000002,2.392,2.245,2.149,2.251,2.4050000000000002,2.454,2.707,2.4530000000000003,2.586,1.8980000000000001,1.954,2.426,2.7030000000000003,2.753,2.928,2.392,1.888,2.59,1.168,1.7570000000000001,2.754,2.122,2.045,2.697,2.325,2.332,2.018,2.481,1.617,2.602,1.8479999999999999,2.513,2.2809999999999997,2.636,2.122,2.276,2.4459999999999997,1.7389999999999999,2.675,2.169,2.5650000000000004
lo_A_model_1_unrelaxed_repeat012,2.387,2.719,2.473,2.4539999999999997,2.645,2.4939999999999998,2.599,2.576,2.5999999999999996,2.4819999999999998,2.6479999999999997,0.0,2.388,2.677,2.416,2.528,2.5039999999999996,2.715,2.575,2.747,2.7119999999999997,2.4850000000000003,2.544,2.287,2.6799999999999997,2.4819999999999998,2.642,2.677,2.479,2.354,2.7649999999999997,3.075,2.879,2.4210000000000003,2.601,2.502,2.717,2.785,2.606,2.565,2.577,2.569,2.549,2.6479999999999997,2.492,2.737,2.685,2.638,2.572,2.467,2.721,2.694,2.722,2.859,2.6870000000000003,2.6109999999999998,2.6550000000000002,2.39,2.6,2.501,2.662,2.6870000000000003,2.718,2.754,2.495,2.598,3.212,2.702,2.692,2.4429999999999996,2.423,2.4859999999999998,2.698,2.637,2.773,2.5540000000000003,2.4539999999999997,2.526,2.749,2.667,2.6710000000000003,2.702,2.734,2.6189999999999998,2.645,2.511,2.427,2.499,2.4240000000000004,2.596,2.467,2.698,2.699,2.71,2.426,2.75,2.724,2.758,2.689,2.591
lo_A_model_1_unrelaxed_repeat013,2.298,2.549,2.33,2.7430000000000003,2.475,2.3899999999999997,2.4290000000000003,2.387,2.358,2.449,2.188,2.388,0.0,2.507,2.342,2.358,2.393,2.545,2.378,2.5380000000000003,2.542,2.181,2.492,2.449,2.614,2.115,2.472,2.568,2.383,2.3760000000000003,2.7030000000000003,2.515,2.3209999999999997,2.0780000000000003,2.431,2.315,2.212,2.322,2.432,2.752,2.507,2.399,2.162,2.508,2.322,2.403,2.515,2.454,2.268,2.491,2.551,2.6790000000000003,2.552,2.55,2.5170000000000003,2.441,2.4850000000000003,2.452,2.2640000000000002,2.346,2.346,2.5170000000000003,2.606,2.4210000000000003,2.64,2.428,2.452,2.628,2.5220000000000002,2.283,2.431,2.606,2.528,2.958,2.542,2.611,2.284,2.356,2.301,2.784,2.5010000000000003,2.532,2.564,2.449,2.475,2.226,2.292,2.199,2.3899999999999997,2.2409999999999997,2.4699999999999998,2.528,2.5469999999999997,2.54,2.2439999999999998,2.58,2.5540000000000003,2.553,2.519,2.5140000000000002
lo_A_model_1_unrelaxed_repeat014,2.274,2.13,2.402,2.456,2.094,2.449,1.766,1.876,2.326,1.684,2.0229999999999997,2.677,2.507,0.0,1.9060000000000001,2.319,2.4779999999999998,1.442,2.748,2.2720000000000002,2.4459999999999997,2.182,2.7430000000000003,2.4699999999999998,2.134,2.7270000000000003,2.1790000000000003,2.501,2.4370000000000003,2.4610000000000003,2.7190000000000003,2.547,2.358,2.3,2.155,2.3200000000000003,2.579,2.6870000000000003,2.7430000000000003,2.5389999999999997,3.364,2.466,2.657,2.433,2.242,2.468,2.471,2.391,2.174,2.732,2.4829999999999997,2.6950000000000003,2.474,2.491,1.939,2.085,1.6400000000000001,2.465,2.749,2.49,2.077,2.063,2.292,2.481,2.577,2.427,2.67,2.597,2.043,1.9929999999999999,2.8449999999999998,2.691,2.548,2.363,2.4219999999999997,2.638,2.151,2.262,2.537,2.732,2.2569999999999997,1.761,2.708,2.379,2.141,2.683,2.531,2.126,2.5250000000000004,2.7060000000000004,2.607,2.403,2.552,2.036,2.715,2.476,2.232,2.274,2.2,2.564
lo_A_model_1_unrelaxed_repeat015,2.22,2.1020000000000003,2.429,2.399,2.0780000000000003,2.3920000000000003,2.043,1.967,2.948,2.125,2.21,2.416,2.342,1.9060000000000001,0.0,2.138,2.4210000000000003,2.189,2.406,2.363,2.4130000000000003,2.117,2.548,2.4130000000000003,2.121,2.15,2.164,2.395,2.38,2.404,2.709,2.017,2.1020000000000003,2.191,2.49,2.278,2.149,2.269,2.407,2.609,2.6959999999999997,2.439,2.547,2.24,2.016,2.459,2.3689999999999998,2.154,2.319,2.701,2.426,2.685,2.417,2.606,2.366,2.2270000000000003,1.867,2.401,2.26,2.306,2.279,2.015,2.055,2.267,2.34,2.455,2.7590000000000003,2.661,2.122,2.378,2.399,2.605,2.518,2.531,2.365,2.311,2.064,2.197,2.151,2.484,2.309,2.471,2.772,2.422,2.549,2.199,2.391,2.061,2.409,2.29,2.165,2.338,2.386,2.4939999999999998,2.226,2.419,2.157,2.096,2.191,2.52
lo_A_model_1_unrelaxed_repeat016,2.343,1.368,2.395,2.391,1.626,2.346,2.0,2.0090000000000003,2.348,1.824,2.113,2.528,2.358,2.319,2.138,0.0,2.344,2.019,2.599,2.329,1.951,2.0999999999999996,2.5940000000000003,2.405,2.76,2.115,2.465,2.319,2.339,2.327,2.716,2.2350000000000003,2.2590000000000003,2.3200000000000003,2.157,2.305,2.43,2.5380000000000003,2.5940000000000003,2.955,2.851,2.357,2.508,2.673,2.3179999999999996,2.488,2.293,2.481,2.285,2.583,2.3489999999999998,2.692,2.349,2.482,1.925,2.175,1.984,2.408,2.6,2.4779999999999998,2.167,1.899,2.382,2.48,2.667,2.5309999999999997,2.308,2.556,1.44,2.302,2.581,2.76,2.553,2.465,2.364,2.638,2.196,2.2,1.9340000000000002,2.6710000000000003,1.421,2.0220000000000002,2.667,2.386,2.235,2.534,2.382,2.044,2.3760000000000003,2.5570000000000004,2.5460000000000003,2.367,2.567,2.027,2.566,2.366,2.0140000000000002,2.364,2.2199999999999998,2.545
lo_A_model_1_unrelaxed_repeat017,2.392,2.488,2.5309999999999997,2.504,2.455,2.282,2.432,2.488,2.471,2.487,2.479,2.5039999999999996,2.393,2.4779999999999998,2.4210000000000003,2.344,0.0,2.463,2.221,2.479,2.412,2.456,2.536,2.284,2.424,2.487,2.593,2.436,2.375,2.008,2.563,2.548,2.423,2.424,2.409,2.507,2.474,2.422,2.2880000000000003,2.601,2.839,2.4690000000000003,2.499,2.468,2.429,2.447,2.489,2.436,2.4210000000000003,2.5919999999999996,2.308,2.557,2.285,2.5940000000000003,2.453,2.5229999999999997,2.366,2.222,2.434,2.523,2.444,2.495,2.465,2.378,2.606,2.5629999999999997,2.4450000000000003,2.558,2.425,2.4699999999999998,1.9889999999999999,2.714,2.609,3.021,2.4059999999999997,2.582,2.4080000000000004,2.435,2.5060000000000002,2.847,2.4619999999999997,2.435,2.512,2.433,2.516,2.539,2.435,2.484,2.4450000000000003,2.402,2.468,2.441,2.492,2.535,2.431,2.043,2.5149999999999997,2.4320000000000004,2.424,2.583
lo_A_model_1_unrelaxed_repeat018,2.274,1.948,2.043,2.441,1.409,2.442,1.3290000000000002,1.336,2.3280000000000003,1.6469999999999998,1.994,2.715,2.545,1.442,2.189,2.019,2.463,0.0,2.7859999999999996,1.904,1.8900000000000001,2.197,2.7809999999999997,2.455,1.825,1.956,1.985,2.683,2.422,2.446,2.721,2.386,2.068,2.134,1.2650000000000001,2.3200000000000003,2.617,2.7249999999999996,2.7809999999999997,3.156,2.782,2.107,2.695,2.24,2.295,2.379,2.269,2.362,2.125,2.775,2.468,3.223,2.459,2.526,2.024,2.1470000000000002,1.444,2.44,2.787,2.5279999999999996,2.048,1.596,2.263,2.248,2.548,2.489,2.377,2.569,1.722,1.8159999999999998,2.768,2.691,2.538,3.108,2.407,2.676,2.331,2.277,1.815,2.8609999999999998,2.004,1.714,2.6799999999999997,2.432,2.131,2.721,2.569,2.141,2.5629999999999997,2.7439999999999998,2.4930000000000003,2.418,2.391,1.677,2.753,2.727,1.895,2.344,2.069,2.4939999999999998
lo_A_model_1_unrelaxed_repeat019,2.45,2.79,2.526,2.3449999999999998,2.716,2.2439999999999998,2.67,2.628,2.488,2.472,2.433,2.575,2.378,2.748,2.406,2.599,2.221,2.7859999999999996,0.0,2.779,2.783,2.441,2.493,2.165,2.751,2.472,2.713,2.748,2.468,2.21,2.707,2.7560000000000002,2.4080000000000004,2.343,2.6719999999999997,2.4989999999999997,2.459,2.407,2.608,3.007,2.867,2.6399999999999997,2.3890000000000002,2.719,2.5629999999999997,2.484,2.7560000000000002,2.498,2.4160000000000004,2.694,2.792,2.917,2.793,2.752,2.758,2.682,2.726,2.2969999999999997,2.407,2.496,2.5869999999999997,2.758,2.7889999999999997,2.662,2.684,2.6689999999999996,2.6929999999999996,2.7729999999999997,2.763,2.4429999999999996,2.153,2.601,2.769,2.966,2.185,2.6550000000000002,2.525,2.597,2.479,2.792,2.742,2.7729999999999997,2.8049999999999997,2.69,2.716,2.512,2.4170000000000003,2.4690000000000003,2.445,2.387,2.4400000000000004,2.769,2.7699999999999996,2.7809999999999997,2.4160000000000004,2.8209999999999997,2.795,2.7939999999999996,2.76,2.5549999999999997
lo_A_model_1_unrelaxed_repeat020,2.346,2.466,1.955,2.457,2.268,2.45,2.409,2.189,2.436,1.742,1.829,2.747,2.5380000000000003,2.2720000000000002,2.363,2.329,2.479,1.904,2.779,0.0,2.217,2.199,2.774,2.471,2.4370000000000003,2.366,2.4139999999999997,2.213,2.438,2.462,2.7199999999999998,2.402,2.384,2.48,2.3289999999999997,2.418,2.6100000000000003,2.718,2.774,2.477,2.425,2.318,2.6879999999999997,2.347,2.471,2.4210000000000003,2.3810000000000002,2.068,1.882,2.763,2.484,3.172,2.475,2.568,2.04,2.3970000000000002,1.6760000000000002,2.464,2.7800000000000002,2.521,2.325,2.27,1.9789999999999999,2.441,2.245,2.605,2.584,3.032,2.314,2.261,2.761,2.761,2.758,3.0570000000000004,2.423,2.669,2.373,2.273,2.016,2.6159999999999997,2.332,2.431,3.143,2.106,2.769,2.714,2.5620000000000003,2.262,2.556,2.737,2.498,2.3369999999999997,2.534,2.457,2.746,2.676,2.443,2.0909999999999997,2.3409999999999997,2.55
lo_A_model_1_unrelaxed_repeat021,2.229,2.145,2.283,2.489,1.919,2.439,1.7409999999999999,1.8679999999999999,2.315,2.1950000000000003,2.127,2.7119999999999997,2.542,2.4459999999999997,2.4130000000000003,1.951,2.412,1.8900000000000001,2.783,2.217,0.0,2.163,2.778,2.457,1.967,2.112,2.3659999999999997,2.3819999999999997,2.391,2.419,2.715,2.2030000000000003,2.026,1.951,1.8980000000000001,2.272,2.614,2.722,2.778,2.931,2.749,2.214,2.692,2.6799999999999997,2.2640000000000002,2.176,1.8539999999999999,2.495,2.258,2.767,2.417,2.691,2.408,2.758,2.108,2.189,1.94,2.46,2.784,2.525,2.181,1.943,2.396,2.44,2.681,2.4290000000000003,2.315,2.374,1.813,2.383,2.7649999999999997,2.646,2.58,2.777,2.416,2.673,2.3609999999999998,2.243,2.0549999999999997,2.6029999999999998,2.051,2.106,2.4459999999999997,2.4,2.433,2.718,2.566,2.1069999999999998,2.56,2.741,2.379,2.384,2.574,1.855,2.75,2.41,2.028,2.4459999999999997,2.3129999999999997,2.5540000000000003
lo_A_model_1_unrelaxed_repeat022,2.324,2.238,2.186,2.582,2.151,2.427,2.16,2.059,2.3360000000000003,2.2880000000000003,2.027,2.4850000000000003,2.181,2.182,2.117,2.0999999999999996,2.456,2.197,2.441,2.199,2.163,0.0,2.44,2.448,2.287,2.11,1.95,2.4619999999999997,2.415,2.439,2.7190000000000003,2.173,2.18,2.131,2.202,2.293,2.253,2.3609999999999998,2.4219999999999997,2.306,2.707,2.399,2.331,2.329,2.407,2.351,2.4130000000000003,2.497,2.337,2.479,2.461,2.6950000000000003,2.452,2.498,2.157,2.125,2.218,2.442,2.423,2.1639999999999997,1.976,2.232,2.4779999999999998,2.1900000000000004,2.186,2.5090000000000003,2.342,2.467,2.135,1.8290000000000002,2.434,2.616,2.66,2.588,2.4,2.3120000000000003,2.2939999999999996,2.182,2.14,2.441,2.23,2.33,2.319,2.032,2.253,2.357,2.327,1.887,2.444,2.38,2.4370000000000003,1.932,2.263,2.107,2.3890000000000002,2.4539999999999997,2.1,1.87,2.194,2.5380000000000003
lo_A_model_1_unrelaxed_repeat023,2.4450000000000003,2.785,2.5389999999999997,2.48,2.7110000000000003,2.511,2.665,2.623,2.483,2.476,2.158,2.544,2.492,2.7430000000000003,2.548,2.5940000000000003,2.536,2.7809999999999997,2.493,2.774,2.778,2.44,0.0,2.502,2.746,2.177,2.708,2.7430000000000003,2.479,2.39,2.701,2.7510000000000003,2.08,2.416,2.667,2.4939999999999998,2.396,1.905,2.399,2.918,2.758,2.635,2.412,2.714,2.558,2.083,2.7510000000000003,2.526,2.4290000000000003,3.1639999999999997,2.787,2.677,2.7880000000000003,2.747,2.753,2.677,2.721,2.384,2.266,2.447,2.582,2.753,2.784,2.657,2.7119999999999997,2.6639999999999997,2.6879999999999997,2.768,2.758,2.495,2.465,2.585,2.7640000000000002,3.117,2.379,2.683,2.533,2.592,2.4909999999999997,2.943,2.737,2.768,2.8,2.685,2.7110000000000003,2.505,2.372,2.161,2.5300000000000002,2.19,2.644,2.7640000000000002,2.7649999999999997,2.776,2.395,2.816,2.79,2.7889999999999997,2.755,2.537
lo_A_model_1_unrelaxed_repeat024,2.415,2.3369999999999997,2.453,2.114,2.517,2.241,2.425,2.48,2.497,2.479,2.44,2.287,2.449,2.4699999999999998,2.4130000000000003,2.405,2.284,2.455,2.165,2.471,2.457,2.448,2.502,0.0,2.447,2.496,2.655,2.428,2.115,1.987,2.718,2.561,2.415,2.417,2.413,2.521,2.514,2.466,2.265,2.882,2.7590000000000003,2.43,2.457,2.538,2.456,2.436,2.551,2.495,2.406,2.45,2.259,2.887,2.087,2.56,2.479,2.5149999999999997,2.358,1.795,2.496,2.585,2.42,2.487,2.426,2.37,2.681,2.466,2.4370000000000003,2.55,2.447,2.532,2.1710000000000003,2.583,2.537,2.7720000000000002,1.88,2.652,2.4699999999999998,2.497,2.5679999999999996,2.487,2.4539999999999997,2.429,2.573,2.495,2.508,2.601,2.497,2.48,1.932,2.436,2.506,2.4699999999999998,2.535,2.597,2.458,2.391,2.525,2.4939999999999998,2.453,2.528
lo_A_model_1_unrelaxed_repeat025,2.253,2.5709999999999997,2.503,2.433,2.1319999999999997,2.407,2.221,1.749,2.3120000000000003,1.651,2.271,2.6799999999999997,2.614,2.134,2.121,2.76,2.424,1.825,2.751,2.4370000000000003,1.967,2.287,2.746,2.447,0.0,2.128,2.1109999999999998,2.185,2.383,2.407,2.715,2.316,2.2720000000000002,2.5629999999999997,1.964,2.269,2.582,2.69,2.746,2.83,2.761,2.682,2.66,2.466,2.314,2.501,2.254,2.0309999999999997,2.393,2.735,2.429,2.691,2.42,2.429,1.6059999999999999,1.893,1.8330000000000002,2.771,2.752,2.493,2.143,2.096,2.676,2.493,2.035,2.479,2.0549999999999997,2.515,2.484,2.1790000000000003,3.286,2.67,2.63,2.871,2.4059999999999997,2.641,2.106,2.283,2.123,2.697,2.698,1.737,2.626,2.268,2.223,2.686,2.534,1.879,2.528,2.709,2.466,2.38,2.404,2.136,2.718,2.422,2.08,2.1310000000000002,2.2329999999999997,2.5540000000000003
lo_A_model_1_unrelaxed_repeat026,2.095,2.323,2.432,2.667,2.121,2.458,2.1029999999999998,1.952,2.87,2.373,2.204,2.4819999999999998,2.115,2.7270000000000003,2.15,2.115,2.487,1.956,2.472,2.366,2.112,2.11,2.177,2.496,2.128,0.0,2.332,2.348,2.446,2.47,2.706,1.807,2.235,2.101,2.213,2.273,2.136,2.091,2.479,2.194,2.4699999999999998,2.31,2.031,2.153,2.289,2.2510000000000003,2.289,2.098,2.322,2.694,2.492,2.787,2.483,2.492,2.27,2.192,2.1310000000000002,2.499,2.115,2.299,2.076,1.959,2.5300000000000002,2.2670000000000003,2.0220000000000002,2.454,2.768,2.722,1.981,2.027,2.478,2.5300000000000002,2.605,2.128,2.466,2.391,2.089,2.267,2.225,2.5140000000000002,2.1830000000000003,2.284,2.8440000000000003,2.113,2.778,2.1079999999999997,2.547,2.088,2.475,2.207,2.394,2.331,2.518,2.185,1.639,2.485,2.185,1.873,1.524,2.527
lo_A_model_1_unrelaxed_repeat027,2.226,1.97,2.377,2.641,2.401,2.596,2.219,2.229,2.334,2.3019999999999996,2.254,2.642,2.472,2.1790000000000003,2.164,2.465,2.593,1.985,2.713,2.4139999999999997,2.3659999999999997,1.95,2.708,2.655,2.1109999999999998,2.332,0.0,2.099,2.589,2.574,2.716,2.292,2.159,2.108,2.048,2.291,2.544,2.652,2.708,2.2510000000000003,2.734,2.351,2.622,2.237,2.295,2.385,2.327,2.192,2.3659999999999997,2.697,2.546,2.692,2.591,2.6029999999999998,2.3899999999999997,2.153,2.225,2.658,2.714,2.455,2.068,2.51,2.308,2.264,2.1310000000000002,2.46,2.093,2.367,2.205,1.683,2.695,2.643,2.6109999999999998,2.457,2.614,2.6029999999999998,2.129,2.17,2.4699999999999998,2.41,1.97,1.751,2.4779999999999998,2.104,2.458,2.6479999999999997,2.496,2.207,2.596,2.6710000000000003,2.206,2.394,2.427,2.207,2.6799999999999997,2.5999999999999996,2.215,2.373,2.372,2.533
lo_A_model_1_unrelaxed_repeat028,2.543,2.403,2.4050000000000002,2.68,2.576,2.423,2.464,2.278,2.644,2.4699999999999998,2.383,2.677,2.568,2.501,2.395,2.319,2.436,2.683,2.748,2.213,2.3819999999999997,2.4619999999999997,2.7430000000000003,2.428,2.185,2.348,2.099,0.0,2.395,2.6100000000000003,2.709,2.565,2.327,2.3499999999999996,2.4210000000000003,2.312,2.643,2.6870000000000003,2.7430000000000003,2.922,2.465,2.45,2.657,2.454,2.458,2.237,2.5460000000000003,2.311,2.359,3.717,2.441,2.685,2.473,2.441,2.49,2.536,2.521,2.426,2.749,2.49,2.367,2.5380000000000003,2.2169999999999996,2.7889999999999997,2.4050000000000002,2.4219999999999997,3.853,3.011,2.9080000000000004,2.445,2.73,3.4370000000000003,2.51,2.33,2.508,2.638,2.513,2.513,2.406,2.048,2.396,2.549,3.0309999999999997,2.363,2.891,2.683,2.531,2.346,2.5250000000000004,2.7060000000000004,2.612,2.4859999999999998,2.306,2.545,2.715,2.5140000000000002,2.298,2.67,2.4130000000000003,2.5570000000000004
lo_A_model_1_unrelaxed_repeat029,2.351,2.3040000000000003,2.408,1.9289999999999998,2.451,2.242,2.391,2.447,2.561,2.446,2.407,2.479,2.383,2.4370000000000003,2.38,2.339,2.375,2.422,2.468,2.438,2.391,2.415,2.479,2.115,2.383,2.446,2.589,2.395,0.0,2.355,2.715,2.507,2.382,2.351,2.3680000000000003,2.466,2.448,2.407,2.463,2.701,2.787,2.3970000000000002,2.391,2.4379999999999997,2.338,2.473,2.4850000000000003,2.342,2.373,2.452,2.3369999999999997,2.691,2.323,2.537,2.4130000000000003,2.482,2.335,2.106,2.4690000000000003,2.519,2.354,2.454,2.3930000000000002,2.465,2.459,2.503,2.404,2.5170000000000003,2.3840000000000003,2.466,2.45,2.6959999999999997,2.654,2.511,2.263,2.5780000000000003,2.404,2.431,2.502,2.433,2.4210000000000003,2.394,2.57,2.4290000000000003,2.475,2.535,2.431,2.443,2.312,2.426,2.44,2.404,2.4690000000000003,2.531,2.435,2.351,2.474,2.428,2.387,2.536
lo_A_model_1_unrelaxed_repeat030,2.375,2.426,2.58,2.7439999999999998,2.436,1.867,2.415,2.471,2.454,2.47,2.431,2.354,2.3760000000000003,2.4610000000000003,2.404,2.327,2.008,2.446,2.21,2.462,2.419,2.439,2.39,1.987,2.407,2.47,2.574,2.6100000000000003,2.355,0.0,2.717,2.531,2.406,2.341,2.3920000000000003,2.49,2.457,2.4050000000000002,2.2600000000000002,2.727,2.508,2.644,2.387,2.451,2.333,2.427,2.4699999999999998,2.366,2.3970000000000002,3.082,2.428,3.092,2.4290000000000003,2.439,2.436,2.5060000000000002,2.362,2.129,2.415,2.504,2.339,2.478,2.607,2.361,2.483,2.457,2.428,2.629,2.4080000000000004,2.4509999999999996,1.627,2.607,2.491,2.9770000000000003,2.543,2.5629999999999997,2.3890000000000002,2.416,2.487,2.636,2.4450000000000003,2.418,2.545,2.5570000000000004,2.499,2.52,2.423,2.467,1.931,2.3850000000000002,2.4850000000000003,2.4240000000000004,2.4539999999999997,2.516,2.414,2.596,2.498,2.4299999999999997,2.407,2.497
lo_A_model_1_unrelaxed_repeat031,2.717,2.708,2.7190000000000003,2.716,2.714,2.7119999999999997,2.716,2.715,2.696,2.7190000000000003,2.715,2.7649999999999997,2.7030000000000003,2.7190000000000003,2.709,2.716,2.563,2.721,2.707,2.7199999999999998,2.715,2.7190000000000003,2.701,2.718,2.715,2.706,2.716,2.709,2.715,2.717,0.0,2.707,2.629,2.713,2.716,2.68,2.707,2.697,2.7,2.934,2.713,2.716,2.697,2.7119999999999997,2.716,2.6950000000000003,2.714,2.716,2.531,2.697,2.717,2.834,2.7199999999999998,2.7190000000000003,2.718,2.716,2.7039999999999997,2.7190000000000003,2.694,2.714,2.713,2.716,2.717,2.7199999999999998,2.717,2.824,2.745,2.716,2.717,2.717,2.715,2.718,2.87,2.7190000000000003,2.7199999999999998,2.7110000000000003,2.7110000000000003,2.716,2.705,2.7729999999999997,2.714,2.7190000000000003,2.718,2.716,2.7190000000000003,2.705,2.694,2.718,2.702,2.6790000000000003,2.7110000000000003,2.716,2.753,2.7119999999999997,2.701,2.718,2.7190000000000003,2.713,2.713,2.713
lo_A_model_1_unrelaxed_repeat032,2.4930000000000003,2.56,2.149,2.547,2.504,2.519,2.482,2.255,2.5789999999999997,2.364,2.263,3.075,2.515,2.547,2.017,2.2350000000000003,2.548,2.386,2.7560000000000002,2.402,2.2030000000000003,2.173,2.7510000000000003,2.561,2.316,1.807,2.292,2.565,2.507,2.531,2.707,0.0,2.094,2.15,2.178,2.359,2.587,2.6950000000000003,2.7510000000000003,3.0789999999999997,2.753,2.5410000000000004,2.665,2.2430000000000003,2.3209999999999997,2.266,2.417,2.508,2.242,2.806,2.553,2.683,2.544,2.553,2.438,2.347,2.422,2.564,2.757,2.498,2.516,2.277,2.537,2.6180000000000003,2.464,2.911,2.692,3.3600000000000003,2.354,2.426,2.738,3.0890000000000004,3.0860000000000003,2.644,2.52,2.646,2.2430000000000003,2.354,2.412,2.659,2.3230000000000004,2.426,3.471,2.4610000000000003,3.6630000000000003,2.691,2.6020000000000003,1.971,2.536,2.7140000000000004,2.54,1.8419999999999999,3.169,2.3070000000000004,2.723,2.5460000000000003,2.316,1.827,1.943,2.5469999999999997
lo_A_model_1_unrelaxed_repeat033,2.239,2.423,2.4219999999999997,2.7670000000000003,2.014,2.394,2.023,2.052,2.702,2.473,2.378,2.879,2.3209999999999997,2.358,2.1020000000000003,2.2590000000000003,2.423,2.068,2.4080000000000004,2.384,2.026,2.18,2.08,2.415,2.2720000000000002,2.235,2.159,2.327,2.382,2.406,2.629,2.094,0.0,2.323,2.151,2.294,2.255,2.146,2.394,2.7119999999999997,2.6020000000000003,2.41,2.139,1.8679999999999999,2.3019999999999996,2.035,2.237,2.174,2.3120000000000003,2.7289999999999996,2.428,2.605,2.419,2.428,2.3609999999999998,2.292,2.218,2.4139999999999997,2.109,1.833,2.121,2.095,2.63,2.507,2.203,2.715,2.863,3.164,2.031,2.3729999999999998,2.553,2.893,2.89,2.4160000000000004,2.566,2.491,2.157,2.367,2.325,2.069,2.304,2.441,3.275,2.21,3.296,2.067,2.406,2.271,2.411,2.154,2.4939999999999998,1.9629999999999999,2.802,2.1630000000000003,1.8,2.4210000000000003,2.285,1.943,2.057,2.533
lo_A_model_1_unrelaxed_repeat034,2.333,2.325,2.546,2.451,2.252,2.3579999999999997,2.23,2.003,2.357,2.2960000000000003,2.234,2.4210000000000003,2.0780000000000003,2.3,2.191,2.3200000000000003,2.424,2.134,2.343,2.48,1.951,2.131,2.416,2.417,2.5629999999999997,2.101,2.108,2.3499999999999996,2.351,2.341,2.713,2.15,2.323,0.0,1.96,2.314,2.316,2.036,2.4,3.162,2.841,2.302,2.319,2.448,2.2800000000000002,2.327,2.39,2.4939999999999998,2.436,2.537,2.363,2.689,2.354,2.474,2.186,2.1879999999999997,2.17,2.42,2.17,2.32,2.264,2.175,2.395,2.41,2.6799999999999997,2.4450000000000003,2.284,2.383,2.102,2.174,2.399,2.75,2.596,2.748,2.376,2.651,2.209,2.266,2.16,2.661,2.127,2.294,2.458,2.399,2.189,2.032,2.277,2.293,2.3579999999999997,2.215,2.536,2.352,2.515,2.224,2.064,2.362,2.294,2.377,2.201,2.54
lo_A_model_1_unrelaxed_repeat035,2.311,2.368,2.344,2.7119999999999997,1.655,2.38,1.574,1.9969999999999999,2.3440000000000003,2.418,2.157,2.601,2.431,2.155,2.49,2.157,2.409,1.2650000000000001,2.6719999999999997,2.3289999999999997,1.8980000000000001,2.202,2.667,2.413,1.964,2.213,2.048,2.4210000000000003,2.3680000000000003,2.3920000000000003,2.716,2.178,2.151,1.96,0.0,2.301,2.503,2.6109999999999998,2.667,2.957,2.85,2.355,2.581,2.307,2.32,2.125,2.459,2.49,2.253,2.6559999999999997,2.4139999999999997,2.911,2.4050000000000002,2.511,2.1029999999999998,2.237,2.163,2.416,2.673,2.4139999999999997,2.176,1.805,2.575,2.502,2.676,2.4539999999999997,2.268,2.597,1.881,1.8399999999999999,2.683,2.7279999999999998,2.5599999999999996,2.898,2.511,2.6470000000000002,2.473,2.312,2.27,2.724,2.0949999999999998,2.3289999999999997,2.374,2.395,2.161,2.607,2.455,2.146,2.485,2.63,2.439,2.423,2.383,1.712,2.6390000000000002,2.415,2.23,2.558,2.197,2.496
lo_A_model_1_unrelaxed_repeat036,2.272,2.363,2.484,2.707,2.311,2.478,2.277,2.304,3.1159999999999997,2.4130000000000003,2.291,2.502,2.315,2.3200000000000003,2.278,2.305,2.507,2.3200000000000003,2.4989999999999997,2.418,2.272,2.293,2.4939999999999998,2.521,2.269,2.273,2.291,2.312,2.466,2.49,2.68,2.359,2.294,2.314,2.301,0.0,2.337,2.4379999999999997,2.504,2.298,2.709,2.35,2.408,2.294,2.289,2.3609999999999998,2.404,2.301,2.374,2.4829999999999997,2.512,2.768,2.503,2.512,2.3,2.29,2.317,2.524,2.5,2.313,2.289,2.32,2.5700000000000003,2.268,2.287,2.34,2.317,2.592,2.297,2.323,2.503,2.6180000000000003,2.386,2.6530000000000005,2.5060000000000002,2.431,2.266,2.307,2.267,2.297,2.326,2.6390000000000002,2.698,2.304,2.684,2.434,2.351,2.295,2.495,2.457,2.434,2.315,2.305,2.299,2.466,2.505,2.301,2.296,2.296,2.5300000000000002
lo_A_model_1_unrelaxed_repeat037,2.281,2.621,2.3179999999999996,2.5,2.547,2.455,2.5010000000000003,2.459,2.558,1.836,2.094,2.717,2.212,2.579,2.149,2.43,2.474,2.617,2.459,2.6100000000000003,2.614,2.253,2.396,2.514,2.582,2.136,2.544,2.643,2.448,2.457,2.707,2.587,2.255,2.316,2.503,2.337,0.0,2.1959999999999997,2.497,2.617,2.581,2.471,2.051,2.55,2.394,2.484,2.587,1.869,2.208,2.448,2.623,2.683,2.624,2.583,2.5890000000000004,2.513,2.5570000000000004,2.517,2.079,2.474,2.418,2.5890000000000004,2.62,2.4930000000000003,2.1260000000000003,2.553,2.524,3.0020000000000002,2.5940000000000003,2.174,2.496,2.731,2.728,2.12,2.473,1.5830000000000002,2.356,2.428,2.051,2.6710000000000003,2.5730000000000004,2.604,3.113,2.521,3.201,2.065,2.279,1.8519999999999999,2.4619999999999997,2.044,2.5460000000000003,2.6,2.707,2.612,2.358,2.652,2.6260000000000003,2.625,2.591,2.534
lo_A_model_1_unrelaxed_repeat038,2.3890000000000002,2.729,1.9819999999999998,2.452,2.6550000000000002,2.407,2.609,2.567,2.771,2.048,2.162,2.785,2.322,2.6870000000000003,2.269,2.5380000000000003,2.422,2.7249999999999996,2.407,2.718,2.722,2.3609999999999998,1.905,2.466,2.69,2.091,2.652,2.6870000000000003,2.407,2.4050000000000002,2.697,2.6950000000000003,2.146,2.036,2.6109999999999998,2.4379999999999997,2.1959999999999997,0.0,2.449,2.4589999999999996,2.4539999999999997,2.5789999999999997,2.255,2.658,2.502,2.055,2.6950000000000003,2.357,2.12,2.516,2.731,2.673,2.732,2.691,2.697,2.621,2.665,2.4690000000000003,1.92,2.472,2.526,2.697,2.7279999999999998,2.601,2.543,2.621,2.6319999999999997,3.0700000000000003,2.702,2.345,2.4480000000000004,2.7990000000000004,2.7960000000000003,2.247,2.425,2.5140000000000002,2.464,2.536,2.159,2.677,2.681,2.7119999999999997,3.181,2.629,2.6550000000000002,1.955,2.333,2.227,2.41,1.916,2.302,2.708,2.7089999999999996,2.7199999999999998,1.7930000000000001,2.76,2.734,2.7329999999999997,2.699,2.521
lo_A_model_1_unrelaxed_repeat039,2.4450000000000003,2.785,2.484,2.691,2.7110000000000003,2.337,2.665,2.623,2.483,2.4530000000000003,2.415,2.606,2.432,2.7430000000000003,2.407,2.5940000000000003,2.2880000000000003,2.7809999999999997,2.608,2.774,2.778,2.4219999999999997,2.399,2.265,2.746,2.479,2.708,2.7430000000000003,2.463,2.2600000000000002,2.7,2.7510000000000003,2.394,2.4,2.667,2.504,2.497,2.449,0.0,3.042,2.847,2.635,2.44,2.714,2.558,2.419,2.7510000000000003,2.484,2.374,2.833,2.787,2.676,2.7880000000000003,2.747,2.753,2.677,2.721,2.33,2.479,2.568,2.582,2.753,2.784,2.657,2.67,2.665,2.6879999999999997,2.768,2.758,2.5149999999999997,2.301,2.5540000000000003,2.7640000000000002,2.983,2.49,2.641,2.52,2.592,2.551,2.809,2.737,2.768,2.8,2.685,2.7110000000000003,2.584,2.48,2.463,2.447,2.419,2.489,2.7640000000000002,2.7649999999999997,2.776,2.441,2.816,2.79,2.7889999999999997,2.755,2.545
lo_A_model_1_unrelaxed_repeat040,2.347,2.838,2.8369999999999997,2.582,2.417,2.5410000000000004,2.591,2.1660000000000004,2.627,2.319,2.908,2.565,2.752,2.5389999999999997,2.609,2.955,2.601,3.156,3.007,2.477,2.931,2.306,2.918,2.882,2.83,2.194,2.2510000000000003,2.922,2.701,2.727,2.934,3.0789999999999997,2.7119999999999997,3.162,2.957,2.298,2.617,2.4589999999999996,3.042,0.0,2.718,2.958,2.753,3.921,2.351,2.71,2.456,2.667,2.407,3.394,2.575,2.69,2.5869999999999997,2.575,2.903,2.258,3.005,2.94,3.052,2.723,2.645,2.269,2.513,2.3920000000000003,2.375,2.477,3.1950000000000003,2.338,2.673,2.795,3.039,2.96,2.321,2.604,2.5549999999999997,2.41,2.454,2.817,2.636,2.4299999999999997,2.805,2.374,2.451,2.372,3.408,2.455,2.362,2.983,2.558,2.4779999999999998,3.422,2.231,3.459,2.959,2.794,2.568,2.455,2.556,2.731,3.117
lo_A_model_1_unrelaxed_repeat041,2.495,2.8120000000000003,2.946,2.8369999999999997,2.758,2.443,2.826,2.816,3.507,2.5629999999999997,2.794,2.577,2.507,3.364,2.6959999999999997,2.851,2.839,2.782,2.867,2.425,2.749,2.707,2.758,2.7590000000000003,2.761,2.4699999999999998,2.734,2.465,2.787,2.508,2.713,2.753,2.6020000000000003,2.841,2.85,2.709,2.581,2.4539999999999997,2.847,2.718,0.0,2.926,2.617,2.7590000000000003,2.808,2.4779999999999998,2.9170000000000003,2.604,2.778,3.331,2.798,2.689,2.8,2.765,2.799,2.761,2.848,2.713,2.7520000000000002,2.473,2.716,2.737,2.748,2.659,2.613,2.7800000000000002,2.9960000000000004,2.769,2.76,2.681,2.7270000000000003,3.0020000000000002,2.8,2.5629999999999997,2.46,2.407,2.5220000000000002,2.814,2.737,2.774,2.8200000000000003,2.765,3.481,2.747,3.197,2.4669999999999996,2.474,2.617,2.5389999999999997,2.428,2.596,2.779,2.768,2.822,2.803,2.7720000000000002,2.782,2.811,2.793,2.9320000000000004
lo_A_model_1_unrelaxed_repeat042,2.3129999999999997,2.38,2.266,2.416,2.385,2.4090000000000003,2.3449999999999998,2.311,2.804,2.375,2.339,2.569,2.399,2.466,2.439,2.357,2.4690000000000003,2.107,2.6399999999999997,2.318,2.214,2.399,2.635,2.43,2.682,2.31,2.351,2.45,2.3970000000000002,2.644,2.716,2.5410000000000004,2.41,2.302,2.355,2.35,2.471,2.5789999999999997,2.635,2.958,2.926,0.0,2.549,2.518,2.307,2.453,2.439,2.4450000000000003,2.816,2.7779999999999996,2.443,2.692,2.606,2.476,2.238,2.5300000000000002,2.697,2.4050000000000002,2.641,2.4429999999999996,2.358,2.358,2.346,2.46,2.6310000000000002,2.453,2.302,2.352,2.356,2.37,2.622,2.314,2.5599999999999996,2.842,2.382,2.6020000000000003,2.277,2.355,2.318,2.668,2.206,2.327,2.621,2.35,2.372,2.575,2.423,2.347,2.426,2.598,2.326,2.388,2.5460000000000003,2.358,2.607,2.436,2.343,2.328,2.367,2.576
lo_A_model_1_unrelaxed_repeat043,2.359,2.699,2.517,2.539,2.625,2.3979999999999997,2.5789999999999997,2.537,2.3970000000000002,2.245,2.127,2.549,2.162,2.657,2.547,2.508,2.499,2.695,2.3890000000000002,2.6879999999999997,2.692,2.331,2.412,2.457,2.66,2.031,2.622,2.657,2.391,2.387,2.697,2.665,2.139,2.319,2.581,2.408,2.051,2.255,2.44,2.753,2.617,2.549,0.0,2.628,2.474,2.323,2.665,2.495,2.407,2.802,2.7009999999999996,2.811,2.702,2.661,2.667,2.591,2.635,2.46,2.222,2.362,2.496,2.667,2.698,2.5709999999999997,2.681,2.608,2.602,2.682,2.6719999999999997,2.252,2.439,2.467,2.678,2.9240000000000004,2.416,2.652,2.434,2.5060000000000002,2.129,2.75,2.651,2.682,2.714,2.599,2.625,1.999,2.466,2.152,2.429,1.714,2.414,2.678,2.679,2.69,2.395,2.73,2.7039999999999997,2.703,2.669,2.55
lo_A_model_1_unrelaxed_repeat044,2.433,2.458,2.3689999999999998,2.588,2.234,2.439,2.276,2.231,2.964,2.4290000000000003,2.367,2.6479999999999997,2.508,2.433,2.24,2.673,2.468,2.24,2.719,2.347,2.6799999999999997,2.329,2.714,2.538,2.466,2.153,2.237,2.454,2.4379999999999997,2.451,2.7119999999999997,2.2430000000000003,1.8679999999999999,2.448,2.307,2.294,2.55,2.658,2.714,3.921,2.7590000000000003,2.518,2.628,0.0,2.067,2.207,2.398,2.368,2.4139999999999997,3.463,2.473,3.396,2.464,2.473,2.2,2.333,2.351,2.625,2.9539999999999997,2.461,2.27,2.2750000000000004,2.46,2.398,2.3600000000000003,2.398,2.417,3.142,2.338,2.082,2.7009999999999996,2.668,3.154,3.281,2.428,2.609,2.3369999999999997,2.399,2.254,2.382,2.26,2.59,2.424,2.308,3.129,2.654,2.661,2.426,2.496,2.677,2.4210000000000003,2.238,3.268,2.357,2.686,2.9,2.427,2.137,2.265,2.565
lo_A_model_1_unrelaxed_repeat045,2.3,2.3689999999999998,2.241,2.3280000000000003,2.431,2.419,2.197,2.3040000000000003,2.713,2.069,2.573,2.492,2.322,2.242,2.016,2.3179999999999996,2.429,2.295,2.5629999999999997,2.471,2.2640000000000002,2.407,2.558,2.456,2.314,2.289,2.295,2.458,2.338,2.333,2.716,2.3209999999999997,2.3019999999999996,2.2800000000000002,2.32,2.289,2.394,2.502,2.558,2.351,2.808,2.307,2.474,2.067,0.0,2.27,2.4269999999999996,2.5629999999999997,2.497,3.4749999999999996,2.495,2.692,2.5469999999999997,2.355,2.4669999999999996,2.411,2.4619999999999997,2.3449999999999998,2.564,2.3049999999999997,2.5869999999999997,2.24,2.4749999999999996,2.441,2.4299999999999997,2.4000000000000004,2.85,2.3579999999999997,2.262,2.279,2.718,2.717,2.5460000000000003,2.192,2.301,2.4530000000000003,1.673,2.323,2.305,2.094,2.336,2.668,2.452,2.177,2.891,2.498,2.396,2.358,2.34,2.521,2.584,2.012,2.634,2.29,2.5300000000000002,2.503,2.339,2.683,2.118,2.5149999999999997
lo_A_model_1_unrelaxed_repeat046,2.468,2.493,2.4189999999999996,2.577,2.387,2.4219999999999997,2.3529999999999998,2.117,2.404,2.464,2.402,2.737,2.403,2.468,2.459,2.488,2.447,2.379,2.484,2.4210000000000003,2.176,2.351,2.083,2.436,2.501,2.2510000000000003,2.385,2.237,2.473,2.427,2.6950000000000003,2.266,2.035,2.327,2.125,2.3609999999999998,2.484,2.055,2.419,2.71,2.4779999999999998,2.453,2.323,2.207,2.27,0.0,2.417,2.4029999999999996,2.449,2.468,2.475,2.6710000000000003,2.44,2.524,2.392,2.2239999999999998,2.102,2.485,2.338,2.3579999999999997,2.2,2.2439999999999998,2.495,2.315,2.395,2.573,2.452,3.0220000000000002,2.346,2.4059999999999997,2.422,2.7510000000000003,2.748,2.566,2.395,2.308,2.444,2.434,2.402,2.504,2.4219999999999997,2.4619999999999997,3.133,2.324,2.3569999999999998,2.416,2.289,2.461,2.441,2.383,2.456,2.27,2.3160000000000003,2.392,2.306,2.442,2.4619999999999997,2.384,2.31,2.5999999999999996
lo_A_model_1_unrelaxed_repeat047,2.386,2.232,2.411,2.547,2.4210000000000003,2.492,2.335,2.4450000000000003,2.411,2.362,2.4080000000000004,2.685,2.515,2.471,2.3689999999999998,2.293,2.489,2.269,2.7560000000000002,2.3810000000000002,1.8539999999999999,2.4130000000000003,2.7510000000000003,2.551,2.254,2.289,2.327,2.5460000000000003,2.4850000000000003,2.4699999999999998,2.714,2.417,2.237,2.39,2.459,2.404,2.587,2.6950000000000003,2.7510000000000003,2.456,2.9170000000000003,2.439,2.665,2.398,2.4269999999999996,2.417,0.0,2.49,2.3520000000000003,2.748,2.416,2.69,2.487,2.564,2.3289999999999997,2.415,2.335,2.5540000000000003,2.757,2.498,2.406,2.364,2.41,2.434,2.581,2.561,2.399,2.593,2.407,2.406,2.738,2.701,2.607,2.532,2.51,2.646,2.4000000000000004,2.371,2.456,2.685,2.385,2.423,2.7039999999999997,2.373,2.2190000000000003,2.691,2.628,2.3529999999999998,2.5330000000000004,2.7140000000000004,2.56,2.37,2.49,2.257,2.723,2.496,2.442,2.3680000000000003,2.399,2.5380000000000003
lo_A_model_1_unrelaxed_repeat048,2.4379999999999997,2.18,2.4930000000000003,2.408,2.375,2.354,2.248,2.1310000000000002,2.487,1.963,1.3639999999999999,2.638,2.454,2.391,2.154,2.481,2.436,2.362,2.498,2.068,2.495,2.497,2.526,2.495,2.0309999999999997,2.098,2.192,2.311,2.342,2.366,2.716,2.508,2.174,2.4939999999999998,2.49,2.301,1.869,2.357,2.484,2.667,2.604,2.4450000000000003,2.495,2.368,2.5629999999999997,2.4029999999999996,2.49,0.0,2.089,2.723,2.406,2.692,2.379,2.388,2.499,1.82,2.4850000000000003,2.484,2.523,2.393,1.5819999999999999,2.069,1.718,2.62,1.953,2.697,2.865,2.6310000000000002,2.125,1.723,2.497,2.513,2.7430000000000003,2.6660000000000004,2.359,1.87,1.8690000000000002,1.804,1.79,2.745,2.49,2.3600000000000003,2.742,2.237,2.322,1.9609999999999999,2.471,1.689,2.371,2.091,2.62,2.282,2.6260000000000003,2.49,2.332,2.3810000000000002,2.002,1.9929999999999999,2.135,2.526
lo_A_model_1_unrelaxed_repeat049,2.372,2.4219999999999997,2.752,2.415,2.138,2.3850000000000002,2.365,2.145,2.3920000000000003,2.245,2.4379999999999997,2.572,2.268,2.174,2.319,2.285,2.4210000000000003,2.125,2.4160000000000004,1.882,2.258,2.337,2.4290000000000003,2.406,2.393,2.322,2.3659999999999997,2.359,2.373,2.3970000000000002,2.531,2.242,2.3120000000000003,2.436,2.253,2.374,2.208,2.12,2.374,2.407,2.778,2.816,2.407,2.4139999999999997,2.497,2.449,2.3520000000000003,2.089,0.0,2.528,2.419,2.507,2.411,2.419,2.262,2.3529999999999998,2.248,2.3810000000000002,2.286,2.439,2.281,2.226,1.878,2.441,2.201,2.6310000000000002,2.377,2.495,2.27,2.217,2.444,2.6870000000000003,2.677,2.607,2.358,2.164,2.3289999999999997,2.229,2.033,2.642,2.2880000000000003,2.387,2.516,2.729,2.403,2.386,2.4050000000000002,2.331,2.402,2.06,2.517,2.328,2.56,2.4130000000000003,2.323,2.412,2.399,2.0389999999999997,2.2199999999999998,2.564
lo_A_model_1_unrelaxed_repeat050,2.434,2.774,2.518,3.5269999999999997,2.7,2.4290000000000003,2.734,2.612,2.6799999999999997,2.38,2.6029999999999998,2.467,2.491,2.732,2.701,2.583,2.5919999999999996,2.775,2.694,2.763,2.767,2.479,3.1639999999999997,2.45,2.735,2.694,2.697,3.717,2.452,3.082,2.697,2.806,2.7289999999999996,2.537,2.6559999999999997,2.4829999999999997,2.448,2.516,2.833,3.394,3.331,2.7779999999999996,2.802,3.463,3.4749999999999996,2.468,2.748,2.723,2.528,0.0,2.776,2.901,2.891,2.7359999999999998,2.754,2.666,2.769,2.804,2.406,2.489,2.701,2.742,2.7729999999999997,2.646,2.41,2.779,2.6769999999999996,2.7569999999999997,2.747,2.55,2.617,2.526,2.753,2.632,2.504,2.347,2.6369999999999996,2.581,2.6839999999999997,3.282,2.726,2.7569999999999997,3.973,2.674,2.7,2.666,3.516,2.6,3.0389999999999997,2.327,3.875,2.78,2.7539999999999996,2.7649999999999997,3.0519999999999996,2.8049999999999997,2.779,2.7779999999999996,2.7439999999999998,2.615
lo_A_model_1_unrelaxed_repeat051,2.397,2.3600000000000003,2.4539999999999997,2.388,2.381,2.448,2.437,2.493,2.476,2.492,2.453,2.721,2.551,2.4829999999999997,2.426,2.3489999999999998,2.308,2.468,2.792,2.484,2.417,2.461,2.787,2.259,2.429,2.492,2.546,2.441,2.3369999999999997,2.428,2.717,2.553,2.428,2.363,2.4139999999999997,2.512,2.623,2.731,2.787,2.575,2.798,2.443,2.7009999999999996,2.473,2.495,2.475,2.416,2.406,2.419,2.776,0.0,2.693,2.3049999999999997,2.622,2.4579999999999997,2.5279999999999996,2.371,2.209,2.793,2.534,2.347,2.5,2.439,2.4000000000000004,2.505,2.629,2.45,2.5629999999999997,2.4299999999999997,2.453,2.774,2.707,2.675,2.461,2.2110000000000003,2.682,2.336,2.4139999999999997,2.4779999999999998,2.651,2.4669999999999996,2.44,2.5519999999999996,2.4219999999999997,2.521,2.727,2.575,2.489,2.569,2.75,2.526,2.4459999999999997,2.558,2.4749999999999996,2.759,2.254,2.5199999999999996,2.426,2.429,2.511
lo_A_model_1_unrelaxed_repeat052,2.693,3.0,2.777,2.692,2.69,2.804,2.778,2.691,2.8009999999999997,2.824,2.691,2.694,2.6790000000000003,2.6950000000000003,2.685,2.692,2.557,3.223,2.917,3.172,2.691,2.6950000000000003,2.677,2.887,2.691,2.787,2.692,2.685,2.691,3.092,2.834,2.683,2.605,2.689,2.911,2.768,2.683,2.673,2.676,2.69,2.689,2.692,2.811,3.396,2.692,2.6710000000000003,2.69,2.692,2.507,2.901,2.693,0.0,2.6959999999999997,2.6950000000000003,2.868,2.692,2.6799999999999997,2.6950000000000003,2.896,2.69,2.689,2.692,2.693,2.6959999999999997,2.693,2.876,3.618,2.692,2.898,2.693,2.811,2.694,3.339,2.683,2.992,2.6870000000000003,2.6870000000000003,2.692,2.681,2.694,2.699,2.766,2.694,2.692,2.709,2.681,2.67,2.694,2.827,2.6550000000000002,2.958,2.692,2.956,2.832,2.835,2.694,2.6950000000000003,2.689,2.689,2.689
lo_A_model_1_unrelaxed_repeat053,2.4219999999999997,2.341,2.542,2.392,2.4530000000000003,2.449,2.428,2.484,2.467,2.483,2.444,2.722,2.552,2.474,2.417,2.349,2.285,2.459,2.793,2.475,2.408,2.452,2.7880000000000003,2.087,2.42,2.483,2.591,2.473,2.323,2.4290000000000003,2.7199999999999998,2.544,2.419,2.354,2.4050000000000002,2.503,2.624,2.732,2.7880000000000003,2.5869999999999997,2.8,2.606,2.702,2.464,2.5469999999999997,2.44,2.487,2.379,2.411,2.891,2.3049999999999997,2.6959999999999997,0.0,2.069,2.449,2.519,2.362,2.36,2.794,2.535,2.356,2.491,2.43,2.515,2.496,2.681,2.441,2.5540000000000003,2.4210000000000003,2.468,2.875,2.709,2.7270000000000003,2.718,2.11,2.683,2.406,2.433,2.504,2.766,2.458,2.431,2.561,2.519,2.512,2.7279999999999998,2.576,2.48,2.5700000000000003,2.7510000000000003,2.641,2.4370000000000003,2.6100000000000003,2.5330000000000004,2.76,2.067,2.511,2.43,2.42,2.536
lo_A_model_1_unrelaxed_repeat054,2.633,2.551,2.495,2.4210000000000003,2.534,2.569,2.5,2.493,2.48,2.539,2.453,2.859,2.55,2.491,2.606,2.482,2.5940000000000003,2.526,2.752,2.568,2.758,2.498,2.747,2.56,2.429,2.492,2.6029999999999998,2.441,2.537,2.439,2.7190000000000003,2.553,2.428,2.474,2.511,2.512,2.583,2.691,2.747,2.575,2.765,2.476,2.661,2.473,2.355,2.524,2.564,2.388,2.419,2.7359999999999998,2.622,2.6950000000000003,2.069,0.0,2.5389999999999997,2.5279999999999996,2.467,2.488,2.753,2.5330000000000004,2.3680000000000003,2.5410000000000004,2.439,2.4370000000000003,2.505,2.695,2.45,3.144,2.4930000000000003,2.553,2.734,2.873,2.87,2.523,2.598,2.6420000000000003,2.6029999999999998,2.527,2.549,2.6879999999999997,2.569,2.6390000000000002,3.255,2.471,2.521,2.6870000000000003,2.535,2.489,2.588,2.71,2.5629999999999997,2.4459999999999997,2.483,2.545,2.7190000000000003,2.604,2.5199999999999996,2.5309999999999997,2.503,2.513
lo_A_model_1_unrelaxed_repeat055,2.3419999999999996,2.062,2.257,2.465,1.8479999999999999,2.424,1.952,2.114,2.343,2.113,2.1310000000000002,2.6870000000000003,2.5170000000000003,1.939,2.366,1.925,2.453,2.024,2.758,2.04,2.108,2.157,2.753,2.479,1.6059999999999999,2.27,2.3899999999999997,2.49,2.4130000000000003,2.436,2.718,2.438,2.3609999999999998,2.186,2.1029999999999998,2.3,2.5890000000000004,2.697,2.753,2.903,2.799,2.238,2.667,2.2,2.4669999999999996,2.392,2.3289999999999997,2.499,2.262,2.754,2.4579999999999997,2.868,2.449,2.5389999999999997,0.0,2.193,1.965,2.482,2.7590000000000003,2.5,2.311,2.036,2.4,2.316,2.685,2.601,2.347,2.465,1.9789999999999999,2.085,2.74,2.708,2.6470000000000002,2.753,2.4379999999999997,2.656,2.656,2.237,2.08,2.572,1.832,2.111,2.518,2.404,2.226,2.693,2.5410000000000004,2.101,2.668,2.716,2.407,2.378,2.5300000000000002,2.0620000000000003,2.725,2.498,2.332,2.741,2.206,2.528
lo_A_model_1_unrelaxed_repeat056,2.253,2.1719999999999997,2.466,2.501,2.176,2.4939999999999998,2.121,1.885,2.333,2.1550000000000002,2.128,2.6109999999999998,2.441,2.085,2.2270000000000003,2.175,2.5229999999999997,2.1470000000000002,2.682,2.3970000000000002,2.189,2.125,2.677,2.5149999999999997,1.893,2.192,2.153,2.536,2.482,2.5060000000000002,2.716,2.347,2.292,2.1879999999999997,2.237,2.29,2.513,2.621,2.677,2.258,2.761,2.5300000000000002,2.591,2.333,2.411,2.2239999999999998,2.415,1.82,2.3529999999999998,2.666,2.5279999999999996,2.692,2.519,2.5279999999999996,2.193,0.0,2.1790000000000003,2.5,2.683,2.424,1.956,2.145,1.778,2.403,1.931,2.391,2.4379999999999997,2.755,2.114,2.174,2.6639999999999997,2.67,2.481,2.3070000000000004,2.4669999999999996,2.572,2.2119999999999997,2.1479999999999997,2.17,2.654,2.19,2.0540000000000003,2.8659999999999997,2.443,2.513,2.617,2.465,1.937,2.511,2.64,2.529,2.245,2.352,2.184,2.649,2.521,1.8880000000000001,2.152,2.2489999999999997,2.537
lo_A_model_1_unrelaxed_repeat057,2.34,1.9129999999999998,2.633,2.344,2.102,2.382,1.774,1.371,2.31,1.5870000000000002,2.117,2.6550000000000002,2.4850000000000003,1.6400000000000001,1.867,1.984,2.366,1.444,2.726,1.6760000000000002,1.94,2.218,2.721,2.358,1.8330000000000002,2.1310000000000002,2.225,2.521,2.335,2.362,2.7039999999999997,2.422,2.218,2.17,2.163,2.317,2.5570000000000004,2.665,2.721,3.005,2.848,2.697,2.635,2.351,2.4619999999999997,2.102,2.335,2.4850000000000003,2.248,2.769,2.371,2.6799999999999997,2.362,2.467,1.965,2.1790000000000003,0.0,2.351,2.7270000000000003,2.468,2.1710000000000003,2.085,2.386,2.527,2.6710000000000003,2.596,2.342,2.46,1.834,1.835,2.708,2.757,2.6420000000000003,2.668,2.31,2.6420000000000003,2.2,2.238,1.9409999999999998,2.778,1.9689999999999999,1.6800000000000002,2.5199999999999996,2.6100000000000003,2.221,2.661,2.5090000000000003,2.102,2.503,2.684,2.653,2.379,2.5250000000000004,2.267,2.693,2.364,2.018,2.368,2.192,2.552
lo_A_model_1_unrelaxed_repeat058,2.418,2.31,2.4909999999999997,1.909,2.52,2.23,2.428,2.4699999999999998,2.5,2.473,2.435,2.39,2.452,2.465,2.401,2.408,2.222,2.44,2.2969999999999997,2.464,2.46,2.442,2.384,1.795,2.771,2.499,2.658,2.426,2.106,2.129,2.7190000000000003,2.564,2.4139999999999997,2.42,2.416,2.524,2.517,2.4690000000000003,2.33,2.94,2.713,2.4050000000000002,2.46,2.625,2.3449999999999998,2.485,2.5540000000000003,2.484,2.3810000000000002,2.804,2.209,2.6950000000000003,2.36,2.488,2.482,2.5,2.351,0.0,2.499,2.588,2.423,2.452,2.391,2.477,2.67,2.542,2.4370000000000003,2.5389999999999997,2.45,2.535,2.279,2.617,2.565,2.579,1.6139999999999999,2.6470000000000002,2.473,2.5,2.5709999999999997,2.549,2.4210000000000003,2.432,2.639,2.498,2.4850000000000003,2.604,2.5,2.483,2.074,2.439,2.509,2.473,2.777,2.6,2.4610000000000003,2.363,2.528,2.497,2.456,2.497
lo_A_model_1_unrelaxed_repeat059,2.451,2.791,2.351,2.482,2.717,2.4370000000000003,2.6710000000000003,2.629,2.489,2.015,2.1550000000000002,2.6,2.2640000000000002,2.749,2.26,2.6,2.434,2.787,2.407,2.7800000000000002,2.784,2.423,2.266,2.496,2.752,2.115,2.714,2.749,2.4690000000000003,2.415,2.694,2.757,2.109,2.17,2.673,2.5,2.079,1.92,2.479,3.052,2.7520000000000002,2.641,2.222,2.9539999999999997,2.564,2.338,2.757,2.523,2.286,2.406,2.793,2.896,2.794,2.753,2.7590000000000003,2.683,2.7270000000000003,2.499,0.0,2.378,2.588,2.7590000000000003,2.79,2.6630000000000003,2.709,2.67,2.694,2.774,2.7640000000000002,2.344,2.478,2.4139999999999997,2.77,2.662,2.455,2.68,2.526,2.598,2.221,2.739,2.7430000000000003,2.774,2.806,2.691,2.717,1.888,2.311,2.133,2.4370000000000003,1.542,2.558,2.77,2.848,2.782,2.2119999999999997,2.822,2.7960000000000003,2.795,2.761,2.471
lo_A_model_1_unrelaxed_repeat060,2.513,2.532,2.375,2.571,2.458,2.526,2.412,2.37,2.36,2.4539999999999997,2.392,2.501,2.346,2.49,2.306,2.4779999999999998,2.523,2.5279999999999996,2.496,2.521,2.525,2.1639999999999997,2.447,2.585,2.493,2.299,2.455,2.49,2.519,2.504,2.714,2.498,1.833,2.32,2.4139999999999997,2.313,2.474,2.472,2.568,2.723,2.473,2.4429999999999996,2.362,2.461,2.3049999999999997,2.3579999999999997,2.498,2.393,2.439,2.489,2.534,2.69,2.535,2.5330000000000004,2.5,2.424,2.468,2.588,2.378,0.0,2.3289999999999997,2.5,2.5309999999999997,2.4930000000000003,2.385,2.434,2.442,2.5149999999999997,2.505,2.145,2.567,2.484,2.585,3.093,2.544,2.298,2.4829999999999997,2.424,2.279,2.919,2.484,2.519,2.5469999999999997,2.49,2.458,2.393,2.32,2.4509999999999996,2.526,2.373,2.6189999999999998,2.511,2.5119999999999996,2.5229999999999997,1.592,2.5629999999999997,2.537,2.5359999999999996,2.502,2.59
lo_A_model_1_unrelaxed_repeat061,2.4619999999999997,1.866,2.391,2.432,2.061,2.3609999999999998,1.934,1.908,2.332,1.963,2.245,2.662,2.346,2.077,2.279,2.167,2.444,2.048,2.5869999999999997,2.325,2.181,1.976,2.582,2.42,2.143,2.076,2.068,2.367,2.354,2.339,2.713,2.516,2.121,2.264,2.176,2.289,2.418,2.526,2.582,2.645,2.716,2.358,2.496,2.27,2.5869999999999997,2.2,2.406,1.5819999999999999,2.281,2.701,2.347,2.689,2.356,2.3680000000000003,2.311,1.956,2.1710000000000003,2.423,2.588,2.3289999999999997,0.0,2.1550000000000002,1.6360000000000001,2.37,1.97,2.721,2.843,2.585,2.0220000000000002,1.787,2.569,2.625,2.7670000000000003,2.858,2.379,2.4770000000000003,1.963,1.782,1.7719999999999998,2.684,2.176,2.0460000000000003,2.601,2.255,2.346,2.5220000000000002,2.495,1.667,2.364,2.545,2.527,2.248,2.6500000000000004,2.176,2.5540000000000003,2.365,1.98,1.79,1.932,2.501
lo_A_model_1_unrelaxed_repeat062,2.229,2.276,2.336,2.62,1.38,2.466,1.5550000000000002,1.905,2.363,2.326,2.149,2.6870000000000003,2.5170000000000003,2.063,2.015,1.899,2.495,1.596,2.758,2.27,1.943,2.232,2.753,2.487,2.096,1.959,2.51,2.5380000000000003,2.454,2.478,2.716,2.277,2.095,2.175,1.805,2.32,2.5890000000000004,2.697,2.753,2.269,2.737,2.358,2.667,2.2750000000000004,2.24,2.2439999999999998,2.364,2.069,2.226,2.742,2.5,2.692,2.491,2.5410000000000004,2.036,2.145,2.085,2.452,2.7590000000000003,2.5,2.1550000000000002,0.0,2.483,2.436,2.091,2.4050000000000002,2.635,2.505,1.615,2.205,2.74,2.646,2.556,2.228,2.439,2.648,2.035,2.3120000000000003,2.178,2.692,1.884,2.237,2.794,2.186,2.543,2.693,2.5410000000000004,2.176,2.535,2.716,2.523,2.4530000000000003,2.282,1.843,2.725,2.493,2.138,1.7879999999999998,2.184,2.5389999999999997
lo_A_model_1_unrelaxed_repeat063,2.3499999999999996,2.081,2.394,2.412,2.5140000000000002,2.4450000000000003,2.186,2.032,2.419,1.9240000000000002,2.251,2.718,2.606,2.292,2.055,2.382,2.465,2.263,2.7889999999999997,1.9789999999999999,2.396,2.4779999999999998,2.784,2.426,2.676,2.5300000000000002,2.308,2.2169999999999996,2.3930000000000002,2.607,2.717,2.537,2.63,2.395,2.575,2.5700000000000003,2.62,2.7279999999999998,2.784,2.513,2.748,2.346,2.698,2.46,2.4749999999999996,2.495,2.41,1.718,1.878,2.7729999999999997,2.439,2.693,2.43,2.439,2.4,1.778,2.386,2.391,2.79,2.5309999999999997,1.6360000000000001,2.483,0.0,2.6109999999999998,2.019,2.609,2.711,2.513,2.214,2.182,2.771,2.657,2.6550000000000002,2.1420000000000003,2.378,2.6790000000000003,1.795,1.7449999999999999,1.737,2.3920000000000003,2.391,2.261,2.6239999999999997,2.232,2.44,2.724,2.572,1.832,2.566,2.747,2.415,2.583,2.542,2.391,2.7560000000000002,2.432,1.851,2.3369999999999997,2.5869999999999997,2.545
lo_A_model_1_unrelaxed_repeat064,2.464,2.485,2.5069999999999997,2.5949999999999998,2.41,2.434,2.452,2.407,2.3970000000000002,2.502,2.4050000000000002,2.754,2.4210000000000003,2.481,2.267,2.48,2.378,2.248,2.662,2.441,2.44,2.1900000000000004,2.657,2.37,2.493,2.2670000000000003,2.264,2.7889999999999997,2.465,2.361,2.7199999999999998,2.6180000000000003,2.507,2.41,2.502,2.268,2.4930000000000003,2.601,2.657,2.3920000000000003,2.659,2.46,2.5709999999999997,2.398,2.441,2.315,2.434,2.62,2.441,2.646,2.4000000000000004,2.6959999999999997,2.515,2.4370000000000003,2.316,2.403,2.527,2.477,2.6630000000000003,2.4930000000000003,2.37,2.436,2.6109999999999998,0.0,2.433,2.59,3.058,3.039,2.507,1.9980000000000002,2.644,2.768,2.765,2.374,2.455,2.552,2.005,2.472,2.396,2.2,2.287,2.4539999999999997,3.15,2.358,2.46,2.597,2.837,2.453,2.504,2.62,2.484,2.4299999999999997,2.508,2.5090000000000003,2.629,2.3890000000000002,2.4539999999999997,2.313,2.441,2.5919999999999996
lo_A_model_1_unrelaxed_repeat065,2.417,2.366,2.6790000000000003,2.4779999999999998,2.561,2.471,2.434,2.317,2.476,1.99,2.454,2.495,2.64,2.577,2.34,2.667,2.606,2.548,2.684,2.245,2.681,2.186,2.7119999999999997,2.681,2.035,2.0220000000000002,2.1310000000000002,2.4050000000000002,2.459,2.483,2.717,2.464,2.203,2.6799999999999997,2.676,2.287,2.1260000000000003,2.543,2.67,2.375,2.613,2.6310000000000002,2.681,2.3600000000000003,2.4299999999999997,2.395,2.581,1.953,2.201,2.41,2.505,2.693,2.496,2.505,2.685,1.931,2.6710000000000003,2.67,2.709,2.385,1.97,2.091,2.019,2.433,0.0,2.527,2.4779999999999998,2.465,2.311,2.0309999999999997,2.683,2.5220000000000002,2.5730000000000004,2.053,2.444,2.185,2.045,2.266,2.0260000000000002,2.684,2.676,2.5460000000000003,2.5759999999999996,2.062,2.669,2.23,2.301,2.13,2.488,2.277,2.559,2.407,2.469,2.676,2.288,2.498,2.075,2.018,2.127,2.685
lo_A_model_1_unrelaxed_repeat066,2.35,2.44,2.495,2.452,2.565,2.553,2.362,2.4690000000000003,2.7809999999999997,2.276,2.707,2.598,2.428,2.427,2.455,2.5309999999999997,2.5629999999999997,2.489,2.6689999999999996,2.605,2.4290000000000003,2.5090000000000003,2.6639999999999997,2.466,2.479,2.454,2.46,2.4219999999999997,2.503,2.457,2.824,2.911,2.715,2.4450000000000003,2.4539999999999997,2.34,2.553,2.621,2.665,2.477,2.7800000000000002,2.453,2.608,2.398,2.4000000000000004,2.573,2.561,2.697,2.6310000000000002,2.779,2.629,2.876,2.681,2.695,2.601,2.391,2.596,2.542,2.67,2.434,2.721,2.4050000000000002,2.609,2.59,2.527,0.0,3.6590000000000003,2.307,2.7140000000000004,2.444,3.057,2.689,1.459,2.761,2.609,2.559,2.225,2.488,2.585,2.277,2.469,2.306,1.899,2.341,2.537,2.604,2.452,2.523,2.4619999999999997,2.627,2.8,2.2439999999999998,2.374,2.399,2.636,2.472,2.4749999999999996,2.817,2.252,2.553
lo_A_model_1_unrelaxed_repeat067,2.6340000000000003,2.251,2.362,3.1020000000000003,2.311,2.4160000000000004,2.18,2.4779999999999998,3.173,2.127,2.4530000000000003,3.212,2.452,2.67,2.7590000000000003,2.308,2.4450000000000003,2.377,2.6929999999999996,2.584,2.315,2.342,2.6879999999999997,2.4370000000000003,2.0549999999999997,2.768,2.093,3.853,2.404,2.428,2.745,2.692,2.863,2.284,2.268,2.317,2.524,2.6319999999999997,2.6879999999999997,3.1950000000000003,2.9960000000000004,2.302,2.602,2.417,2.85,2.452,2.399,2.865,2.377,2.6769999999999996,2.45,3.618,2.441,2.45,2.347,2.4379999999999997,2.342,2.4370000000000003,2.694,2.442,2.843,2.635,2.711,3.058,2.4779999999999998,3.6590000000000003,0.0,3.5490000000000004,2.4050000000000002,2.307,2.675,3.0580000000000003,2.365,3.503,2.393,2.583,2.172,2.139,2.818,2.6740000000000004,2.238,2.6959999999999997,3.7880000000000003,2.4890000000000003,3.251,2.628,3.6660000000000004,2.165,2.749,2.651,2.361,2.492,2.757,2.495,2.66,3.122,2.5250000000000004,2.576,2.502,2.527
lo_A_model_1_unrelaxed_repeat068,2.261,2.3040000000000003,2.429,2.536,2.536,2.529,2.3970000000000002,2.861,2.5229999999999997,2.582,2.586,2.702,2.628,2.597,2.661,2.556,2.558,2.569,2.7729999999999997,3.032,2.374,2.467,2.768,2.55,2.515,2.722,2.367,3.011,2.5170000000000003,2.629,2.716,3.3600000000000003,3.164,2.383,2.597,2.592,3.0020000000000002,3.0700000000000003,2.768,2.338,2.769,2.352,2.682,3.142,2.3579999999999997,3.0220000000000002,2.593,2.6310000000000002,2.495,2.7569999999999997,2.5629999999999997,2.692,2.5540000000000003,3.144,2.465,2.755,2.46,2.5389999999999997,2.774,2.5149999999999997,2.585,2.505,2.513,3.039,2.465,2.307,3.5490000000000004,0.0,2.604,2.216,2.755,2.678,2.12,2.922,3.0580000000000003,2.687,2.674,2.24,3.0340000000000003,2.528,2.479,2.697,2.5069999999999997,2.317,2.629,2.708,2.556,2.338,2.55,2.8810000000000002,2.6430000000000002,2.605,2.68,2.848,2.74,2.556,2.924,2.681,2.609,2.585
lo_A_model_1_unrelaxed_repeat069,2.252,2.0069999999999997,2.38,2.433,1.242,2.419,1.7029999999999998,1.7120000000000002,2.3209999999999997,2.057,1.8980000000000001,2.692,2.5220000000000002,2.043,2.122,1.44,2.425,1.722,2.763,2.314,1.813,2.135,2.758,2.447,2.484,1.981,2.205,2.9080000000000004,2.3840000000000003,2.4080000000000004,2.717,2.354,2.031,2.102,1.881,2.297,2.5940000000000003,2.702,2.758,2.673,2.76,2.356,2.6719999999999997,2.338,2.262,2.346,2.407,2.125,2.27,2.747,2.4299999999999997,2.898,2.4210000000000003,2.4930000000000003,1.9789999999999999,2.114,1.834,2.45,2.7640000000000002,2.505,2.0220000000000002,1.615,2.214,2.507,2.311,2.7140000000000004,2.4050000000000002,2.604,0.0,2.026,2.745,2.669,2.489,2.7830000000000004,2.4059999999999997,2.653,2.367,2.215,1.9089999999999998,2.758,1.2309999999999999,1.968,2.843,2.065,2.021,2.698,2.721,2.0789999999999997,2.54,2.721,2.633,2.356,2.359,1.73,2.73,2.423,1.8689999999999998,2.452,1.9509999999999998,2.5380000000000003
lo_A_model_1_unrelaxed_repeat070,2.173,2.113,2.327,2.518,2.096,2.473,1.914,1.924,2.366,2.025,1.954,2.4429999999999996,2.283,1.9929999999999999,2.378,2.302,2.4699999999999998,1.8159999999999998,2.4429999999999996,2.261,2.383,1.8290000000000002,2.495,2.532,2.1790000000000003,2.027,1.683,2.445,2.466,2.4509999999999996,2.717,2.426,2.3729999999999998,2.174,1.8399999999999999,2.323,2.174,2.345,2.5149999999999997,2.795,2.681,2.37,2.252,2.082,2.279,2.4059999999999997,2.406,1.723,2.217,2.55,2.453,2.693,2.468,2.553,2.085,2.174,1.835,2.535,2.344,2.145,1.787,2.205,2.182,1.9980000000000002,2.0309999999999997,2.444,2.307,2.216,2.026,0.0,2.8280000000000003,2.59,2.5949999999999998,2.826,2.4909999999999997,2.233,2.343,1.919,2.165,2.652,2.24,1.9489999999999998,2.5060000000000002,2.223,2.188,2.278,2.313,1.9629999999999999,2.473,2.301,2.587,2.089,2.624,1.8399999999999999,2.31,2.477,2.344,2.068,2.067,2.5469999999999997
lo_A_model_1_unrelaxed_repeat071,2.432,2.772,2.554,2.379,2.698,2.243,2.652,2.61,2.479,2.465,2.426,2.423,2.431,2.8449999999999998,2.399,2.581,1.9889999999999999,2.768,2.153,2.761,2.7649999999999997,2.434,2.465,2.1710000000000003,3.286,2.478,2.695,2.73,2.45,1.627,2.715,2.738,2.553,2.399,2.683,2.503,2.496,2.4480000000000004,2.301,3.039,2.7270000000000003,2.622,2.439,2.7009999999999996,2.718,2.422,2.738,2.497,2.444,2.617,2.774,2.811,2.875,2.734,2.74,2.6639999999999997,2.708,2.279,2.478,2.567,2.569,2.74,2.771,2.644,2.683,3.057,2.675,2.755,2.745,2.8280000000000003,0.0,2.441,2.751,2.827,2.178,2.654,2.5069999999999997,2.5789999999999997,2.55,2.7199999999999998,2.724,2.755,2.787,2.6719999999999997,2.698,2.583,2.479,2.462,2.162,2.418,2.488,2.751,2.752,2.763,2.4400000000000004,2.803,2.777,2.776,2.742,2.55
lo_A_model_1_unrelaxed_repeat072,1.984,2.721,2.5060000000000002,2.746,2.657,2.427,2.7350000000000003,2.725,3.034,2.472,2.7030000000000003,2.4859999999999998,2.606,2.691,2.605,2.76,2.714,2.691,2.601,2.761,2.646,2.616,2.585,2.583,2.67,2.5300000000000002,2.643,3.4370000000000003,2.6959999999999997,2.607,2.718,3.0890000000000004,2.893,2.75,2.7279999999999998,2.6180000000000003,2.731,2.7990000000000004,2.5540000000000003,2.96,3.0020000000000002,2.314,2.467,2.668,2.717,2.7510000000000003,2.701,2.513,2.6870000000000003,2.526,2.707,2.694,2.709,2.873,2.708,2.67,2.757,2.617,2.4139999999999997,2.484,2.625,2.646,2.657,2.768,2.5220000000000002,2.689,3.0580000000000003,2.678,2.669,2.59,2.441,0.0,2.709,2.651,2.787,2.416,2.431,2.723,2.763,2.683,2.698,2.6740000000000004,2.733,2.656,2.686,2.464,2.443,2.526,2.448,2.6100000000000003,2.505,2.6879999999999997,2.677,2.701,2.7119999999999997,2.681,2.691,2.7199999999999998,2.702,2.6870000000000003
lo_A_model_1_unrelaxed_repeat073,2.501,2.492,2.557,2.484,2.6109999999999998,2.599,2.513,2.62,2.923,2.4770000000000003,2.753,2.698,2.528,2.548,2.518,2.553,2.609,2.538,2.769,2.758,2.58,2.66,2.7640000000000002,2.537,2.63,2.605,2.6109999999999998,2.51,2.654,2.491,2.87,3.0860000000000003,2.89,2.596,2.5599999999999996,2.386,2.728,2.7960000000000003,2.7640000000000002,2.321,2.8,2.5599999999999996,2.678,3.154,2.5460000000000003,2.748,2.607,2.7430000000000003,2.677,2.753,2.675,3.339,2.7270000000000003,2.87,2.6470000000000002,2.481,2.6420000000000003,2.565,2.77,2.585,2.7670000000000003,2.556,2.6550000000000002,2.765,2.5730000000000004,1.459,2.365,2.12,2.489,2.5949999999999998,2.751,2.709,0.0,3.224,2.7840000000000003,2.659,2.4400000000000004,2.639,2.7600000000000002,2.452,2.573,2.4459999999999997,2.129,2.505,2.641,2.7039999999999997,2.552,2.674,2.599,2.7270000000000003,2.6550000000000002,2.521,2.692,2.574,2.7359999999999998,2.843,2.65,2.863,2.329,2.599
lo_A_model_1_unrelaxed_repeat074,2.137,3.043,2.6620000000000004,2.463,2.4610000000000003,2.689,2.6950000000000003,2.455,3.008,2.709,2.928,2.637,2.958,2.363,2.531,2.465,3.021,3.108,2.966,3.0570000000000004,2.777,2.588,3.117,2.7720000000000002,2.871,2.128,2.457,2.33,2.511,2.9770000000000003,2.7190000000000003,2.644,2.4160000000000004,2.748,2.898,2.6530000000000005,2.12,2.247,2.983,2.604,2.5629999999999997,2.842,2.9240000000000004,3.281,2.192,2.566,2.532,2.6660000000000004,2.607,2.632,2.461,2.683,2.718,2.523,2.753,2.3070000000000004,2.668,2.579,2.662,3.093,2.858,2.228,2.1420000000000003,2.374,2.053,2.761,3.503,2.922,2.7830000000000004,2.826,2.827,2.651,3.224,0.0,2.8770000000000002,1.7750000000000001,2.172,2.462,2.471,2.224,3.2190000000000003,2.5309999999999997,3.033,2.213,3.12,2.5180000000000002,2.36,3.04,2.712,2.75,2.907,2.114,2.841,2.717,2.72,2.4539999999999997,2.613,2.361,2.104,2.713
lo_A_model_1_unrelaxed_repeat075,2.3739999999999997,2.2889999999999997,2.444,1.8279999999999998,2.476,2.021,2.384,2.432,2.456,2.431,2.392,2.773,2.542,2.4219999999999997,2.365,2.364,2.4059999999999997,2.407,2.185,2.423,2.416,2.4,2.379,1.88,2.4059999999999997,2.466,2.614,2.508,2.263,2.543,2.7199999999999998,2.52,2.566,2.376,2.511,2.5060000000000002,2.473,2.425,2.49,2.5549999999999997,2.46,2.382,2.416,2.428,2.301,2.395,2.51,2.359,2.358,2.504,2.2110000000000003,2.992,2.11,2.598,2.4379999999999997,2.4669999999999996,2.31,1.6139999999999999,2.455,2.544,2.379,2.439,2.378,2.455,2.444,2.609,2.393,3.0580000000000003,2.4059999999999997,2.4909999999999997,2.178,2.787,2.7840000000000003,2.8770000000000002,0.0,2.6029999999999998,2.4290000000000003,2.456,2.527,2.706,2.4059999999999997,2.388,3.169,2.4539999999999997,2.46,2.56,2.456,2.439,1.729,2.395,2.581,2.519,2.4939999999999998,2.556,2.417,2.496,2.484,2.4530000000000003,2.5229999999999997,2.537
lo_A_model_1_unrelaxed_repeat076,2.388,2.6799999999999997,2.6500000000000004,2.63,2.606,2.585,2.56,2.518,2.447,1.937,1.888,2.5540000000000003,2.611,2.638,2.311,2.638,2.582,2.676,2.6550000000000002,2.669,2.673,2.3120000000000003,2.683,2.652,2.641,2.391,2.6029999999999998,2.638,2.5780000000000003,2.5629999999999997,2.7110000000000003,2.646,2.491,2.651,2.6470000000000002,2.431,1.5830000000000002,2.5140000000000002,2.641,2.41,2.407,2.6020000000000003,2.652,2.609,2.4530000000000003,2.308,2.646,1.87,2.164,2.347,2.682,2.6870000000000003,2.683,2.6420000000000003,2.656,2.572,2.6420000000000003,2.6470000000000002,2.68,2.298,2.4770000000000003,2.648,2.6790000000000003,2.552,2.185,2.559,2.583,2.687,2.653,2.233,2.654,2.416,2.659,1.7750000000000001,2.6029999999999998,0.0,2.415,2.487,2.11,2.628,2.6470000000000002,2.6630000000000003,2.798,2.58,2.851,2.2969999999999997,2.311,1.669,2.585,2.248,2.497,2.659,2.66,2.6710000000000003,2.296,2.7110000000000003,2.685,2.684,2.6500000000000004,2.656
lo_A_model_1_unrelaxed_repeat077,2.0140000000000002,2.205,2.439,2.4560000000000004,2.09,2.411,1.964,2.0709999999999997,3.127,1.751,2.59,2.4539999999999997,2.284,2.151,2.064,2.196,2.4080000000000004,2.331,2.525,2.373,2.3609999999999998,2.2939999999999996,2.533,2.4699999999999998,2.106,2.089,2.129,2.513,2.404,2.3890000000000002,2.7110000000000003,2.2430000000000003,2.157,2.209,2.473,2.266,2.356,2.464,2.52,2.454,2.5220000000000002,2.277,2.434,2.3369999999999997,1.673,2.444,2.4000000000000004,1.8690000000000002,2.3289999999999997,2.6369999999999996,2.336,2.6870000000000003,2.406,2.6029999999999998,2.656,2.2119999999999997,2.2,2.473,2.526,2.4829999999999997,1.963,2.035,1.795,2.005,2.045,2.225,2.172,2.674,2.367,2.343,2.5069999999999997,2.431,2.4400000000000004,2.172,2.4290000000000003,2.415,0.0,2.3739999999999997,2.072,2.469,2.274,2.65,2.785,2.367,2.695,2.46,2.3230000000000004,2.238,2.411,2.483,2.018,2.5149999999999997,2.351,2.205,2.492,2.415,2.076,1.847,1.7879999999999998,2.54
lo_A_model_1_unrelaxed_repeat078,2.404,2.24,2.339,2.483,2.251,2.4379999999999997,2.24,2.1390000000000002,2.4,2.31,1.168,2.526,2.356,2.262,2.197,2.2,2.435,2.277,2.597,2.273,2.243,2.182,2.592,2.497,2.283,2.267,2.17,2.513,2.431,2.416,2.716,2.354,2.367,2.266,2.312,2.307,2.428,2.536,2.592,2.817,2.814,2.355,2.5060000000000002,2.399,2.323,2.434,2.371,1.804,2.229,2.581,2.4139999999999997,2.692,2.433,2.527,2.237,2.1479999999999997,2.238,2.5,2.598,2.424,1.782,2.3120000000000003,1.7449999999999999,2.472,2.266,2.488,2.139,2.24,2.215,1.919,2.5789999999999997,2.723,2.639,2.462,2.456,2.487,2.3739999999999997,0.0,1.754,2.723,2.248,2.41,2.434,2.199,2.2319999999999998,2.532,2.38,1.239,2.4379999999999997,2.555,2.598,2.32,2.359,2.209,2.564,2.442,1.5350000000000001,2.074,2.324,2.556
lo_A_model_1_unrelaxed_repeat079,2.229,1.726,2.1189999999999998,2.5540000000000003,2.209,2.509,1.8809999999999998,1.798,2.6799999999999997,1.7970000000000002,1.7570000000000001,2.749,2.301,2.537,2.151,1.9340000000000002,2.5060000000000002,1.815,2.479,2.016,2.0549999999999997,2.14,2.4909999999999997,2.5679999999999996,2.123,2.225,2.4699999999999998,2.406,2.502,2.487,2.705,2.412,2.325,2.16,2.27,2.267,2.051,2.159,2.551,2.636,2.737,2.318,2.129,2.254,2.305,2.402,2.456,1.79,2.033,2.6839999999999997,2.4779999999999998,2.681,2.504,2.549,2.08,2.17,1.9409999999999998,2.5709999999999997,2.221,2.279,1.7719999999999998,2.178,1.737,2.396,2.0260000000000002,2.585,2.818,3.0340000000000003,1.9089999999999998,2.165,2.55,2.763,2.7600000000000002,2.471,2.527,2.11,2.072,1.754,0.0,2.652,1.9929999999999999,1.8130000000000002,3.145,2.131,3.2199999999999998,2.155,2.2760000000000002,1.7930000000000001,2.509,2.178,2.483,2.278,2.726,1.9949999999999999,2.2359999999999998,2.513,1.6880000000000002,2.032,2.282,2.547
lo_A_model_1_unrelaxed_repeat080,2.715,2.8689999999999998,2.495,2.452,2.661,2.685,2.703,2.658,2.58,2.753,2.754,2.667,2.784,2.732,2.484,2.6710000000000003,2.847,2.8609999999999998,2.792,2.6159999999999997,2.6029999999999998,2.441,2.943,2.487,2.697,2.5140000000000002,2.41,2.048,2.433,2.636,2.7729999999999997,2.659,2.069,2.661,2.724,2.297,2.6710000000000003,2.677,2.809,2.4299999999999997,2.774,2.668,2.75,2.382,2.094,2.504,2.685,2.745,2.642,3.282,2.651,2.694,2.766,2.6879999999999997,2.572,2.654,2.778,2.549,2.739,2.919,2.684,2.692,2.3920000000000003,2.2,2.684,2.277,2.6740000000000004,2.528,2.758,2.652,2.7199999999999998,2.683,2.452,2.224,2.706,2.628,2.469,2.723,2.652,0.0,3.045,1.9849999999999999,2.7560000000000002,2.349,2.987,2.673,2.521,2.8659999999999997,2.755,2.711,2.371,2.665,2.5570000000000004,2.76,2.705,2.6399999999999997,2.439,2.564,2.692,2.64
lo_A_model_1_unrelaxed_repeat081,2.2809999999999997,1.384,2.3979999999999997,2.44,1.531,2.433,1.9849999999999999,1.9940000000000002,2.3689999999999998,1.8090000000000002,2.122,2.6710000000000003,2.5010000000000003,2.2569999999999997,2.309,1.421,2.4619999999999997,2.004,2.742,2.332,2.051,2.23,2.737,2.4539999999999997,2.698,2.1830000000000003,1.97,2.396,2.4210000000000003,2.4450000000000003,2.714,2.3230000000000004,2.304,2.127,2.0949999999999998,2.326,2.5730000000000004,2.681,2.737,2.805,2.8200000000000003,2.206,2.651,2.26,2.336,2.4219999999999997,2.385,2.49,2.2880000000000003,2.726,2.4669999999999996,2.699,2.458,2.569,1.832,2.19,1.9689999999999999,2.4210000000000003,2.7430000000000003,2.484,2.176,1.884,2.391,2.287,2.676,2.469,2.238,2.479,1.2309999999999999,2.24,2.724,2.698,2.573,3.2190000000000003,2.4059999999999997,2.6470000000000002,2.274,2.248,1.9929999999999999,3.045,0.0,1.96,2.59,2.6159999999999997,2.166,2.677,2.5250000000000004,2.112,2.519,2.7,2.387,2.3890000000000002,2.3280000000000003,2.012,2.709,2.46,2.275,2.3729999999999998,2.197,2.5389999999999997
lo_A_model_1_unrelaxed_repeat082,2.257,1.833,2.497,2.415,2.268,2.4290000000000003,1.94,1.655,2.348,1.802,2.045,2.702,2.532,1.761,2.471,2.0220000000000002,2.435,1.714,2.7729999999999997,2.431,2.106,2.33,2.768,2.429,1.737,2.284,1.751,2.549,2.394,2.418,2.7190000000000003,2.426,2.441,2.294,2.3289999999999997,2.6390000000000002,2.604,2.7119999999999997,2.768,2.374,2.765,2.327,2.682,2.59,2.668,2.4619999999999997,2.423,2.3600000000000003,2.387,2.7569999999999997,2.44,2.766,2.431,2.6390000000000002,2.111,2.0540000000000003,1.6800000000000002,2.432,2.774,2.519,2.0460000000000003,2.237,2.261,2.4539999999999997,2.5460000000000003,2.306,2.6959999999999997,2.697,1.968,1.9489999999999998,2.755,2.6740000000000004,2.4459999999999997,2.5309999999999997,2.388,2.6630000000000003,2.65,2.41,1.8130000000000002,1.9849999999999999,1.96,0.0,2.808,2.265,2.031,2.708,2.556,2.274,2.55,2.731,2.8120000000000003,2.551,2.431,1.7999999999999998,2.74,2.433,2.19,2.243,2.3409999999999997,2.5629999999999997
lo_A_model_1_unrelaxed_repeat083,2.3659999999999997,2.6399999999999997,2.538,2.936,2.5839999999999996,2.4610000000000003,2.562,2.972,2.548,2.6929999999999996,2.697,2.734,2.564,2.708,2.772,2.667,2.512,2.6799999999999997,2.8049999999999997,3.143,2.4459999999999997,2.319,2.8,2.573,2.626,2.8440000000000003,2.4779999999999998,3.0309999999999997,2.57,2.545,2.718,3.471,3.275,2.458,2.374,2.698,3.113,3.181,2.8,2.451,3.481,2.621,2.714,2.424,2.452,3.133,2.7039999999999997,2.742,2.516,3.973,2.5519999999999996,2.694,2.561,3.255,2.518,2.8659999999999997,2.5199999999999996,2.639,2.806,2.5469999999999997,2.601,2.794,2.6239999999999997,3.15,2.5759999999999996,1.899,3.7880000000000003,2.5069999999999997,2.843,2.5060000000000002,2.787,2.733,2.129,3.033,3.169,2.798,2.785,2.434,3.145,2.7560000000000002,2.59,2.808,0.0,2.541,3.1470000000000002,2.74,2.588,2.449,2.597,2.992,2.8680000000000003,2.491,2.8369999999999997,2.9589999999999996,2.7720000000000002,2.588,3.0349999999999997,2.697,2.589,2.545
lo_A_model_1_unrelaxed_repeat084,2.239,2.44,2.398,2.481,2.28,2.436,2.258,2.112,2.347,2.07,2.325,2.6189999999999998,2.449,2.379,2.422,2.386,2.433,2.432,2.69,2.106,2.4,2.032,2.685,2.495,2.268,2.113,2.104,2.363,2.4290000000000003,2.5570000000000004,2.716,2.4610000000000003,2.21,2.399,2.395,2.304,2.521,2.629,2.685,2.372,2.747,2.35,2.599,2.308,2.177,2.324,2.373,2.237,2.729,2.674,2.4219999999999997,2.692,2.519,2.471,2.404,2.443,2.6100000000000003,2.498,2.691,2.49,2.255,2.186,2.232,2.358,2.062,2.341,2.4890000000000003,2.317,2.065,2.223,2.6719999999999997,2.656,2.505,2.213,2.4539999999999997,2.58,2.367,2.199,2.131,2.349,2.6159999999999997,2.265,2.541,0.0,2.442,2.625,2.473,2.437,2.467,2.648,2.183,2.105,2.629,2.395,2.657,2.44,2.181,2.042,2.258,2.5300000000000002
lo_A_model_1_unrelaxed_repeat085,2.269,2.078,2.44,2.701,2.19,2.487,2.106,2.213,2.284,2.0629999999999997,2.332,2.645,2.475,2.141,2.549,2.235,2.516,2.131,2.716,2.769,2.433,2.253,2.7110000000000003,2.508,2.223,2.778,2.458,2.891,2.475,2.499,2.7190000000000003,3.6630000000000003,3.296,2.189,2.161,2.684,3.201,2.6550000000000002,2.7110000000000003,3.408,3.197,2.372,2.625,3.129,2.891,2.3569999999999998,2.2190000000000003,2.322,2.403,2.7,2.521,2.709,2.512,2.521,2.226,2.513,2.221,2.4850000000000003,2.717,2.458,2.346,2.543,2.44,2.46,2.669,2.537,3.251,2.629,2.021,2.188,2.698,2.686,2.641,3.12,2.46,2.851,2.695,2.2319999999999998,3.2199999999999998,2.987,2.166,2.031,3.1470000000000002,2.442,0.0,2.651,2.69,2.267,2.504,2.6740000000000004,3.015,2.815,2.379,2.161,2.77,2.5140000000000002,2.5149999999999997,2.442,3.315,2.529
lo_A_model_1_unrelaxed_repeat086,2.385,2.7249999999999996,2.496,2.587,2.651,2.542,2.605,2.5629999999999997,2.423,2.279,2.018,2.511,2.226,2.683,2.199,2.534,2.539,2.721,2.512,2.714,2.718,2.357,2.505,2.601,2.686,2.1079999999999997,2.6479999999999997,2.683,2.535,2.52,2.705,2.691,2.067,2.032,2.607,2.434,2.065,1.955,2.584,2.455,2.4669999999999996,2.575,1.999,2.654,2.498,2.416,2.691,1.9609999999999999,2.386,2.666,2.727,2.681,2.7279999999999998,2.6870000000000003,2.693,2.617,2.661,2.604,1.888,2.393,2.5220000000000002,2.693,2.724,2.597,2.23,2.604,2.628,2.708,2.698,2.278,2.583,2.464,2.7039999999999997,2.5180000000000002,2.56,2.2969999999999997,2.46,2.532,2.155,2.673,2.677,2.708,2.74,2.625,2.651,0.0,2.293,2.148,2.542,1.808,2.489,2.7039999999999997,2.705,2.716,2.061,2.7560000000000002,2.73,2.729,2.6950000000000003,2.508
lo_A_model_1_unrelaxed_repeat087,2.326,2.573,2.383,2.483,2.499,2.4379999999999997,2.4530000000000003,2.411,2.6839999999999997,2.3,2.481,2.427,2.292,2.531,2.391,2.382,2.435,2.569,2.4170000000000003,2.5620000000000003,2.566,2.327,2.372,2.497,2.534,2.547,2.496,2.531,2.431,2.423,2.694,2.6020000000000003,2.406,2.277,2.455,2.351,2.279,2.333,2.48,2.362,2.474,2.423,2.466,2.661,2.396,2.289,2.628,2.471,2.4050000000000002,3.516,2.575,2.67,2.576,2.535,2.5410000000000004,2.465,2.5090000000000003,2.5,2.311,2.32,2.495,2.5410000000000004,2.572,2.837,2.301,2.452,3.6660000000000004,2.556,2.721,2.313,2.479,2.443,2.552,2.36,2.456,2.311,2.3230000000000004,2.38,2.2760000000000002,2.521,2.5250000000000004,2.556,2.588,2.473,2.69,2.293,0.0,2.391,2.4379999999999997,2.294,2.7960000000000003,2.552,2.553,2.564,2.284,2.604,2.5780000000000003,2.591,2.543,2.539
lo_A_model_1_unrelaxed_repeat088,2.268,2.104,2.328,2.466,2.0949999999999998,2.455,2.104,2.003,2.338,2.174,1.617,2.499,2.199,2.126,2.061,2.044,2.484,2.141,2.4690000000000003,2.262,2.1069999999999998,1.887,2.161,2.48,1.879,2.088,2.207,2.346,2.443,2.467,2.718,1.971,2.271,2.293,2.146,2.295,1.8519999999999999,2.227,2.463,2.983,2.617,2.347,2.152,2.426,2.358,2.461,2.3529999999999998,1.689,2.331,2.6,2.489,2.694,2.48,2.489,2.101,1.937,2.102,2.483,2.133,2.4509999999999996,1.667,2.176,1.832,2.453,2.13,2.523,2.165,2.338,2.0789999999999997,1.9629999999999999,2.462,2.526,2.674,3.04,2.439,1.669,2.238,1.239,1.7930000000000001,2.8659999999999997,2.112,2.274,2.449,2.437,2.267,2.148,2.391,0.0,2.472,2.033,2.5149999999999997,2.34,2.469,2.051,2.335,2.482,1.384,2.051,2.1929999999999996,2.512
lo_A_model_1_unrelaxed_repeat089,2.38,2.567,2.437,2.352,2.4930000000000003,1.9300000000000002,2.447,2.476,2.459,2.475,2.602,2.4240000000000004,2.3899999999999997,2.5250000000000004,2.409,2.3760000000000003,2.4450000000000003,2.5629999999999997,2.445,2.556,2.56,2.444,2.5300000000000002,1.932,2.528,2.475,2.596,2.5250000000000004,2.312,1.931,2.702,2.536,2.411,2.3579999999999997,2.485,2.495,2.4619999999999997,2.41,2.447,2.558,2.5389999999999997,2.426,2.429,2.496,2.34,2.441,2.5330000000000004,2.371,2.402,3.0389999999999997,2.569,2.827,2.5700000000000003,2.588,2.668,2.511,2.503,2.074,2.4370000000000003,2.526,2.364,2.535,2.566,2.504,2.488,2.4619999999999997,2.749,2.55,2.54,2.473,2.162,2.448,2.599,2.712,1.729,2.585,2.411,2.4379999999999997,2.509,2.755,2.519,2.55,2.597,2.467,2.504,2.542,2.4379999999999997,2.472,0.0,2.39,2.7,2.5460000000000003,2.5469999999999997,2.558,2.419,2.598,2.572,2.5709999999999997,2.537,2.583
lo_A_model_1_unrelaxed_repeat090,2.4080000000000004,2.748,2.17,2.422,2.6740000000000004,2.377,2.628,2.5860000000000003,2.446,1.637,1.8479999999999999,2.596,2.2409999999999997,2.7060000000000004,2.29,2.5570000000000004,2.402,2.7439999999999998,2.387,2.737,2.741,2.38,2.19,2.436,2.709,2.207,2.6710000000000003,2.7060000000000004,2.426,2.3850000000000002,2.6790000000000003,2.7140000000000004,2.154,2.215,2.63,2.457,2.044,1.916,2.419,2.4779999999999998,2.428,2.598,1.714,2.677,2.521,2.383,2.7140000000000004,2.091,2.06,2.327,2.75,2.6550000000000002,2.7510000000000003,2.71,2.716,2.64,2.684,2.439,1.542,2.373,2.545,2.716,2.747,2.62,2.277,2.627,2.651,2.8810000000000002,2.721,2.301,2.418,2.6100000000000003,2.7270000000000003,2.75,2.395,2.248,2.483,2.555,2.178,2.711,2.7,2.731,2.992,2.648,2.6740000000000004,1.808,2.294,2.033,2.39,0.0,2.586,2.7270000000000003,2.7279999999999998,2.739,2.257,2.779,2.753,2.752,2.718,2.5010000000000003
lo_A_model_1_unrelaxed_repeat091,2.59,2.3979999999999997,2.477,2.492,2.536,2.56,2.578,2.533,3.2889999999999997,2.628,2.513,2.467,2.4699999999999998,2.607,2.165,2.5460000000000003,2.468,2.4930000000000003,2.4400000000000004,2.498,2.379,2.4370000000000003,2.644,2.506,2.466,2.394,2.206,2.612,2.44,2.4850000000000003,2.7110000000000003,2.54,2.4939999999999998,2.536,2.439,2.434,2.5460000000000003,2.302,2.489,3.422,2.596,2.326,2.414,2.4210000000000003,2.584,2.456,2.56,2.62,2.517,3.875,2.526,2.958,2.641,2.5629999999999997,2.407,2.529,2.653,2.509,2.558,2.6189999999999998,2.527,2.523,2.415,2.484,2.559,2.8,2.361,2.6430000000000002,2.633,2.587,2.488,2.505,2.6550000000000002,2.907,2.581,2.497,2.018,2.598,2.483,2.371,2.387,2.8120000000000003,2.8680000000000003,2.183,3.015,2.489,2.7960000000000003,2.5149999999999997,2.7,2.586,0.0,2.581,2.619,2.635,2.4770000000000003,2.5149999999999997,2.436,2.623,2.567,2.553
lo_A_model_1_unrelaxed_repeat092,2.545,2.3810000000000002,2.407,2.7199999999999998,2.372,2.425,2.3810000000000002,2.2800000000000002,2.392,2.451,2.2809999999999997,2.698,2.528,2.403,2.338,2.367,2.441,2.418,2.769,2.3369999999999997,2.384,1.932,2.7640000000000002,2.4699999999999998,2.38,2.331,2.394,2.4859999999999998,2.404,2.4240000000000004,2.716,1.8419999999999999,1.9629999999999999,2.352,2.423,2.315,2.6,2.708,2.7640000000000002,2.231,2.779,2.388,2.678,2.238,2.012,2.27,2.37,2.282,2.328,2.78,2.4459999999999997,2.692,2.4370000000000003,2.4459999999999997,2.378,2.245,2.379,2.473,2.77,2.511,2.248,2.4530000000000003,2.583,2.4299999999999997,2.407,2.2439999999999998,2.492,2.605,2.356,2.089,2.751,2.6879999999999997,2.521,2.114,2.519,2.659,2.5149999999999997,2.32,2.278,2.665,2.3890000000000002,2.551,2.491,2.105,2.815,2.7039999999999997,2.552,2.34,2.5460000000000003,2.7270000000000003,2.581,0.0,2.364,2.3280000000000003,2.7359999999999998,2.516,2.341,2.344,2.415,2.535
lo_A_model_1_unrelaxed_repeat093,2.26,2.565,2.509,2.521,2.509,2.482,2.487,2.293,2.63,2.3689999999999998,2.636,2.699,2.5469999999999997,2.552,2.386,2.567,2.492,2.391,2.7699999999999996,2.534,2.574,2.263,2.7649999999999997,2.535,2.404,2.518,2.427,2.306,2.4690000000000003,2.4539999999999997,2.753,3.169,2.802,2.515,2.383,2.305,2.707,2.7089999999999996,2.7649999999999997,3.459,2.768,2.5460000000000003,2.679,3.268,2.634,2.3160000000000003,2.49,2.6260000000000003,2.56,2.7539999999999996,2.558,2.956,2.6100000000000003,2.483,2.5300000000000002,2.352,2.5250000000000004,2.777,2.848,2.5119999999999996,2.6500000000000004,2.282,2.542,2.508,2.469,2.374,2.757,2.68,2.359,2.624,2.752,2.677,2.692,2.841,2.4939999999999998,2.66,2.351,2.359,2.726,2.5570000000000004,2.3280000000000003,2.431,2.8369999999999997,2.629,2.379,2.705,2.553,2.469,2.5469999999999997,2.7279999999999998,2.619,2.364,0.0,2.3120000000000003,2.87,2.48,2.423,2.746,2.8209999999999997,2.668
lo_A_model_1_unrelaxed_repeat094,2.284,1.956,2.5229999999999997,2.583,1.6179999999999999,2.5380000000000003,1.915,1.7690000000000001,2.279,1.673,2.122,2.71,2.54,2.036,2.4939999999999998,2.027,2.535,1.677,2.7809999999999997,2.457,1.855,2.107,2.776,2.597,2.136,2.185,2.207,2.545,2.531,2.516,2.7119999999999997,2.3070000000000004,2.1630000000000003,2.224,1.712,2.299,2.612,2.7199999999999998,2.776,2.959,2.822,2.358,2.69,2.357,2.29,2.392,2.257,2.49,2.4130000000000003,2.7649999999999997,2.4749999999999996,2.832,2.5330000000000004,2.545,2.0620000000000003,2.184,2.267,2.6,2.782,2.5229999999999997,2.176,1.843,2.391,2.5090000000000003,2.676,2.399,2.495,2.848,1.73,1.8399999999999999,2.763,2.701,2.574,2.717,2.556,2.6710000000000003,2.205,2.209,1.9949999999999999,2.76,2.012,1.7999999999999998,2.9589999999999996,2.395,2.161,2.716,2.564,2.051,2.558,2.739,2.635,2.3280000000000003,2.3120000000000003,0.0,2.748,2.542,2.0229999999999997,2.3729999999999998,2.197,2.5
lo_A_model_1_unrelaxed_repeat095,2.417,2.7569999999999997,2.251,2.444,2.683,2.402,2.637,2.5949999999999998,2.455,2.338,2.276,2.426,2.2439999999999998,2.715,2.226,2.566,2.431,2.753,2.4160000000000004,2.746,2.75,2.3890000000000002,2.395,2.458,2.718,1.639,2.6799999999999997,2.715,2.435,2.414,2.701,2.723,1.8,2.064,2.6390000000000002,2.466,2.358,1.7930000000000001,2.441,2.794,2.803,2.607,2.395,2.686,2.5300000000000002,2.306,2.723,2.332,2.323,3.0519999999999996,2.759,2.835,2.76,2.7190000000000003,2.725,2.649,2.693,2.4610000000000003,2.2119999999999997,1.592,2.5540000000000003,2.725,2.7560000000000002,2.629,2.288,2.636,2.66,2.74,2.73,2.31,2.4400000000000004,2.7119999999999997,2.7359999999999998,2.72,2.417,2.296,2.492,2.564,2.2359999999999998,2.705,2.709,2.74,2.7720000000000002,2.657,2.77,2.061,2.284,2.335,2.419,2.257,2.4770000000000003,2.7359999999999998,2.87,2.748,0.0,2.7880000000000003,2.762,2.761,2.7270000000000003,2.528
lo_A_model_1_unrelaxed_repeat096,2.39,2.504,2.447,2.532,2.4619999999999997,2.4770000000000003,2.43,2.4859999999999998,2.469,2.485,2.4459999999999997,2.75,2.58,2.476,2.419,2.366,2.043,2.727,2.8209999999999997,2.676,2.41,2.4539999999999997,2.816,2.391,2.422,2.485,2.5999999999999996,2.5140000000000002,2.351,2.596,2.718,2.5460000000000003,2.4210000000000003,2.362,2.415,2.505,2.652,2.76,2.816,2.568,2.7720000000000002,2.436,2.73,2.9,2.503,2.442,2.496,2.3810000000000002,2.412,2.8049999999999997,2.254,2.694,2.067,2.604,2.498,2.521,2.364,2.363,2.822,2.5629999999999997,2.365,2.493,2.432,2.3890000000000002,2.498,2.472,3.122,2.556,2.423,2.477,2.803,2.681,2.843,2.4539999999999997,2.496,2.7110000000000003,2.415,2.442,2.513,2.6399999999999997,2.46,2.433,2.588,2.44,2.5140000000000002,2.7560000000000002,2.604,2.482,2.598,2.779,2.5149999999999997,2.516,2.48,2.542,2.7880000000000003,0.0,2.513,2.439,2.422,2.5380000000000003
lo_A_model_1_unrelaxed_repeat097,2.274,1.866,2.509,2.511,2.169,2.4859999999999998,1.8409999999999997,1.664,2.533,1.802,1.7389999999999999,2.724,2.5540000000000003,2.232,2.157,2.0140000000000002,2.5149999999999997,1.895,2.795,2.443,2.028,2.1,2.79,2.525,2.08,2.185,2.215,2.298,2.474,2.498,2.7190000000000003,2.316,2.285,2.294,2.23,2.301,2.6260000000000003,2.734,2.79,2.455,2.782,2.343,2.7039999999999997,2.427,2.339,2.4619999999999997,2.442,2.002,2.399,2.779,2.5199999999999996,2.6950000000000003,2.511,2.5199999999999996,2.332,1.8880000000000001,2.018,2.528,2.7960000000000003,2.537,1.98,2.138,1.851,2.4539999999999997,2.075,2.4749999999999996,2.5250000000000004,2.924,1.8689999999999998,2.344,2.777,2.691,2.65,2.613,2.484,2.685,2.076,1.5350000000000001,1.6880000000000002,2.439,2.275,2.19,3.0349999999999997,2.181,2.5149999999999997,2.73,2.5780000000000003,1.384,2.572,2.753,2.436,2.341,2.423,2.0229999999999997,2.762,2.513,0.0,2.052,2.242,2.55
lo_A_model_1_unrelaxed_repeat098,2.558,2.13,2.471,2.5279999999999996,2.258,2.45,2.131,2.014,2.339,2.1799999999999997,2.675,2.758,2.553,2.274,2.096,2.364,2.4320000000000004,2.344,2.7939999999999996,2.0909999999999997,2.4459999999999997,1.87,2.7889999999999997,2.4939999999999998,2.1310000000000002,1.873,2.373,2.67,2.428,2.4299999999999997,2.713,1.827,1.943,2.377,2.558,2.296,2.625,2.7329999999999997,2.7889999999999997,2.556,2.811,2.328,2.703,2.137,2.683,2.384,2.3680000000000003,1.9929999999999999,2.0389999999999997,2.7779999999999996,2.426,2.689,2.43,2.5309999999999997,2.741,2.152,2.368,2.497,2.795,2.5359999999999996,1.79,1.7879999999999998,2.3369999999999997,2.313,2.018,2.817,2.576,2.681,2.452,2.068,2.776,2.7199999999999998,2.863,2.361,2.4530000000000003,2.684,1.847,2.074,2.032,2.564,2.3729999999999998,2.243,2.697,2.042,2.442,2.729,2.591,2.051,2.5709999999999997,2.752,2.623,2.344,2.746,2.3729999999999998,2.761,2.439,2.052,0.0,1.619,2.527
lo_A_model_1_unrelaxed_repeat099,2.285,2.38,2.33,2.724,2.082,2.4160000000000004,1.955,2.009,2.339,2.4299999999999997,2.169,2.689,2.519,2.2,2.191,2.2199999999999998,2.424,2.069,2.76,2.3409999999999997,2.3129999999999997,2.194,2.755,2.453,2.2329999999999997,1.524,2.372,2.4130000000000003,2.387,2.407,2.713,1.943,2.057,2.201,2.197,2.296,2.591,2.699,2.755,2.731,2.793,2.367,2.669,2.265,2.118,2.31,2.399,2.135,2.2199999999999998,2.7439999999999998,2.429,2.689,2.42,2.503,2.206,2.2489999999999997,2.192,2.456,2.761,2.502,1.932,2.184,2.5869999999999997,2.441,2.127,2.252,2.502,2.609,1.9509999999999998,2.067,2.742,2.702,2.329,2.104,2.5229999999999997,2.6500000000000004,1.7879999999999998,2.324,2.282,2.692,2.197,2.3409999999999997,2.589,2.258,3.315,2.6950000000000003,2.543,2.1929999999999996,2.537,2.718,2.567,2.415,2.8209999999999997,2.197,2.7270000000000003,2.422,2.242,1.619,0.0,2.525
lo_A_model_1_unrelaxed_repeat100,2.558,2.551,2.512,2.555,2.512,2.52,2.5220000000000002,2.5469999999999997,2.544,2.5759999999999996,2.5650000000000004,2.591,2.5140000000000002,2.564,2.52,2.545,2.583,2.4939999999999998,2.5549999999999997,2.55,2.5540000000000003,2.5380000000000003,2.537,2.528,2.5540000000000003,2.527,2.533,2.5570000000000004,2.536,2.497,2.713,2.5469999999999997,2.533,2.54,2.496,2.5300000000000002,2.534,2.521,2.545,3.117,2.9320000000000004,2.576,2.55,2.565,2.5149999999999997,2.5999999999999996,2.5380000000000003,2.526,2.564,2.615,2.511,2.689,2.536,2.513,2.528,2.537,2.552,2.497,2.471,2.59,2.501,2.5389999999999997,2.545,2.5919999999999996,2.685,2.553,2.527,2.585,2.5380000000000003,2.5469999999999997,2.55,2.6870000000000003,2.599,2.713,2.537,2.656,2.54,2.556,2.547,2.64,2.5389999999999997,2.5629999999999997,2.545,2.5300000000000002,2.529,2.508,2.539,2.512,2.583,2.5010000000000003,2.553,2.535,2.668,2.5,2.528,2.5380000000000003,2.55,2.527,2.525,0.0
