pdb_id,model_id,chain_id,start_residue,chain_length,stage,error,source_shard,failure_type,expected_invariant_residues,observed_invariant_residues,missing_invariant_residues
1AAM,1,A,1,396,chain,"ValueError('Expected 396 invariant residues, got 395')",shard_00022_failures.csv,residue_count_mismatch,396,395,1
1CRX,1,F,1,322,chain,"ValueError('Expected 322 invariant residues, got 321')",shard_00121_failures.csv,residue_count_mismatch,322,321,1
1J0E,1,A,1,341,chain,"ValueError('Expected 341 invariant residues, got 340')",shard_00065_failures.csv,residue_count_mismatch,341,340,1
1J0E,1,B,1,341,chain,"ValueError('Expected 341 invariant residues, got 340')",shard_00065_failures.csv,residue_count_mismatch,341,340,1
1J0E,1,C,1,341,chain,"ValueError('Expected 341 invariant residues, got 340')",shard_00065_failures.csv,residue_count_mismatch,341,340,1
1J0E,1,D,1,341,chain,"ValueError('Expected 341 invariant residues, got 340')",shard_00065_failures.csv,residue_count_mismatch,341,340,1
1SFT,1,A,2,382,chain,"ValueError('Expected 382 invariant residues, got 381')",shard_00119_failures.csv,residue_count_mismatch,382,381,1
1SFT,1,B,2,380,chain,"ValueError('Expected 380 invariant residues, got 379')",shard_00119_failures.csv,residue_count_mismatch,380,379,1
2AAA,1,A,1,476,chain,"AttributeError(""'NoneType' object has no attribute 'copy'"")",shard_00062_failures.csv,invariant_not_generated,,,
2NBI,1,A,1,494,chain,"ValueError('Expected 494 invariant residues, got 485')",shard_00142_failures.csv,residue_count_mismatch,494,485,9
2OMG,1,A,1,21,chain,"ValueError('Expected 21 invariant residues, got 20')",shard_00130_failures.csv,residue_count_mismatch,21,20,1
2OMG,1,D,1,28,chain,"ValueError('Expected 28 invariant residues, got 27')",shard_00130_failures.csv,residue_count_mismatch,28,27,1
2OMG,1,E,1,21,chain,"ValueError('Expected 21 invariant residues, got 20')",shard_00130_failures.csv,residue_count_mismatch,21,20,1
2OMG,1,F,1,28,chain,"ValueError('Expected 28 invariant residues, got 27')",shard_00130_failures.csv,residue_count_mismatch,28,27,1
2Y1L,1,H,1,4,chain,"ValueError('Expected 4 invariant residues, got 3')",shard_00117_failures.csv,residue_count_mismatch,4,3,1
2Z1Y,1,B,4,394,chain,"AttributeError(""'NoneType' object has no attribute 'copy'"")",shard_00112_failures.csv,invariant_not_generated,,,
4TKY,1,E,1,7,chain,"ValueError('Expected 7 invariant residues, got 6')",shard_00102_failures.csv,residue_count_mismatch,7,6,1
4TKY,1,F,1,7,chain,"ValueError('Expected 7 invariant residues, got 6')",shard_00102_failures.csv,residue_count_mismatch,7,6,1
4TKY,1,G,1,7,chain,"ValueError('Expected 7 invariant residues, got 6')",shard_00102_failures.csv,residue_count_mismatch,7,6,1
4TKY,1,H,1,7,chain,"ValueError('Expected 7 invariant residues, got 6')",shard_00102_failures.csv,residue_count_mismatch,7,6,1
5CGH,1,CA,4,1,chain,"AttributeError(""'NoneType' object has no attribute 'copy'"")",shard_00146_failures.csv,invariant_not_generated,,,
5CGH,1,DA,4,1,chain,"AttributeError(""'NoneType' object has no attribute 'copy'"")",shard_00146_failures.csv,invariant_not_generated,,,
5LF6,1,K,1,2,chain,"ValueError('Expected 2 invariant residues, got 1')",shard_00079_failures.csv,residue_count_mismatch,2,1,1
5LF6,1,Z,1,2,chain,"ValueError('Expected 2 invariant residues, got 1')",shard_00079_failures.csv,residue_count_mismatch,2,1,1
5TGM,1,M,2,155,chain,"ValueError('Expected 155 invariant residues, got 154')",shard_00093_failures.csv,residue_count_mismatch,155,154,1
5TGM,1,N,20,124,chain,"ValueError('Expected 124 invariant residues, got 105')",shard_00093_failures.csv,residue_count_mismatch,124,105,19
5TGM,1,NC,2,146,chain,"ValueError('Expected 146 invariant residues, got 145')",shard_00093_failures.csv,residue_count_mismatch,146,145,1
5TGM,1,OC,20,124,chain,"ValueError('Expected 124 invariant residues, got 105')",shard_00093_failures.csv,residue_count_mismatch,124,105,19
5TGM,1,Q,8,124,chain,"ValueError('Expected 124 invariant residues, got 121')",shard_00093_failures.csv,residue_count_mismatch,124,121,3
5TGM,1,RC,4,135,chain,"ValueError('Expected 135 invariant residues, got 132')",shard_00093_failures.csv,residue_count_mismatch,135,132,3
5TGM,1,TD,24,231,chain,"ValueError('Expected 231 invariant residues, got 208')",shard_00093_failures.csv,residue_count_mismatch,231,208,23
5U8X,1,A,30,497,chain,"AttributeError(""'NoneType' object has no attribute 'copy'"")",shard_00025_failures.csv,invariant_not_generated,,,
5U8X,1,C,27,500,chain,"AttributeError(""'NoneType' object has no attribute 'copy'"")",shard_00025_failures.csv,invariant_not_generated,,,
5U8X,1,D,30,497,chain,"AttributeError(""'NoneType' object has no attribute 'copy'"")",shard_00025_failures.csv,invariant_not_generated,,,
6D6V,1,B,511,185,chain,"ValueError('Expected 185 invariant residues, got 145')",shard_00139_failures.csv,residue_count_mismatch,185,145,40
6NSR,1,E,114,1,chain,"AttributeError(""'NoneType' object has no attribute 'copy'"")",shard_00006_failures.csv,invariant_not_generated,,,
6QNX,1,B,321,74,chain,"AttributeError(""'NoneType' object has no attribute 'copy'"")",shard_00155_failures.csv,invariant_not_generated,,,
6QNX,1,C,223,9,chain,"AttributeError(""'NoneType' object has no attribute 'copy'"")",shard_00155_failures.csv,invariant_not_generated,,,
6TVW,1,B,7,9,chain,"AttributeError(""'NoneType' object has no attribute 'copy'"")",shard_00009_failures.csv,invariant_not_generated,,,
6XND,1,A,3,121,chain,"AttributeError(""'NoneType' object has no attribute 'copy'"")",shard_00185_failures.csv,invariant_not_generated,,,
6XND,1,B,3,121,chain,"AttributeError(""'NoneType' object has no attribute 'copy'"")",shard_00185_failures.csv,invariant_not_generated,,,
6XND,1,C,3,121,chain,"AttributeError(""'NoneType' object has no attribute 'copy'"")",shard_00185_failures.csv,invariant_not_generated,,,
6XND,1,D,3,121,chain,"AttributeError(""'NoneType' object has no attribute 'copy'"")",shard_00185_failures.csv,invariant_not_generated,,,
7CLR,1,,22,211,chain,"ValueError('Expected 211 invariant residues, got 200')",shard_00084_failures.csv,residue_count_mismatch,211,200,11
7CLR,1,AA,22,211,chain,"ValueError('Expected 211 invariant residues, got 200')",shard_00084_failures.csv,residue_count_mismatch,211,200,11
7CLR,1,BA,22,211,chain,"ValueError('Expected 211 invariant residues, got 200')",shard_00084_failures.csv,residue_count_mismatch,211,200,11
7CLR,1,CA,22,211,chain,"ValueError('Expected 211 invariant residues, got 200')",shard_00084_failures.csv,residue_count_mismatch,211,200,11
7CLR,1,DA,22,211,chain,"ValueError('Expected 211 invariant residues, got 200')",shard_00084_failures.csv,residue_count_mismatch,211,200,11
7CLR,1,EA,22,211,chain,"ValueError('Expected 211 invariant residues, got 200')",shard_00084_failures.csv,residue_count_mismatch,211,200,11
7CLR,1,FA,22,211,chain,"ValueError('Expected 211 invariant residues, got 200')",shard_00084_failures.csv,residue_count_mismatch,211,200,11
7CLR,1,GA,22,211,chain,"ValueError('Expected 211 invariant residues, got 200')",shard_00084_failures.csv,residue_count_mismatch,211,200,11
7CLR,1,HA,22,211,chain,"ValueError('Expected 211 invariant residues, got 200')",shard_00084_failures.csv,residue_count_mismatch,211,200,11
7CLR,1,IA,22,211,chain,"ValueError('Expected 211 invariant residues, got 200')",shard_00084_failures.csv,residue_count_mismatch,211,200,11
7CLR,1,JA,22,211,chain,"ValueError('Expected 211 invariant residues, got 200')",shard_00084_failures.csv,residue_count_mismatch,211,200,11
7CLR,1,KA,22,211,chain,"ValueError('Expected 211 invariant residues, got 200')",shard_00084_failures.csv,residue_count_mismatch,211,200,11
7CLR,1,LA,22,211,chain,"ValueError('Expected 211 invariant residues, got 200')",shard_00084_failures.csv,residue_count_mismatch,211,200,11
7CLR,1,MA,22,211,chain,"ValueError('Expected 211 invariant residues, got 200')",shard_00084_failures.csv,residue_count_mismatch,211,200,11
7CLR,1,OA,22,211,chain,"ValueError('Expected 211 invariant residues, got 200')",shard_00084_failures.csv,residue_count_mismatch,211,200,11
7CLR,1,PA,22,211,chain,"ValueError('Expected 211 invariant residues, got 200')",shard_00084_failures.csv,residue_count_mismatch,211,200,11
7CLR,1,QA,22,211,chain,"ValueError('Expected 211 invariant residues, got 200')",shard_00084_failures.csv,residue_count_mismatch,211,200,11
7CLR,1,RA,22,211,chain,"ValueError('Expected 211 invariant residues, got 200')",shard_00084_failures.csv,residue_count_mismatch,211,200,11
7CLR,1,SA,22,211,chain,"ValueError('Expected 211 invariant residues, got 200')",shard_00084_failures.csv,residue_count_mismatch,211,200,11
7CLR,1,TA,22,211,chain,"ValueError('Expected 211 invariant residues, got 200')",shard_00084_failures.csv,residue_count_mismatch,211,200,11
7CLR,1,UA,22,211,chain,"ValueError('Expected 211 invariant residues, got 200')",shard_00084_failures.csv,residue_count_mismatch,211,200,11
7CLR,1,VA,22,211,chain,"ValueError('Expected 211 invariant residues, got 200')",shard_00084_failures.csv,residue_count_mismatch,211,200,11
7CLR,1,WA,22,211,chain,"ValueError('Expected 211 invariant residues, got 200')",shard_00084_failures.csv,residue_count_mismatch,211,200,11
7CLR,1,XA,22,211,chain,"ValueError('Expected 211 invariant residues, got 200')",shard_00084_failures.csv,residue_count_mismatch,211,200,11
7CLR,1,YA,22,211,chain,"ValueError('Expected 211 invariant residues, got 200')",shard_00084_failures.csv,residue_count_mismatch,211,200,11
7CLR,1,ZA,22,211,chain,"ValueError('Expected 211 invariant residues, got 200')",shard_00084_failures.csv,residue_count_mismatch,211,200,11
7ED1,1,A,2,223,chain,"ValueError('Expected 223 invariant residues, got 222')",shard_00179_failures.csv,residue_count_mismatch,223,222,1
7ED1,1,B,2,223,chain,"ValueError('Expected 223 invariant residues, got 222')",shard_00179_failures.csv,residue_count_mismatch,223,222,1
7K0I,1,B,53,492,chain,"ValueError('Expected 492 invariant residues, got 491')",shard_00124_failures.csv,residue_count_mismatch,492,491,1
7K0I,1,F,53,492,chain,"ValueError('Expected 492 invariant residues, got 491')",shard_00124_failures.csv,residue_count_mismatch,492,491,1
7K0J,1,B,53,492,chain,"ValueError('Expected 492 invariant residues, got 491')",shard_00156_failures.csv,residue_count_mismatch,492,491,1
7K0K,1,B,53,492,chain,"ValueError('Expected 492 invariant residues, got 491')",shard_00167_failures.csv,residue_count_mismatch,492,491,1
7K0M,1,B,53,492,chain,"ValueError('Expected 492 invariant residues, got 491')",shard_00194_failures.csv,residue_count_mismatch,492,491,1
7K0M,1,H,53,492,chain,"ValueError('Expected 492 invariant residues, got 491')",shard_00194_failures.csv,residue_count_mismatch,492,491,1
7K0N,1,B,53,491,chain,"ValueError('Expected 491 invariant residues, got 490')",shard_00187_failures.csv,residue_count_mismatch,491,490,1
7K0N,1,H,53,491,chain,"ValueError('Expected 491 invariant residues, got 490')",shard_00187_failures.csv,residue_count_mismatch,491,490,1
7K0O,1,B,53,492,chain,"ValueError('Expected 492 invariant residues, got 491')",shard_00101_failures.csv,residue_count_mismatch,492,491,1
7K0O,1,H,53,492,chain,"ValueError('Expected 492 invariant residues, got 491')",shard_00101_failures.csv,residue_count_mismatch,492,491,1
7K0P,1,B,53,492,chain,"ValueError('Expected 492 invariant residues, got 491')",shard_00187_failures.csv,residue_count_mismatch,492,491,1
7K0P,1,F,53,492,chain,"ValueError('Expected 492 invariant residues, got 491')",shard_00187_failures.csv,residue_count_mismatch,492,491,1
7MQ8,1,WB,46,245,chain,"ValueError('Expected 245 invariant residues, got 193')",shard_00020_failures.csv,residue_count_mismatch,245,193,52
7STX,1,C,1,5,chain,"ValueError('Expected 5 invariant residues, got 4')",shard_00098_failures.csv,residue_count_mismatch,5,4,1
7T3M,1,C,1,122,chain,"ValueError('Expected 122 invariant residues, got 103')",shard_00006_failures.csv,residue_count_mismatch,122,103,19
7T3M,1,E,1,122,chain,"ValueError('Expected 122 invariant residues, got 103')",shard_00006_failures.csv,residue_count_mismatch,122,103,19
7T3M,1,F,1,122,chain,"ValueError('Expected 122 invariant residues, got 103')",shard_00006_failures.csv,residue_count_mismatch,122,103,19
7T3M,1,G,1,110,chain,"AttributeError(""'NoneType' object has no attribute 'copy'"")",shard_00006_failures.csv,invariant_not_generated,,,
7T3M,1,H,1,110,chain,"AttributeError(""'NoneType' object has no attribute 'copy'"")",shard_00006_failures.csv,invariant_not_generated,,,
7T3M,1,I,1,110,chain,"AttributeError(""'NoneType' object has no attribute 'copy'"")",shard_00006_failures.csv,invariant_not_generated,,,
7TDW,1,A,91,90,chain,"ValueError('Expected 90 invariant residues, got 73')",shard_00000_failures.csv,residue_count_mismatch,90,73,17
7UA4,1,E,2,107,chain,"ValueError('Expected 107 invariant residues, got 103')",shard_00159_failures.csv,residue_count_mismatch,107,103,4
7XOH,1,A,4,458,chain,"ValueError('Expected 458 invariant residues, got 457')",shard_00013_failures.csv,residue_count_mismatch,458,457,1
7XOH,1,B,4,458,chain,"ValueError('Expected 458 invariant residues, got 457')",shard_00013_failures.csv,residue_count_mismatch,458,457,1
7XOH,1,C,4,458,chain,"ValueError('Expected 458 invariant residues, got 457')",shard_00013_failures.csv,residue_count_mismatch,458,457,1
7XOH,1,D,4,458,chain,"ValueError('Expected 458 invariant residues, got 457')",shard_00013_failures.csv,residue_count_mismatch,458,457,1
7XYF,1,D,1,86,chain,"ValueError('Expected 86 invariant residues, got 85')",shard_00181_failures.csv,residue_count_mismatch,86,85,1
7XYF,1,E,1,106,chain,"AttributeError(""'NoneType' object has no attribute 'copy'"")",shard_00181_failures.csv,invariant_not_generated,,,
7XYF,1,F,1,105,chain,"AttributeError(""'NoneType' object has no attribute 'copy'"")",shard_00181_failures.csv,invariant_not_generated,,,
7XYF,1,G,1,95,chain,"ValueError('Expected 95 invariant residues, got 82')",shard_00181_failures.csv,residue_count_mismatch,95,82,13
7XYG,1,A,38,98,chain,"ValueError('Expected 98 invariant residues, got 81')",shard_00065_failures.csv,residue_count_mismatch,98,81,17
7XYG,1,B,38,98,chain,"ValueError('Expected 98 invariant residues, got 80')",shard_00065_failures.csv,residue_count_mismatch,98,80,18
7XYG,1,C,23,81,chain,"ValueError('Expected 81 invariant residues, got 75')",shard_00065_failures.csv,residue_count_mismatch,81,75,6
7XYG,1,D,18,86,chain,"ValueError('Expected 86 invariant residues, got 74')",shard_00065_failures.csv,residue_count_mismatch,86,74,12
7XYG,1,E,13,106,chain,"AttributeError(""'NoneType' object has no attribute 'copy'"")",shard_00065_failures.csv,invariant_not_generated,,,
7XYG,1,F,13,105,chain,"AttributeError(""'NoneType' object has no attribute 'copy'"")",shard_00065_failures.csv,invariant_not_generated,,,
7XYG,1,G,29,95,chain,"AttributeError(""'NoneType' object has no attribute 'copy'"")",shard_00065_failures.csv,invariant_not_generated,,,
7XYG,1,H,30,93,chain,"ValueError('Expected 93 invariant residues, got 85')",shard_00065_failures.csv,residue_count_mismatch,93,85,8
7Y6K,1,C,264,212,chain,"AttributeError(""'NoneType' object has no attribute 'copy'"")",shard_00100_failures.csv,invariant_not_generated,,,
7YJ1,1,A,45,502,chain,"ValueError('Expected 502 invariant residues, got 501')",shard_00040_failures.csv,residue_count_mismatch,502,501,1
8ADI,1,F,2,6,chain,"ValueError('Expected 6 invariant residues, got 5')",shard_00080_failures.csv,residue_count_mismatch,6,5,1
8F9X,1,I,3,228,chain,"ValueError('Expected 228 invariant residues, got 227')",shard_00067_failures.csv,residue_count_mismatch,228,227,1
8FSS,1,B,2,6,chain,"ValueError('Expected 6 invariant residues, got 5')",shard_00110_failures.csv,residue_count_mismatch,6,5,1
8G94,1,G,109,27,chain,"AttributeError(""'NoneType' object has no attribute 'copy'"")",shard_00198_failures.csv,invariant_not_generated,,,
8GWG,1,A,1,931,chain,"ValueError('Expected 931 invariant residues, got 928')",shard_00133_failures.csv,residue_count_mismatch,931,928,3
8GWG,1,C,1,78,chain,"ValueError('Expected 78 invariant residues, got 72')",shard_00133_failures.csv,residue_count_mismatch,78,72,6
8GWG,1,D,6,187,chain,"ValueError('Expected 187 invariant residues, got 186')",shard_00133_failures.csv,residue_count_mismatch,187,186,1
8GWG,1,I,5,113,chain,"AttributeError(""'NoneType' object has no attribute 'copy'"")",shard_00133_failures.csv,invariant_not_generated,,,
8I8E,1,A,2,72,chain,"ValueError('Expected 72 invariant residues, got 71')",shard_00125_failures.csv,residue_count_mismatch,72,71,1
8I8E,1,H,2,72,chain,"ValueError('Expected 72 invariant residues, got 71')",shard_00125_failures.csv,residue_count_mismatch,72,71,1
8I8E,1,I,2,72,chain,"ValueError('Expected 72 invariant residues, got 71')",shard_00125_failures.csv,residue_count_mismatch,72,71,1
8I8E,1,J,2,72,chain,"ValueError('Expected 72 invariant residues, got 71')",shard_00125_failures.csv,residue_count_mismatch,72,71,1
8I8E,1,K,2,72,chain,"ValueError('Expected 72 invariant residues, got 71')",shard_00125_failures.csv,residue_count_mismatch,72,71,1
8I8E,1,L,2,72,chain,"ValueError('Expected 72 invariant residues, got 71')",shard_00125_failures.csv,residue_count_mismatch,72,71,1
8IAK,1,B,7,555,chain,"ValueError('Expected 555 invariant residues, got 554')",shard_00026_failures.csv,residue_count_mismatch,555,554,1
8IAK,1,F,7,555,chain,"ValueError('Expected 555 invariant residues, got 554')",shard_00026_failures.csv,residue_count_mismatch,555,554,1
8PKP,1,S,1,84,chain,"ValueError('Expected 84 invariant residues, got 83')",shard_00179_failures.csv,residue_count_mismatch,84,83,1
8PM2,1,B,3,338,chain,"ValueError('Expected 338 invariant residues, got 335')",shard_00155_failures.csv,residue_count_mismatch,338,335,3
8RWZ,1,A,15,114,chain,"ValueError('Expected 114 invariant residues, got 100')",shard_00129_failures.csv,residue_count_mismatch,114,100,14
8RWZ,1,B,1,160,chain,"ValueError('Expected 160 invariant residues, got 146')",shard_00129_failures.csv,residue_count_mismatch,160,146,14
8RWZ,1,E,1,658,chain,"ValueError('Expected 658 invariant residues, got 627')",shard_00129_failures.csv,residue_count_mismatch,658,627,31
8RWZ,1,F,18,89,chain,"ValueError('Expected 89 invariant residues, got 63')",shard_00129_failures.csv,residue_count_mismatch,89,63,26
8RX0,1,A,1,160,chain,"ValueError('Expected 160 invariant residues, got 98')",shard_00202_failures.csv,residue_count_mismatch,160,98,62
8RX0,1,C,1,97,chain,"ValueError('Expected 97 invariant residues, got 91')",shard_00202_failures.csv,residue_count_mismatch,97,91,6
8RX0,1,H,1,176,chain,"ValueError('Expected 176 invariant residues, got 71')",shard_00202_failures.csv,residue_count_mismatch,176,71,105
8RXA,1,B,1,92,chain,"AttributeError(""'NoneType' object has no attribute 'copy'"")",shard_00062_failures.csv,invariant_not_generated,,,
8RXO,1,A,53,100,chain,"ValueError('Expected 100 invariant residues, got 90')",shard_00131_failures.csv,residue_count_mismatch,100,90,10
8SAK,1,E,2,105,chain,"ValueError('Expected 105 invariant residues, got 102')",shard_00180_failures.csv,residue_count_mismatch,105,102,3
8SNI,1,A,35,259,chain,"ValueError('Expected 259 invariant residues, got 258')",shard_00066_failures.csv,residue_count_mismatch,259,258,1
8VIB,1,C,8,280,chain,"ValueError('Expected 280 invariant residues, got 244')",shard_00111_failures.csv,residue_count_mismatch,280,244,36
8VIB,1,D,45,93,chain,"ValueError('Expected 93 invariant residues, got 85')",shard_00111_failures.csv,residue_count_mismatch,93,85,8
8VID,1,C,8,280,chain,"ValueError('Expected 280 invariant residues, got 244')",shard_00157_failures.csv,residue_count_mismatch,280,244,36
8VKQ,1,,45,93,chain,"ValueError('Expected 93 invariant residues, got 85')",shard_00063_failures.csv,residue_count_mismatch,93,85,8
8VKQ,1,AA,8,280,chain,"ValueError('Expected 280 invariant residues, got 244')",shard_00063_failures.csv,residue_count_mismatch,280,244,36
8VKQ,1,AD,8,280,chain,"ValueError('Expected 280 invariant residues, got 244')",shard_00063_failures.csv,residue_count_mismatch,280,244,36
8VKQ,1,AG,8,280,chain,"ValueError('Expected 280 invariant residues, got 244')",shard_00063_failures.csv,residue_count_mismatch,280,244,36
8VKQ,1,BA,45,93,chain,"ValueError('Expected 93 invariant residues, got 85')",shard_00063_failures.csv,residue_count_mismatch,93,85,8
8VKQ,1,BD,45,93,chain,"ValueError('Expected 93 invariant residues, got 85')",shard_00063_failures.csv,residue_count_mismatch,93,85,8
8VKQ,1,BG,45,93,chain,"ValueError('Expected 93 invariant residues, got 85')",shard_00063_failures.csv,residue_count_mismatch,93,85,8
8VKQ,1,C,8,280,chain,"ValueError('Expected 280 invariant residues, got 244')",shard_00063_failures.csv,residue_count_mismatch,280,244,36
8VKQ,1,CC,8,280,chain,"ValueError('Expected 280 invariant residues, got 244')",shard_00063_failures.csv,residue_count_mismatch,280,244,36
8VKQ,1,CF,8,280,chain,"ValueError('Expected 280 invariant residues, got 244')",shard_00063_failures.csv,residue_count_mismatch,280,244,36
8VKQ,1,D,45,93,chain,"ValueError('Expected 93 invariant residues, got 85')",shard_00063_failures.csv,residue_count_mismatch,93,85,8
8VKQ,1,DC,45,93,chain,"ValueError('Expected 93 invariant residues, got 85')",shard_00063_failures.csv,residue_count_mismatch,93,85,8
8VKQ,1,DF,45,93,chain,"ValueError('Expected 93 invariant residues, got 85')",shard_00063_failures.csv,residue_count_mismatch,93,85,8
8VKQ,1,EB,8,280,chain,"ValueError('Expected 280 invariant residues, got 244')",shard_00063_failures.csv,residue_count_mismatch,280,244,36
8VKQ,1,EE,8,280,chain,"ValueError('Expected 280 invariant residues, got 244')",shard_00063_failures.csv,residue_count_mismatch,280,244,36
8VKQ,1,FB,45,93,chain,"ValueError('Expected 93 invariant residues, got 85')",shard_00063_failures.csv,residue_count_mismatch,93,85,8
8VKQ,1,FE,45,93,chain,"ValueError('Expected 93 invariant residues, got 85')",shard_00063_failures.csv,residue_count_mismatch,93,85,8
8VKQ,1,GA,8,280,chain,"ValueError('Expected 280 invariant residues, got 244')",shard_00063_failures.csv,residue_count_mismatch,280,244,36
8VKQ,1,GD,8,280,chain,"ValueError('Expected 280 invariant residues, got 244')",shard_00063_failures.csv,residue_count_mismatch,280,244,36
8VKQ,1,GG,8,280,chain,"ValueError('Expected 280 invariant residues, got 244')",shard_00063_failures.csv,residue_count_mismatch,280,244,36
8VKQ,1,HA,45,93,chain,"ValueError('Expected 93 invariant residues, got 85')",shard_00063_failures.csv,residue_count_mismatch,93,85,8
8VKQ,1,HD,45,93,chain,"ValueError('Expected 93 invariant residues, got 85')",shard_00063_failures.csv,residue_count_mismatch,93,85,8
8VKQ,1,HG,45,93,chain,"ValueError('Expected 93 invariant residues, got 85')",shard_00063_failures.csv,residue_count_mismatch,93,85,8
8VKQ,1,I,8,280,chain,"ValueError('Expected 280 invariant residues, got 244')",shard_00063_failures.csv,residue_count_mismatch,280,244,36
8VKQ,1,IC,8,280,chain,"ValueError('Expected 280 invariant residues, got 244')",shard_00063_failures.csv,residue_count_mismatch,280,244,36
8VKQ,1,IF,8,280,chain,"ValueError('Expected 280 invariant residues, got 244')",shard_00063_failures.csv,residue_count_mismatch,280,244,36
8VKQ,1,J,45,93,chain,"ValueError('Expected 93 invariant residues, got 85')",shard_00063_failures.csv,residue_count_mismatch,93,85,8
8VKQ,1,JC,45,93,chain,"ValueError('Expected 93 invariant residues, got 85')",shard_00063_failures.csv,residue_count_mismatch,93,85,8
8VKQ,1,JF,45,93,chain,"ValueError('Expected 93 invariant residues, got 85')",shard_00063_failures.csv,residue_count_mismatch,93,85,8
8VKQ,1,KB,8,280,chain,"ValueError('Expected 280 invariant residues, got 244')",shard_00063_failures.csv,residue_count_mismatch,280,244,36
8VKQ,1,KE,8,280,chain,"ValueError('Expected 280 invariant residues, got 244')",shard_00063_failures.csv,residue_count_mismatch,280,244,36
8VKQ,1,LB,45,93,chain,"ValueError('Expected 93 invariant residues, got 85')",shard_00063_failures.csv,residue_count_mismatch,93,85,8
8VKQ,1,LE,45,93,chain,"ValueError('Expected 93 invariant residues, got 85')",shard_00063_failures.csv,residue_count_mismatch,93,85,8
8VKQ,1,MA,8,280,chain,"ValueError('Expected 280 invariant residues, got 244')",shard_00063_failures.csv,residue_count_mismatch,280,244,36
8VKQ,1,MD,8,280,chain,"ValueError('Expected 280 invariant residues, got 244')",shard_00063_failures.csv,residue_count_mismatch,280,244,36
8VKQ,1,MG,8,280,chain,"ValueError('Expected 280 invariant residues, got 244')",shard_00063_failures.csv,residue_count_mismatch,280,244,36
8VKQ,1,ND,45,93,chain,"ValueError('Expected 93 invariant residues, got 85')",shard_00063_failures.csv,residue_count_mismatch,93,85,8
8VKQ,1,NG,45,93,chain,"ValueError('Expected 93 invariant residues, got 85')",shard_00063_failures.csv,residue_count_mismatch,93,85,8
8VKQ,1,O,8,280,chain,"ValueError('Expected 280 invariant residues, got 244')",shard_00063_failures.csv,residue_count_mismatch,280,244,36
8VKQ,1,OC,8,280,chain,"ValueError('Expected 280 invariant residues, got 244')",shard_00063_failures.csv,residue_count_mismatch,280,244,36
8VKQ,1,OF,8,280,chain,"ValueError('Expected 280 invariant residues, got 244')",shard_00063_failures.csv,residue_count_mismatch,280,244,36
8VKQ,1,P,45,93,chain,"ValueError('Expected 93 invariant residues, got 85')",shard_00063_failures.csv,residue_count_mismatch,93,85,8
8VKQ,1,PC,45,93,chain,"ValueError('Expected 93 invariant residues, got 85')",shard_00063_failures.csv,residue_count_mismatch,93,85,8
8VKQ,1,PF,45,93,chain,"ValueError('Expected 93 invariant residues, got 85')",shard_00063_failures.csv,residue_count_mismatch,93,85,8
8VKQ,1,QB,8,280,chain,"ValueError('Expected 280 invariant residues, got 244')",shard_00063_failures.csv,residue_count_mismatch,280,244,36
8VKQ,1,QE,8,280,chain,"ValueError('Expected 280 invariant residues, got 244')",shard_00063_failures.csv,residue_count_mismatch,280,244,36
8VKQ,1,RB,45,93,chain,"ValueError('Expected 93 invariant residues, got 85')",shard_00063_failures.csv,residue_count_mismatch,93,85,8
8VKQ,1,RE,45,93,chain,"ValueError('Expected 93 invariant residues, got 85')",shard_00063_failures.csv,residue_count_mismatch,93,85,8
8VKQ,1,SA,8,280,chain,"ValueError('Expected 280 invariant residues, got 244')",shard_00063_failures.csv,residue_count_mismatch,280,244,36
8VKQ,1,SD,8,280,chain,"ValueError('Expected 280 invariant residues, got 244')",shard_00063_failures.csv,residue_count_mismatch,280,244,36
8VKQ,1,SG,8,280,chain,"ValueError('Expected 280 invariant residues, got 244')",shard_00063_failures.csv,residue_count_mismatch,280,244,36
8VKQ,1,TA,45,93,chain,"ValueError('Expected 93 invariant residues, got 85')",shard_00063_failures.csv,residue_count_mismatch,93,85,8
8VKQ,1,TD,45,93,chain,"ValueError('Expected 93 invariant residues, got 85')",shard_00063_failures.csv,residue_count_mismatch,93,85,8
8VKQ,1,TG,45,93,chain,"ValueError('Expected 93 invariant residues, got 85')",shard_00063_failures.csv,residue_count_mismatch,93,85,8
8VKQ,1,U,8,280,chain,"ValueError('Expected 280 invariant residues, got 244')",shard_00063_failures.csv,residue_count_mismatch,280,244,36
8VKQ,1,UC,8,280,chain,"ValueError('Expected 280 invariant residues, got 244')",shard_00063_failures.csv,residue_count_mismatch,280,244,36
8VKQ,1,UF,8,280,chain,"ValueError('Expected 280 invariant residues, got 244')",shard_00063_failures.csv,residue_count_mismatch,280,244,36
8VKQ,1,V,45,93,chain,"ValueError('Expected 93 invariant residues, got 85')",shard_00063_failures.csv,residue_count_mismatch,93,85,8
8VKQ,1,VC,45,93,chain,"ValueError('Expected 93 invariant residues, got 85')",shard_00063_failures.csv,residue_count_mismatch,93,85,8
8VKQ,1,VF,45,93,chain,"ValueError('Expected 93 invariant residues, got 85')",shard_00063_failures.csv,residue_count_mismatch,93,85,8
8VKQ,1,WB,8,280,chain,"ValueError('Expected 280 invariant residues, got 244')",shard_00063_failures.csv,residue_count_mismatch,280,244,36
8VKQ,1,WE,8,280,chain,"ValueError('Expected 280 invariant residues, got 244')",shard_00063_failures.csv,residue_count_mismatch,280,244,36
8VKQ,1,XB,45,93,chain,"ValueError('Expected 93 invariant residues, got 85')",shard_00063_failures.csv,residue_count_mismatch,93,85,8
8VKQ,1,XE,45,93,chain,"ValueError('Expected 93 invariant residues, got 85')",shard_00063_failures.csv,residue_count_mismatch,93,85,8
8VKQ,1,YA,8,280,chain,"ValueError('Expected 280 invariant residues, got 244')",shard_00063_failures.csv,residue_count_mismatch,280,244,36
8VKQ,1,YD,8,280,chain,"ValueError('Expected 280 invariant residues, got 244')",shard_00063_failures.csv,residue_count_mismatch,280,244,36
8VKQ,1,ZA,45,93,chain,"ValueError('Expected 93 invariant residues, got 85')",shard_00063_failures.csv,residue_count_mismatch,93,85,8
8VKQ,1,ZD,45,93,chain,"ValueError('Expected 93 invariant residues, got 85')",shard_00063_failures.csv,residue_count_mismatch,93,85,8
8VKR,1,AA,8,280,chain,"ValueError('Expected 280 invariant residues, got 244')",shard_00064_failures.csv,residue_count_mismatch,280,244,36
8VKR,1,AD,8,280,chain,"ValueError('Expected 280 invariant residues, got 244')",shard_00064_failures.csv,residue_count_mismatch,280,244,36
8VKR,1,AG,8,280,chain,"ValueError('Expected 280 invariant residues, got 244')",shard_00064_failures.csv,residue_count_mismatch,280,244,36
8VKR,1,C,8,280,chain,"ValueError('Expected 280 invariant residues, got 244')",shard_00064_failures.csv,residue_count_mismatch,280,244,36
8VKR,1,CC,8,280,chain,"ValueError('Expected 280 invariant residues, got 244')",shard_00064_failures.csv,residue_count_mismatch,280,244,36
8VKR,1,CF,8,280,chain,"ValueError('Expected 280 invariant residues, got 244')",shard_00064_failures.csv,residue_count_mismatch,280,244,36
8VKR,1,EB,8,280,chain,"ValueError('Expected 280 invariant residues, got 244')",shard_00064_failures.csv,residue_count_mismatch,280,244,36
8VKR,1,EE,8,280,chain,"ValueError('Expected 280 invariant residues, got 244')",shard_00064_failures.csv,residue_count_mismatch,280,244,36
8VKR,1,GA,8,280,chain,"ValueError('Expected 280 invariant residues, got 244')",shard_00064_failures.csv,residue_count_mismatch,280,244,36
8VKR,1,GD,8,280,chain,"ValueError('Expected 280 invariant residues, got 244')",shard_00064_failures.csv,residue_count_mismatch,280,244,36
8VKR,1,GG,8,280,chain,"ValueError('Expected 280 invariant residues, got 244')",shard_00064_failures.csv,residue_count_mismatch,280,244,36
8VKR,1,I,8,280,chain,"ValueError('Expected 280 invariant residues, got 244')",shard_00064_failures.csv,residue_count_mismatch,280,244,36
8VKR,1,IC,8,280,chain,"ValueError('Expected 280 invariant residues, got 244')",shard_00064_failures.csv,residue_count_mismatch,280,244,36
8VKR,1,IF,8,280,chain,"ValueError('Expected 280 invariant residues, got 244')",shard_00064_failures.csv,residue_count_mismatch,280,244,36
8VKR,1,KB,8,280,chain,"ValueError('Expected 280 invariant residues, got 244')",shard_00064_failures.csv,residue_count_mismatch,280,244,36
8VKR,1,KE,8,280,chain,"ValueError('Expected 280 invariant residues, got 244')",shard_00064_failures.csv,residue_count_mismatch,280,244,36
8VKR,1,MA,8,280,chain,"ValueError('Expected 280 invariant residues, got 244')",shard_00064_failures.csv,residue_count_mismatch,280,244,36
8VKR,1,MD,8,280,chain,"ValueError('Expected 280 invariant residues, got 244')",shard_00064_failures.csv,residue_count_mismatch,280,244,36
8VKR,1,MG,8,280,chain,"ValueError('Expected 280 invariant residues, got 244')",shard_00064_failures.csv,residue_count_mismatch,280,244,36
8VKR,1,O,8,280,chain,"ValueError('Expected 280 invariant residues, got 244')",shard_00064_failures.csv,residue_count_mismatch,280,244,36
8VKR,1,OC,8,280,chain,"ValueError('Expected 280 invariant residues, got 244')",shard_00064_failures.csv,residue_count_mismatch,280,244,36
8VKR,1,OF,8,280,chain,"ValueError('Expected 280 invariant residues, got 244')",shard_00064_failures.csv,residue_count_mismatch,280,244,36
8VKR,1,QB,8,280,chain,"ValueError('Expected 280 invariant residues, got 244')",shard_00064_failures.csv,residue_count_mismatch,280,244,36
8VKR,1,QE,8,280,chain,"ValueError('Expected 280 invariant residues, got 244')",shard_00064_failures.csv,residue_count_mismatch,280,244,36
8VKR,1,SA,8,280,chain,"ValueError('Expected 280 invariant residues, got 244')",shard_00064_failures.csv,residue_count_mismatch,280,244,36
8VKR,1,SD,8,280,chain,"ValueError('Expected 280 invariant residues, got 244')",shard_00064_failures.csv,residue_count_mismatch,280,244,36
8VKR,1,SG,8,280,chain,"ValueError('Expected 280 invariant residues, got 244')",shard_00064_failures.csv,residue_count_mismatch,280,244,36
8VKR,1,U,8,280,chain,"ValueError('Expected 280 invariant residues, got 244')",shard_00064_failures.csv,residue_count_mismatch,280,244,36
8VKR,1,UC,8,280,chain,"ValueError('Expected 280 invariant residues, got 244')",shard_00064_failures.csv,residue_count_mismatch,280,244,36
8VKR,1,UF,8,280,chain,"ValueError('Expected 280 invariant residues, got 244')",shard_00064_failures.csv,residue_count_mismatch,280,244,36
8VKR,1,WB,8,280,chain,"ValueError('Expected 280 invariant residues, got 244')",shard_00064_failures.csv,residue_count_mismatch,280,244,36
8VKR,1,WE,8,280,chain,"ValueError('Expected 280 invariant residues, got 244')",shard_00064_failures.csv,residue_count_mismatch,280,244,36
8VKR,1,YA,8,280,chain,"ValueError('Expected 280 invariant residues, got 244')",shard_00064_failures.csv,residue_count_mismatch,280,244,36
8VKR,1,YD,8,280,chain,"ValueError('Expected 280 invariant residues, got 244')",shard_00064_failures.csv,residue_count_mismatch,280,244,36
