,lo_A_model_1_relaxed_repeat001,lo_A_model_1_relaxed_repeat002,lo_A_model_1_relaxed_repeat003,lo_A_model_1_relaxed_repeat004,lo_A_model_1_relaxed_repeat005,lo_A_model_1_relaxed_repeat006,lo_A_model_1_relaxed_repeat007,lo_A_model_1_relaxed_repeat008,lo_A_model_1_relaxed_repeat009,lo_A_model_1_relaxed_repeat010,lo_A_model_1_relaxed_repeat011,lo_A_model_1_relaxed_repeat012,lo_A_model_1_relaxed_repeat013,lo_A_model_1_relaxed_repeat014,lo_A_model_1_relaxed_repeat015,lo_A_model_1_relaxed_repeat016,lo_A_model_1_relaxed_repeat017,lo_A_model_1_relaxed_repeat018,lo_A_model_1_relaxed_repeat019,lo_A_model_1_relaxed_repeat020,lo_A_model_1_relaxed_repeat021,lo_A_model_1_relaxed_repeat022,lo_A_model_1_relaxed_repeat023,lo_A_model_1_relaxed_repeat024,lo_A_model_1_relaxed_repeat025,lo_A_model_1_relaxed_repeat026,lo_A_model_1_relaxed_repeat027,lo_A_model_1_relaxed_repeat028,lo_A_model_1_relaxed_repeat029,lo_A_model_1_relaxed_repeat030,lo_A_model_1_relaxed_repeat031,lo_A_model_1_relaxed_repeat032,lo_A_model_1_relaxed_repeat033,lo_A_model_1_relaxed_repeat034,lo_A_model_1_relaxed_repeat035,lo_A_model_1_relaxed_repeat036,lo_A_model_1_relaxed_repeat037,lo_A_model_1_relaxed_repeat038,lo_A_model_1_relaxed_repeat039,lo_A_model_1_relaxed_repeat040,lo_A_model_1_relaxed_repeat041,lo_A_model_1_relaxed_repeat042,lo_A_model_1_relaxed_repeat043,lo_A_model_1_relaxed_repeat044,lo_A_model_1_relaxed_repeat045,lo_A_model_1_relaxed_repeat046,lo_A_model_1_relaxed_repeat047,lo_A_model_1_relaxed_repeat048,lo_A_model_1_relaxed_repeat049,lo_A_model_1_relaxed_repeat050,lo_A_model_1_relaxed_repeat051,lo_A_model_1_relaxed_repeat052,lo_A_model_1_relaxed_repeat053,lo_A_model_1_relaxed_repeat054,lo_A_model_1_relaxed_repeat055,lo_A_model_1_relaxed_repeat056,lo_A_model_1_relaxed_repeat057,lo_A_model_1_relaxed_repeat058,lo_A_model_1_relaxed_repeat059,lo_A_model_1_relaxed_repeat060,lo_A_model_1_relaxed_repeat061,lo_A_model_1_relaxed_repeat062,lo_A_model_1_relaxed_repeat063,lo_A_model_1_relaxed_repeat064,lo_A_model_1_relaxed_repeat065,lo_A_model_1_relaxed_repeat066,lo_A_model_1_relaxed_repeat067,lo_A_model_1_relaxed_repeat068,lo_A_model_1_relaxed_repeat069,lo_A_model_1_relaxed_repeat070,lo_A_model_1_relaxed_repeat071,lo_A_model_1_relaxed_repeat072,lo_A_model_1_relaxed_repeat073,lo_A_model_1_relaxed_repeat074,lo_A_model_1_relaxed_repeat075,lo_A_model_1_relaxed_repeat076,lo_A_model_1_relaxed_repeat077,lo_A_model_1_relaxed_repeat078,lo_A_model_1_relaxed_repeat079,lo_A_model_1_relaxed_repeat080,lo_A_model_1_relaxed_repeat081,lo_A_model_1_relaxed_repeat082,lo_A_model_1_relaxed_repeat083,lo_A_model_1_relaxed_repeat084,lo_A_model_1_relaxed_repeat085,lo_A_model_1_relaxed_repeat086,lo_A_model_1_relaxed_repeat087,lo_A_model_1_relaxed_repeat088,lo_A_model_1_relaxed_repeat089,lo_A_model_1_relaxed_repeat090,lo_A_model_1_relaxed_repeat091,lo_A_model_1_relaxed_repeat092,lo_A_model_1_relaxed_repeat093,lo_A_model_1_relaxed_repeat094,lo_A_model_1_relaxed_repeat095,lo_A_model_1_relaxed_repeat096,lo_A_model_1_relaxed_repeat097,lo_A_model_1_relaxed_repeat098,lo_A_model_1_relaxed_repeat099,lo_A_model_1_relaxed_repeat100
lo_A_model_1_relaxed_repeat001,0.0,2.629,2.3979999999999997,2.668,2.5629999999999997,2.294,2.501,2.447,2.4290000000000003,2.3040000000000003,2.567,2.5869999999999997,2.559,2.677,2.67,2.6799999999999997,2.598,2.3529999999999998,2.5389999999999997,2.674,2.455,2.652,2.6740000000000004,2.4050000000000002,2.561,2.662,2.574,2.916,2.606,2.4290000000000003,2.686,2.636,2.509,2.614,2.665,2.591,2.6719999999999997,2.434,2.247,2.932,2.509,2.513,2.393,2.8179999999999996,2.6079999999999997,2.7030000000000003,2.4349999999999996,2.468,2.444,2.596,2.3579999999999997,2.622,2.2809999999999997,2.79,2.687,2.848,2.71,2.5599999999999996,2.274,2.538,2.535,2.377,2.3689999999999998,2.661,2.588,2.778,2.4130000000000003,2.576,2.5229999999999997,2.463,2.463,2.8689999999999998,2.794,2.331,2.44,2.5709999999999997,2.665,2.596,2.521,2.785,2.58,2.8,2.6879999999999997,2.761,2.795,2.496,2.823,2.565,2.3449999999999998,2.347,2.752,2.6550000000000002,2.881,2.3289999999999997,2.5309999999999997,2.439,2.686,2.657,2.669,2.641
lo_A_model_1_relaxed_repeat002,2.629,0.0,2.665,2.5549999999999997,2.183,2.7439999999999998,2.094,2.1479999999999997,2.152,2.248,2.544,2.817,2.683,2.5519999999999996,2.3810000000000002,2.332,2.737,2.17,2.84,2.809,2.737,2.482,2.732,2.7359999999999998,2.471,2.015,2.661,2.66,2.7,2.692,2.677,2.183,2.778,2.569,2.289,2.641,2.846,2.7140000000000004,2.816,2.676,2.9050000000000002,2.596,2.797,2.4050000000000002,2.624,2.5869999999999997,2.222,2.599,2.5060000000000002,2.805,2.722,2.613,2.74,2.713,2.366,2.67,2.533,2.746,2.928,2.282,2.614,2.2359999999999998,2.417,2.873,2.605,2.7510000000000003,2.8280000000000003,2.575,2.365,2.38,2.855,2.967,2.718,2.323,2.746,2.754,2.769,2.498,2.499,2.5389999999999997,2.598,2.0700000000000003,2.601,2.8920000000000003,2.7009999999999996,2.8040000000000003,2.747,2.309,2.842,2.858,2.741,2.6470000000000002,2.927,2.125,2.7060000000000004,2.738,2.2640000000000002,2.479,2.314,2.4619999999999997
lo_A_model_1_relaxed_repeat003,2.3979999999999997,2.665,0.0,2.799,2.871,2.8280000000000003,2.5780000000000003,2.585,2.6790000000000003,2.44,2.576,2.822,2.325,2.7880000000000003,2.362,2.456,2.77,2.544,2.5869999999999997,2.379,2.662,2.718,2.468,2.777,2.753,2.683,2.783,2.7190000000000003,2.8659999999999997,2.7119999999999997,2.77,2.682,2.2910000000000004,2.476,2.279,2.347,2.649,2.623,2.717,2.741,2.771,2.448,2.441,2.41,2.8,2.497,2.838,2.766,2.7880000000000003,2.875,2.6239999999999997,2.615,2.66,2.7110000000000003,2.5,2.59,2.377,2.64,2.835,2.7649999999999997,2.553,2.502,2.674,2.7800000000000002,2.815,2.6319999999999997,2.391,2.817,2.479,2.606,2.714,2.8609999999999998,2.604,2.725,2.469,2.7350000000000003,2.7750000000000004,2.7110000000000003,2.794,2.601,2.438,2.66,2.516,2.898,2.915,2.599,2.8040000000000003,2.731,2.787,2.269,2.649,2.862,2.836,2.46,2.5469999999999997,2.7640000000000002,2.167,2.784,2.5869999999999997,2.774
lo_A_model_1_relaxed_repeat004,2.668,2.5549999999999997,2.799,0.0,2.91,2.457,2.8659999999999997,2.596,2.8739999999999997,2.407,2.463,2.3890000000000002,2.971,2.6319999999999997,2.691,2.8529999999999998,2.561,2.286,2.62,2.513,2.674,2.646,2.67,2.153,2.783,2.7939999999999996,2.972,2.768,2.5540000000000003,2.364,2.965,2.825,2.5300000000000002,2.511,3.0359999999999996,2.628,2.53,2.673,2.5469999999999997,2.784,2.944,2.6260000000000003,2.7859999999999996,2.839,2.615,2.481,2.596,2.601,2.58,2.5229999999999997,2.442,2.665,2.512,2.214,2.921,2.8179999999999996,2.777,2.144,2.7409999999999997,2.857,2.645,2.3609999999999998,2.628,2.8209999999999997,2.8689999999999998,2.8369999999999997,2.559,2.82,2.835,2.8659999999999997,2.489,3.0060000000000002,2.8150000000000004,2.851,2.301,2.8739999999999997,2.7409999999999997,2.849,2.891,2.806,2.665,2.8369999999999997,2.916,2.668,3.013,2.9109999999999996,2.686,2.549,2.317,2.667,2.9779999999999998,2.8499999999999996,2.8499999999999996,2.662,2.762,2.1929999999999996,2.665,2.5869999999999997,2.367,2.37
lo_A_model_1_relaxed_repeat005,2.5629999999999997,2.183,2.871,2.91,0.0,2.883,2.093,2.1950000000000003,2.739,2.122,2.5629999999999997,2.9560000000000004,2.824,2.182,2.859,2.66,2.8810000000000002,2.769,2.979,2.23,2.722,2.3810000000000002,2.871,2.888,2.6790000000000003,2.5620000000000003,2.958,3.074,2.84,2.826,2.665,2.27,2.894,2.715,2.748,2.564,2.9850000000000003,2.853,2.955,2.511,2.839,2.9459999999999997,2.936,2.7720000000000002,2.643,2.635,2.401,2.618,2.219,2.944,2.6639999999999997,2.62,2.771,2.625,2.059,2.695,2.241,2.7510000000000003,2.94,2.327,2.626,2.333,2.436,3.051,2.1820000000000004,2.763,2.27,2.398,2.202,2.684,2.9939999999999998,2.901,2.74,2.178,2.817,2.893,3.0839999999999996,2.175,2.43,2.731,2.518,2.941,2.613,2.911,2.741,2.943,2.886,2.247,2.981,2.997,3.0549999999999997,2.659,2.939,2.457,2.845,2.875,2.184,2.504,2.333,2.785
lo_A_model_1_relaxed_repeat006,2.294,2.7439999999999998,2.8280000000000003,2.457,2.883,0.0,2.697,2.427,2.705,2.238,2.294,2.336,2.802,2.6879999999999997,2.91,2.7809999999999997,2.599,2.886,2.5140000000000002,2.8970000000000002,2.856,2.509,2.672,2.65,2.8259999999999996,2.625,2.803,2.87,2.7729999999999997,2.59,2.7960000000000003,2.7279999999999998,2.7489999999999997,2.672,2.867,2.831,2.431,2.674,2.471,2.7889999999999997,2.3659999999999997,2.752,2.617,3.058,2.63,2.701,2.912,2.346,2.347,2.583,2.928,2.663,2.9109999999999996,2.923,2.884,2.649,2.608,2.6820000000000004,2.7830000000000004,2.688,2.873,2.883,2.91,2.901,2.7,2.823,2.572,2.92,2.891,2.697,2.154,2.726,3.034,2.6820000000000004,2.5730000000000004,2.705,2.9050000000000002,2.68,2.7220000000000004,3.025,2.9299999999999997,3.04,2.747,2.7199999999999998,3.035,2.742,2.8609999999999998,2.4219999999999997,2.645,2.498,2.9050000000000002,2.867,2.832,2.9379999999999997,2.4400000000000004,2.875,2.841,2.867,2.9219999999999997,2.527
lo_A_model_1_relaxed_repeat007,2.501,2.094,2.5780000000000003,2.8659999999999997,2.093,2.697,0.0,2.493,2.5069999999999997,2.434,2.334,2.798,2.479,2.3499999999999996,2.627,2.425,2.8369999999999997,2.392,2.6159999999999997,2.137,2.65,2.42,2.6550000000000002,2.844,2.7110000000000003,2.582,2.726,2.8419999999999996,2.7960000000000003,2.779,2.69,2.2960000000000003,2.427,2.227,2.392,2.332,2.407,2.2750000000000004,2.784,2.261,2.777,2.714,2.358,2.54,2.4130000000000003,2.684,2.192,2.336,2.4290000000000003,2.4669999999999996,2.62,2.626,2.727,2.771,2.343,2.436,2.392,2.707,2.586,2.2560000000000002,2.5389999999999997,2.0869999999999997,2.3499999999999996,2.819,2.46,2.932,2.4770000000000003,2.191,2.2439999999999998,2.452,2.7809999999999997,2.839,2.5330000000000004,2.3739999999999997,2.427,2.439,2.852,2.411,2.4979999999999998,2.636,2.624,2.7089999999999996,2.3609999999999998,2.629,2.551,2.4160000000000004,2.58,2.4219999999999997,2.854,2.442,2.823,2.3049999999999997,2.585,2.042,2.2670000000000003,2.831,2.199,2.288,2.418,2.7409999999999997
lo_A_model_1_relaxed_repeat008,2.447,2.1479999999999997,2.585,2.596,2.1950000000000003,2.427,2.493,0.0,2.302,2.164,2.4930000000000003,2.528,2.7889999999999997,2.143,2.839,2.3739999999999997,2.6180000000000003,2.4829999999999997,2.418,2.725,2.436,2.398,2.479,2.574,2.237,2.8449999999999998,2.535,2.637,2.702,2.509,2.633,2.367,2.678,2.459,2.4619999999999997,2.76,2.424,2.6029999999999998,2.5140000000000002,2.3520000000000003,2.694,2.5090000000000003,2.375,2.987,2.5730000000000004,2.937,2.251,2.548,2.422,2.443,2.625,2.569,2.457,2.5949999999999998,2.393,2.5330000000000004,2.234,2.439,2.818,2.24,2.514,2.524,2.366,2.873,2.142,2.876,2.5309999999999997,2.427,2.109,2.45,2.945,2.8040000000000003,2.963,2.3520000000000003,2.2560000000000002,2.651,2.834,2.096,2.569,2.9539999999999997,2.326,2.969,2.491,2.841,2.964,2.45,2.6390000000000002,2.2560000000000002,2.72,2.436,2.834,2.537,2.872,2.171,2.5010000000000003,2.561,2.143,2.258,2.263,2.471
lo_A_model_1_relaxed_repeat009,2.4290000000000003,2.152,2.6790000000000003,2.8739999999999997,2.739,2.705,2.5069999999999997,2.302,0.0,2.326,2.659,2.806,2.435,2.524,2.262,2.654,2.8449999999999998,2.6029999999999998,2.7439999999999998,2.645,2.38,2.524,2.581,2.852,2.612,2.5869999999999997,2.206,2.7880000000000003,2.8040000000000003,2.794,2.691,2.448,2.3600000000000003,2.738,2.556,2.2,2.319,2.17,2.843,2.8040000000000003,2.705,2.83,2.481,2.412,2.56,2.447,2.45,2.3819999999999997,2.529,2.757,2.824,2.9139999999999997,2.8419999999999996,2.815,2.298,2.722,2.202,2.848,2.918,2.6710000000000003,2.604,2.436,2.455,2.863,2.576,2.907,2.5540000000000003,2.5460000000000003,2.691,2.355,2.848,2.7670000000000003,2.574,2.8920000000000003,2.848,2.7199999999999998,2.4240000000000004,2.479,2.705,2.307,2.399,2.127,2.591,2.673,2.667,2.738,2.6870000000000003,2.901,2.862,2.599,2.6260000000000003,2.637,2.917,2.452,2.735,2.84,2.8129999999999997,2.5389999999999997,2.534,2.7489999999999997
lo_A_model_1_relaxed_repeat010,2.3040000000000003,2.248,2.44,2.407,2.122,2.238,2.434,2.164,2.326,0.0,2.1630000000000003,2.587,2.73,2.293,2.902,2.39,2.729,2.209,2.356,2.245,2.334,2.452,2.573,2.385,2.5149999999999997,2.786,2.598,2.716,2.7649999999999997,2.3529999999999998,2.651,2.674,2.7409999999999997,2.5700000000000003,2.245,2.823,2.285,2.666,2.371,2.732,2.348,2.434,2.279,3.05,2.622,2.878,2.2640000000000002,2.1870000000000003,2.3529999999999998,2.402,2.543,2.5869999999999997,2.346,2.689,2.367,2.354,2.3600000000000003,2.2489999999999997,2.9290000000000003,2.338,2.615,2.465,2.327,2.893,2.213,2.979,2.473,2.505,2.293,2.379,2.886,2.669,3.026,2.083,2.172,2.2729999999999997,2.8970000000000002,2.396,2.468,3.017,2.527,3.032,2.6020000000000003,2.463,3.027,2.391,2.598,2.365,2.395,2.309,2.8970000000000002,2.648,2.928,2.1100000000000003,2.563,2.372,2.225,2.323,2.144,2.365
lo_A_model_1_relaxed_repeat011,2.567,2.544,2.576,2.463,2.5629999999999997,2.294,2.334,2.4930000000000003,2.659,2.1630000000000003,0.0,2.395,2.63,2.407,2.576,2.5300000000000002,2.534,2.5860000000000003,2.5949999999999998,2.707,2.592,2.507,2.601,2.549,2.761,2.715,2.843,2.791,2.393,2.467,2.653,2.7880000000000003,2.326,2.42,2.5380000000000003,2.531,2.258,2.543,2.3810000000000002,2.435,2.843,2.6630000000000003,2.359,2.713,2.378,2.778,2.1790000000000003,2.068,2.452,2.607,2.54,2.589,2.324,2.3,2.557,2.5069999999999997,2.1719999999999997,2.43,2.734,2.355,2.53,2.607,2.4459999999999997,2.768,2.607,2.968,2.518,2.3449999999999998,2.5060000000000002,2.401,2.786,2.9050000000000002,2.611,2.189,2.113,2.259,2.801,2.099,2.854,2.6020000000000003,2.489,2.7199999999999998,2.6,2.5709999999999997,2.883,2.41,2.467,2.3970000000000002,2.702,2.561,2.7720000000000002,2.678,2.733,2.179,2.3680000000000003,2.428,2.412,2.316,2.133,2.557
lo_A_model_1_relaxed_repeat012,2.5869999999999997,2.817,2.822,2.3890000000000002,2.9560000000000004,2.336,2.798,2.528,2.806,2.587,2.395,0.0,2.903,2.761,2.725,2.854,2.534,2.959,2.556,2.97,2.9290000000000003,2.601,2.6020000000000003,2.5709999999999997,2.899,2.8360000000000003,2.904,2.94,2.42,2.523,2.8970000000000002,2.801,2.511,2.443,2.968,2.604,2.6710000000000003,2.605,2.567,2.71,2.8529999999999998,2.886,2.718,2.8,2.547,2.606,2.9850000000000003,2.4859999999999998,2.466,2.565,3.0010000000000003,2.7199999999999998,2.984,2.996,2.957,2.75,2.709,2.632,2.673,2.789,2.946,2.9560000000000004,2.983,2.917,2.801,2.814,2.709,2.9930000000000003,2.9640000000000004,2.798,2.637,2.738,2.855,2.7830000000000004,2.534,2.806,2.95,2.781,2.8230000000000004,2.7220000000000004,3.003,3.0060000000000002,2.848,2.793,2.599,2.843,2.6340000000000003,2.481,2.7640000000000002,2.7510000000000003,2.9210000000000003,2.9400000000000004,2.9050000000000002,3.011,2.5410000000000004,2.9480000000000004,2.914,2.9400000000000004,2.995,2.386
lo_A_model_1_relaxed_repeat013,2.559,2.683,2.325,2.971,2.824,2.802,2.479,2.7889999999999997,2.435,2.73,2.63,2.903,0.0,2.741,2.673,2.7199999999999998,2.942,2.825,2.7350000000000003,2.959,2.795,2.716,2.588,2.949,2.7649999999999997,2.477,2.734,2.89,2.901,2.884,2.9379999999999997,2.667,2.512,2.4619999999999997,2.6879999999999997,2.873,2.534,2.576,2.8890000000000002,2.906,2.701,2.807,2.394,2.8209999999999997,2.753,2.617,2.851,2.7190000000000003,2.741,2.8280000000000003,2.867,2.6159999999999997,2.8499999999999996,2.862,2.823,2.666,2.552,2.8120000000000003,2.472,2.718,2.8120000000000003,2.822,2.849,2.747,2.768,2.817,2.668,2.859,2.83,2.463,2.886,2.934,2.871,2.678,2.723,2.7809999999999997,2.848,2.664,2.7199999999999998,2.7880000000000003,2.8689999999999998,2.872,2.5149999999999997,2.971,2.923,2.35,2.855,2.718,2.9589999999999996,2.914,2.7510000000000003,2.806,2.771,2.877,2.426,2.936,2.7800000000000002,2.806,2.8609999999999998,2.846
lo_A_model_1_relaxed_repeat014,2.677,2.5519999999999996,2.7880000000000003,2.6319999999999997,2.182,2.6879999999999997,2.3499999999999996,2.143,2.524,2.293,2.407,2.761,2.741,0.0,2.557,2.577,2.665,2.686,2.784,2.281,2.6390000000000002,2.248,2.676,2.61,2.6710000000000003,2.834,2.253,2.481,2.5620000000000003,2.6310000000000002,2.732,2.084,2.699,2.632,2.665,2.4779999999999998,2.79,2.6580000000000004,2.76,2.497,2.9530000000000003,2.627,2.741,2.705,2.507,2.601,2.357,2.399,2.167,2.749,2.386,2.668,2.493,2.431,2.311,2.509,2.266,2.6420000000000003,2.865,2.239,2.551,2.258,2.33,2.81,2.1189999999999998,2.915,2.402,2.495,2.2960000000000003,2.263,2.799,3.015,2.681,2.4850000000000003,2.622,2.698,2.569,2.221,2.3289999999999997,2.6719999999999997,2.293,2.687,2.5380000000000003,2.692,2.682,2.748,2.745,2.8209999999999997,2.786,2.802,2.685,2.584,2.864,2.374,2.6500000000000004,2.597,1.873,2.583,2.3449999999999998,2.7800000000000002
lo_A_model_1_relaxed_repeat015,2.67,2.3810000000000002,2.362,2.691,2.859,2.91,2.627,2.839,2.262,2.902,2.576,2.725,2.673,2.557,0.0,2.774,2.761,2.403,2.626,2.811,2.432,2.404,2.701,2.842,2.7409999999999997,2.763,2.299,2.5389999999999997,2.567,2.7969999999999997,2.7560000000000002,2.91,2.407,2.6879999999999997,2.676,2.372,2.831,2.4290000000000003,2.806,2.681,2.785,2.457,2.601,2.163,2.348,2.8369999999999997,2.876,2.734,2.8449999999999998,2.349,2.678,2.6399999999999997,2.545,2.863,2.357,2.713,2.787,2.621,2.694,2.801,2.85,2.556,2.76,2.4619999999999997,2.849,3.128,2.625,2.6660000000000004,2.811,2.159,2.681,2.662,2.561,2.84,2.848,2.84,2.31,2.597,2.825,2.477,2.867,2.623,2.8899999999999997,2.678,2.3810000000000002,2.858,2.842,2.553,2.9050000000000002,2.7190000000000003,2.5220000000000002,2.737,2.793,2.691,2.855,2.902,2.8040000000000003,2.659,2.654,2.6500000000000004
lo_A_model_1_relaxed_repeat016,2.6799999999999997,2.332,2.456,2.8529999999999998,2.66,2.7809999999999997,2.425,2.3739999999999997,2.654,2.39,2.5300000000000002,2.854,2.7199999999999998,2.577,2.774,0.0,2.824,2.028,2.877,2.951,2.34,2.624,2.769,2.831,2.457,2.613,2.873,2.989,2.7830000000000004,2.766,2.67,2.471,2.792,2.3920000000000003,2.298,2.62,2.883,2.7510000000000003,2.8529999999999998,2.508,2.956,2.8609999999999998,2.834,2.847,2.6100000000000003,2.463,2.627,2.585,2.648,2.842,2.607,2.606,2.714,2.55,2.5309999999999997,2.5700000000000003,2.407,2.694,2.831,2.554,2.5039999999999996,2.388,2.463,2.966,2.604,2.781,2.278,2.565,2.268,2.599,2.892,3.018,2.8230000000000004,2.5140000000000002,2.715,2.791,2.9989999999999997,2.5,2.707,2.814,2.2110000000000003,2.856,2.2800000000000002,2.878,2.824,2.841,2.784,2.52,2.946,2.895,2.9699999999999998,2.553,2.8659999999999997,2.4379999999999997,2.7430000000000003,2.818,2.3360000000000003,2.573,2.3920000000000003,2.7279999999999998
lo_A_model_1_relaxed_repeat017,2.598,2.737,2.77,2.561,2.8810000000000002,2.599,2.8369999999999997,2.6180000000000003,2.8449999999999998,2.729,2.534,2.534,2.942,2.665,2.761,2.824,0.0,2.668,2.3890000000000002,2.5490000000000004,2.645,2.617,2.641,2.59,2.754,2.7649999999999997,2.943,2.976,2.417,2.625,2.936,2.7960000000000003,2.59,2.614,3.0069999999999997,2.6630000000000003,2.5650000000000004,2.644,2.7590000000000003,2.498,2.8739999999999997,2.848,2.7569999999999997,2.6740000000000004,2.5860000000000003,2.599,2.652,2.576,2.641,2.601,2.7039999999999997,2.6260000000000003,2.6390000000000002,2.7030000000000003,2.892,2.7889999999999997,2.748,2.624,2.725,2.8280000000000003,2.453,2.5410000000000004,2.6020000000000003,2.9530000000000003,2.84,3.267,2.6470000000000002,2.791,2.806,2.8369999999999997,2.467,2.936,2.5860000000000003,2.822,2.651,2.8449999999999998,2.9859999999999998,2.8200000000000003,2.862,2.733,2.6470000000000002,2.843,2.887,2.633,2.575,2.8819999999999997,2.775,2.627,2.489,2.638,2.957,2.8209999999999997,2.8209999999999997,2.633,2.58,2.748,2.636,2.551,2.563,2.4690000000000003
lo_A_model_1_relaxed_repeat018,2.3529999999999998,2.17,2.544,2.286,2.769,2.886,2.392,2.4829999999999997,2.6029999999999998,2.209,2.5860000000000003,2.959,2.825,2.686,2.403,2.028,2.668,0.0,2.982,2.678,2.551,2.6159999999999997,2.8739999999999997,2.3329999999999997,2.519,2.7439999999999998,2.601,2.856,2.764,2.8289999999999997,2.727,2.5860000000000003,2.8970000000000002,2.352,2.29,2.589,2.988,2.856,2.958,2.872,2.629,2.49,2.939,2.771,2.698,2.836,2.7359999999999998,2.6639999999999997,2.686,2.947,2.522,2.663,2.5,2.447,2.3979999999999997,2.6260000000000003,2.48,2.3970000000000002,2.936,2.663,2.5599999999999996,2.423,2.572,2.7720000000000002,2.713,3.3369999999999997,2.2889999999999997,2.686,2.377,2.408,2.997,2.8970000000000002,2.5540000000000003,2.623,2.8200000000000003,2.896,2.811,2.609,2.529,2.448,2.67,2.485,2.59,2.934,3.004,2.9459999999999997,2.8890000000000002,2.629,2.984,3.0,2.883,2.4299999999999997,2.812,2.183,2.848,2.3890000000000002,2.321,2.682,2.356,2.7720000000000002
lo_A_model_1_relaxed_repeat019,2.5389999999999997,2.84,2.5869999999999997,2.62,2.979,2.5140000000000002,2.6159999999999997,2.418,2.7439999999999998,2.356,2.5949999999999998,2.556,2.7350000000000003,2.784,2.626,2.877,2.3890000000000002,2.982,0.0,2.9930000000000003,2.952,2.545,2.4859999999999998,2.4139999999999997,2.9219999999999997,2.838,2.891,2.83,2.489,2.535,2.715,2.824,2.4669999999999996,2.609,2.7859999999999996,2.568,2.594,2.548,2.634,2.733,2.815,2.848,2.569,2.823,2.543,2.5149999999999997,3.008,2.518,2.572,2.5549999999999997,3.024,2.638,3.0069999999999997,3.019,2.98,2.691,2.56,2.606,2.4909999999999997,2.607,2.9690000000000003,2.979,3.0060000000000002,2.803,2.6189999999999998,2.762,2.668,3.016,2.987,2.6159999999999997,2.6390000000000002,2.877,2.878,2.601,2.7359999999999998,2.6239999999999997,2.836,2.599,2.641,2.745,3.026,3.029,2.6719999999999997,2.816,2.751,2.672,2.507,2.5869999999999997,2.754,2.4669999999999996,2.807,2.963,2.928,3.034,2.58,2.971,2.9370000000000003,2.963,3.018,2.3609999999999998
lo_A_model_1_relaxed_repeat020,2.674,2.809,2.379,2.513,2.23,2.8970000000000002,2.137,2.725,2.645,2.245,2.707,2.97,2.959,2.281,2.811,2.951,2.5490000000000004,2.678,2.9930000000000003,0.0,2.422,2.279,2.885,2.4909999999999997,2.467,2.7889999999999997,2.864,2.98,2.645,2.84,2.659,2.35,2.9080000000000004,2.842,2.335,2.871,2.999,2.867,2.9690000000000003,2.6769999999999996,2.7569999999999997,2.8520000000000003,2.95,2.9299999999999997,2.8289999999999997,2.646,2.629,2.641,2.158,2.958,2.449,2.5949999999999998,2.6710000000000003,2.7329999999999997,2.3179999999999996,2.737,2.428,2.464,2.947,2.858,2.8689999999999998,2.331,2.1470000000000002,2.957,2.259,2.898,2.833,2.693,2.824,2.705,3.008,2.7729999999999997,2.906,2.559,2.8310000000000004,2.907,2.99,2.819,2.661,2.8970000000000002,2.479,2.912,2.714,2.896,2.907,2.957,2.9000000000000004,2.718,2.995,3.011,2.9610000000000003,2.891,3.009,2.5469999999999997,2.859,2.4779999999999998,2.614,2.5460000000000003,2.6870000000000003,2.629
lo_A_model_1_relaxed_repeat021,2.455,2.737,2.662,2.674,2.722,2.856,2.65,2.436,2.38,2.334,2.592,2.9290000000000003,2.795,2.6390000000000002,2.432,2.34,2.645,2.551,2.952,2.422,0.0,2.569,2.844,2.652,2.472,2.755,2.5540000000000003,2.666,2.7169999999999996,2.799,2.682,2.533,2.867,2.499,2.3280000000000003,2.351,2.958,2.826,2.928,2.8129999999999997,2.843,2.7030000000000003,2.909,2.383,2.672,2.517,2.689,2.758,2.6390000000000002,2.917,2.4749999999999996,2.618,2.535,2.604,2.41,2.653,2.372,2.515,2.9059999999999997,2.6159999999999997,2.512,2.574,2.525,2.771,2.666,2.7119999999999997,2.568,2.8890000000000002,2.665,2.678,2.9669999999999996,2.903,2.723,2.698,2.79,2.8659999999999997,2.817,2.5620000000000003,2.763,2.469,2.503,2.46,2.499,2.9400000000000004,2.698,2.916,2.859,2.8970000000000002,2.9539999999999997,2.9699999999999998,2.8529999999999998,2.934,2.825,2.209,2.818,2.6390000000000002,2.5949999999999998,2.658,2.362,2.856
lo_A_model_1_relaxed_repeat022,2.652,2.482,2.718,2.646,2.3810000000000002,2.509,2.42,2.398,2.524,2.452,2.507,2.601,2.716,2.248,2.404,2.624,2.617,2.6159999999999997,2.545,2.279,2.569,0.0,2.5709999999999997,2.6239999999999997,2.3120000000000003,2.7720000000000002,2.451,2.528,2.576,2.559,2.729,2.239,2.346,2.5620000000000003,2.5949999999999998,2.617,2.609,2.2649999999999997,2.564,2.56,2.654,2.4859999999999998,2.3,2.799,2.459,2.864,2.447,2.526,2.675,2.61,2.4,2.674,2.5069999999999997,2.597,2.5789999999999997,2.862,2.449,2.572,2.817,2.531,2.594,2.455,2.285,2.8,2.6559999999999997,2.8489999999999998,2.5060000000000002,2.613,2.497,2.636,2.872,2.716,2.6929999999999996,2.5380000000000003,2.606,2.354,2.642,2.492,2.755,2.509,2.334,2.616,2.784,2.634,2.643,2.6,2.6020000000000003,2.391,2.634,2.543,2.766,2.601,2.82,2.502,2.6870000000000003,2.6109999999999998,2.287,2.6710000000000003,2.605,2.521
lo_A_model_1_relaxed_repeat023,2.6740000000000004,2.732,2.468,2.67,2.871,2.672,2.6550000000000002,2.479,2.581,2.573,2.601,2.6020000000000003,2.588,2.676,2.701,2.769,2.641,2.8739999999999997,2.4859999999999998,2.885,2.844,2.5709999999999997,0.0,2.6479999999999997,2.814,2.33,2.8,2.916,2.6,2.583,2.662,2.716,2.5309999999999997,2.635,2.315,2.613,2.64,2.574,2.66,2.632,2.67,2.7880000000000003,2.43,2.84,2.681,2.3489999999999998,2.9,2.6559999999999997,2.3499999999999996,2.592,2.916,2.598,2.899,2.9109999999999996,2.872,2.641,2.389,2.511,2.513,2.574,2.8609999999999998,2.871,2.8979999999999997,2.893,2.702,2.714,2.5599999999999996,2.908,2.879,2.629,2.585,2.912,2.816,2.224,2.762,2.759,2.926,2.507,2.4619999999999997,2.807,2.918,2.921,2.564,2.949,2.817,2.625,2.535,2.265,2.667,2.255,2.8970000000000002,2.855,2.844,2.926,2.401,2.863,2.8289999999999997,2.855,2.91,2.545
lo_A_model_1_relaxed_repeat024,2.4050000000000002,2.7359999999999998,2.777,2.153,2.888,2.65,2.844,2.574,2.852,2.385,2.549,2.5709999999999997,2.949,2.61,2.842,2.831,2.59,2.3329999999999997,2.4139999999999997,2.4909999999999997,2.652,2.6239999999999997,2.6479999999999997,0.0,2.761,2.772,2.95,2.652,2.705,2.1390000000000002,2.9429999999999996,2.803,2.681,2.489,3.014,2.763,2.769,2.651,2.29,2.518,2.681,2.477,2.764,2.99,2.92,2.8179999999999996,2.574,2.604,2.665,2.501,2.6,2.6639999999999997,2.546,2.831,2.899,2.796,2.755,2.191,2.79,2.835,2.673,2.405,2.606,2.833,2.847,2.771,2.567,2.798,2.8129999999999997,2.844,2.8259999999999996,2.86,2.966,2.8289999999999997,2.1420000000000003,2.852,2.837,2.827,2.8689999999999998,2.957,2.643,2.972,2.894,2.8970000000000002,2.967,2.889,2.847,2.604,2.529,2.6449999999999996,2.956,2.828,2.828,2.6399999999999997,2.5869999999999997,2.128,2.643,2.886,2.707,2.894
lo_A_model_1_relaxed_repeat025,2.561,2.471,2.753,2.783,2.6790000000000003,2.8259999999999996,2.7110000000000003,2.237,2.612,2.5149999999999997,2.761,2.899,2.7649999999999997,2.6710000000000003,2.7409999999999997,2.457,2.754,2.519,2.9219999999999997,2.467,2.472,2.3120000000000003,2.814,2.761,0.0,2.7720000000000002,2.831,2.947,2.713,2.769,2.7089999999999996,2.447,2.8369999999999997,2.465,2.634,2.66,2.928,2.7960000000000003,2.8979999999999997,2.694,2.8369999999999997,2.819,2.879,2.7859999999999996,2.685,2.638,2.7,2.66,2.738,2.887,2.765,2.6449999999999996,2.644,2.613,2.336,2.645,2.726,2.7720000000000002,2.876,2.644,2.674,2.689,2.513,2.924,2.6,2.822,2.545,2.51,2.3440000000000003,2.557,2.937,2.916,2.762,2.742,2.76,2.836,2.957,2.75,2.48,2.753,2.77,2.814,2.851,2.9530000000000003,2.763,2.886,2.8289999999999997,2.753,2.924,2.94,2.928,2.661,2.8739999999999997,2.485,2.7880000000000003,2.7670000000000003,2.672,2.739,2.7640000000000002,2.699
lo_A_model_1_relaxed_repeat026,2.662,2.015,2.683,2.7939999999999996,2.5620000000000003,2.625,2.582,2.8449999999999998,2.5869999999999997,2.786,2.715,2.8360000000000003,2.477,2.834,2.763,2.613,2.7649999999999997,2.7439999999999998,2.838,2.7889999999999997,2.755,2.7720000000000002,2.33,2.772,2.7720000000000002,0.0,2.806,2.9219999999999997,2.823,2.707,3.041,2.755,2.276,2.06,2.7439999999999998,2.976,2.637,2.16,2.7990000000000004,2.7199999999999998,2.8040000000000003,2.816,2.224,2.62,2.54,2.339,2.565,2.8200000000000003,2.768,2.5469999999999997,2.7720000000000002,2.588,2.655,2.504,2.584,2.731,2.608,2.635,2.575,2.74,2.4450000000000003,2.59,2.694,2.899,2.258,2.933,2.724,2.543,2.513,2.532,2.7089999999999996,2.657,2.588,2.726,2.779,2.76,2.932,2.6950000000000003,2.776,2.6340000000000003,2.8760000000000003,2.7910000000000004,2.367,2.66,2.429,2.128,2.823,2.774,2.862,3.0170000000000003,2.903,2.36,2.5650000000000004,2.238,2.4459999999999997,2.759,2.518,2.722,2.77,2.6689999999999996
lo_A_model_1_relaxed_repeat027,2.574,2.661,2.783,2.972,2.958,2.803,2.726,2.535,2.206,2.598,2.843,2.904,2.734,2.253,2.299,2.873,2.943,2.601,2.891,2.864,2.5540000000000003,2.451,2.8,2.95,2.831,2.806,0.0,2.299,2.902,2.885,2.701,2.606,2.806,2.787,2.7750000000000004,2.3040000000000003,2.8970000000000002,2.765,2.89,2.7800000000000002,2.8840000000000003,2.4770000000000003,2.848,2.387,2.3049999999999997,2.582,2.669,2.513,2.628,2.856,2.777,2.614,2.833,2.668,2.33,2.7960000000000003,2.4829999999999997,2.813,2.8449999999999998,2.89,2.637,2.6550000000000002,2.674,2.147,2.545,2.749,2.335,2.765,2.91,2.387,2.9059999999999997,2.912,2.627,2.939,2.795,2.939,2.349,2.6959999999999997,2.924,2.533,2.6180000000000003,1.9789999999999999,2.675,2.746,2.491,2.957,2.871,2.652,2.96,2.909,2.792,2.8360000000000003,2.715,2.6710000000000003,2.9539999999999997,2.9370000000000003,2.7670000000000003,2.758,2.753,2.847
lo_A_model_1_relaxed_repeat028,2.916,2.66,2.7190000000000003,2.768,3.074,2.87,2.8419999999999996,2.637,2.7880000000000003,2.716,2.791,2.94,2.89,2.481,2.5389999999999997,2.989,2.976,2.856,2.83,2.98,2.666,2.528,2.916,2.652,2.947,2.9219999999999997,2.299,0.0,2.604,2.677,2.817,2.6470000000000002,2.745,2.9029999999999996,2.891,2.624,2.873,2.704,2.806,2.896,3.0,2.451,2.816,2.722,2.4610000000000003,2.787,2.785,2.629,2.7439999999999998,2.795,2.893,2.6559999999999997,2.748,2.6719999999999997,2.8040000000000003,2.529,2.713,2.836,2.822,3.0060000000000002,2.753,2.771,2.79,2.7640000000000002,2.92,3.019,2.476,2.8810000000000002,3.026,2.362,2.8449999999999998,2.62,2.7960000000000003,3.0549999999999997,2.9109999999999996,3.0549999999999997,2.9059999999999997,2.812,3.04,2.3200000000000003,2.734,2.88,2.791,2.862,3.01,3.073,2.787,2.768,2.85,2.934,2.731,2.952,2.918,2.787,3.07,2.732,2.883,2.8739999999999997,2.8689999999999998,2.865
lo_A_model_1_relaxed_repeat029,2.606,2.7,2.8659999999999997,2.5540000000000003,2.84,2.7729999999999997,2.7960000000000003,2.702,2.8040000000000003,2.7649999999999997,2.393,2.42,2.901,2.5620000000000003,2.567,2.7830000000000004,2.417,2.764,2.489,2.645,2.7169999999999996,2.576,2.6,2.705,2.713,2.823,2.902,2.604,0.0,2.66,2.895,2.7729999999999997,2.358,2.71,2.966,2.668,2.694,2.6029999999999998,2.669,2.372,2.8819999999999997,2.6029999999999998,2.716,2.8499999999999996,2.545,2.915,2.739,2.597,2.708,2.4530000000000003,2.596,2.65,2.408,2.726,2.851,2.748,2.707,2.7199999999999998,2.8209999999999997,2.787,2.713,2.502,2.623,2.851,2.7990000000000004,2.908,2.506,2.75,2.765,2.7960000000000003,2.923,2.944,2.4690000000000003,2.781,2.7110000000000003,2.8040000000000003,2.207,2.779,2.821,2.692,2.73,2.7670000000000003,2.846,2.592,2.694,2.841,2.652,2.479,2.768,2.597,2.9080000000000004,2.7800000000000002,2.8019999999999996,2.592,2.539,2.7649999999999997,2.5949999999999998,2.444,2.481,2.565
lo_A_model_1_relaxed_repeat030,2.4290000000000003,2.692,2.7119999999999997,2.364,2.826,2.59,2.779,2.509,2.794,2.3529999999999998,2.467,2.523,2.884,2.6310000000000002,2.7969999999999997,2.766,2.625,2.8289999999999997,2.535,2.84,2.799,2.559,2.583,2.1390000000000002,2.769,2.707,2.885,2.677,2.66,0.0,2.878,2.782,2.636,2.718,2.949,2.718,2.4429999999999996,2.6870000000000003,2.307,2.58,2.4379999999999997,2.6950000000000003,2.699,2.945,2.56,2.334,2.855,2.516,2.4090000000000003,2.58,2.871,2.642,2.854,2.8659999999999997,2.8339999999999996,2.731,2.69,2.542,2.7720000000000002,2.77,2.816,2.826,2.8529999999999998,2.7880000000000003,2.782,2.779,2.5149999999999997,2.863,2.834,2.779,2.2430000000000003,2.6879999999999997,2.9210000000000003,2.7640000000000002,2.1790000000000003,2.787,2.792,2.762,2.8040000000000003,2.912,2.873,2.9269999999999996,2.8289999999999997,2.725,2.9219999999999997,2.824,2.834,2.798,2.419,2.6310000000000002,2.891,2.81,2.775,2.8810000000000002,2.794,2.818,2.784,2.81,2.865,2.757
lo_A_model_1_relaxed_repeat031,2.686,2.677,2.77,2.965,2.665,2.7960000000000003,2.69,2.633,2.691,2.651,2.653,2.8970000000000002,2.9379999999999997,2.732,2.7560000000000002,2.67,2.936,2.727,2.715,2.659,2.682,2.729,2.662,2.9429999999999996,2.7089999999999996,3.041,2.701,2.817,2.895,2.878,0.0,2.7199999999999998,2.691,2.667,2.714,2.677,2.645,2.618,2.883,2.675,2.6790000000000003,2.7039999999999997,2.772,2.904,2.713,2.6470000000000002,2.69,2.692,2.258,2.5469999999999997,2.719,2.363,2.8259999999999996,2.71,2.697,2.702,2.697,2.806,2.725,2.581,2.7409999999999997,2.6559999999999997,2.6879999999999997,2.794,2.7119999999999997,2.806,2.7,2.7,2.674,2.715,2.88,2.707,2.88,2.677,2.731,2.726,2.827,2.697,2.697,2.871,2.636,2.886,2.724,2.685,2.8810000000000002,2.875,2.732,2.726,2.953,2.6310000000000002,2.798,2.6799999999999997,2.713,2.6719999999999997,2.699,2.9299999999999997,2.691,2.635,2.724,2.84
lo_A_model_1_relaxed_repeat032,2.636,2.183,2.682,2.825,2.27,2.7279999999999998,2.2960000000000003,2.367,2.448,2.674,2.7880000000000003,2.801,2.667,2.084,2.91,2.471,2.7960000000000003,2.5860000000000003,2.824,2.35,2.533,2.239,2.716,2.803,2.447,2.755,2.606,2.6470000000000002,2.7729999999999997,2.782,2.7199999999999998,0.0,2.7489999999999997,2.526,2.559,2.831,2.83,2.6980000000000004,2.8,2.3529999999999998,2.912,2.508,2.781,3.058,2.63,2.2809999999999997,2.235,2.037,2.1189999999999998,2.789,2.5789999999999997,2.6559999999999997,2.686,2.4850000000000003,2.191,2.69,2.463,2.6660000000000004,2.778,2.1870000000000003,2.455,2.294,2.261,2.901,2.559,2.876,2.52,2.2720000000000002,2.247,2.387,2.839,2.974,3.034,2.388,2.662,2.738,2.9050000000000002,2.093,2.37,3.025,2.572,3.04,2.806,2.569,3.035,2.7880000000000003,2.731,2.452,2.826,2.842,2.9050000000000002,2.233,2.708,2.268,2.6900000000000004,2.79,2.099,2.499,2.518,2.7
lo_A_model_1_relaxed_repeat033,2.509,2.778,2.2910000000000004,2.5300000000000002,2.894,2.7489999999999997,2.427,2.678,2.3600000000000003,2.7409999999999997,2.326,2.511,2.512,2.699,2.407,2.792,2.59,2.8970000000000002,2.4669999999999996,2.9080000000000004,2.867,2.346,2.5309999999999997,2.681,2.8369999999999997,2.276,2.806,2.745,2.358,2.636,2.691,2.7489999999999997,0.0,2.407,2.2889999999999997,2.368,2.67,2.376,2.645,2.648,2.37,2.763,2.305,2.738,2.425,2.676,2.923,2.573,2.684,2.364,2.939,2.627,2.9219999999999997,2.934,2.895,2.606,2.626,2.442,2.722,2.779,2.8840000000000003,2.894,2.9210000000000003,2.667,2.6879999999999997,3.0,2.583,2.931,2.902,2.401,2.52,2.676,2.793,2.2439999999999998,2.6870000000000003,2.2279999999999998,2.718,2.368,2.443,2.66,2.941,2.944,2.729,2.731,2.9059999999999997,2.436,2.907,2.314,2.7439999999999998,2.419,2.326,2.878,2.856,2.949,2.4829999999999997,2.886,2.8520000000000003,2.878,2.933,2.521
lo_A_model_1_relaxed_repeat034,2.614,2.569,2.476,2.511,2.715,2.672,2.227,2.459,2.738,2.5700000000000003,2.42,2.443,2.4619999999999997,2.632,2.6879999999999997,2.3920000000000003,2.614,2.352,2.609,2.842,2.499,2.5620000000000003,2.635,2.489,2.465,2.06,2.787,2.9029999999999996,2.71,2.718,2.667,2.526,2.407,0.0,2.609,2.393,2.4,2.467,2.6,2.7030000000000003,2.8899999999999997,2.775,2.285,2.601,2.644,2.615,2.6820000000000004,2.6100000000000003,2.632,2.7190000000000003,2.545,2.628,2.446,2.702,2.643,2.5789999999999997,2.4539999999999997,2.3520000000000003,2.099,2.609,2.6109999999999998,2.263,2.518,2.88,2.659,2.768,2.498,2.677,2.3230000000000004,2.7,2.426,2.952,2.5010000000000003,2.6020000000000003,2.492,2.579,2.913,2.555,2.819,2.567,2.455,2.7699999999999996,2.309,2.622,2.645,2.214,2.533,2.575,2.837,2.2520000000000002,2.884,2.665,2.755,2.311,2.7510000000000003,2.589,2.317,2.628,2.356,2.907
lo_A_model_1_relaxed_repeat035,2.665,2.289,2.279,3.0359999999999996,2.748,2.867,2.392,2.4619999999999997,2.556,2.245,2.5380000000000003,2.968,2.6879999999999997,2.665,2.676,2.298,3.0069999999999997,2.29,2.7859999999999996,2.335,2.3280000000000003,2.5949999999999998,2.315,3.014,2.634,2.7439999999999998,2.7750000000000004,2.891,2.966,2.949,2.714,2.559,2.2889999999999997,2.609,0.0,2.589,2.2880000000000003,2.5,2.9539999999999997,2.644,2.941,2.763,2.318,2.771,2.677,2.836,2.715,2.643,2.665,2.752,2.79,2.65,2.897,2.6959999999999997,2.377,2.66,2.303,2.877,2.968,2.642,2.654,2.423,2.551,2.9130000000000003,2.692,2.839,2.518,2.575,2.412,2.5010000000000003,2.9509999999999996,3.003,2.624,2.6020000000000003,2.532,2.6959999999999997,2.901,2.588,2.508,2.565,2.193,2.758,2.641,2.886,2.678,2.349,2.616,2.608,3.024,2.316,2.872,2.6870000000000003,2.967,1.9329999999999998,2.6020000000000003,3.001,2.5,2.661,2.308,2.9109999999999996
lo_A_model_1_relaxed_repeat036,2.591,2.641,2.347,2.628,2.564,2.831,2.332,2.76,2.2,2.823,2.531,2.604,2.873,2.4779999999999998,2.372,2.62,2.6630000000000003,2.589,2.568,2.871,2.351,2.617,2.613,2.763,2.66,2.976,2.3040000000000003,2.624,2.668,2.718,2.677,2.831,2.368,2.393,2.589,0.0,2.752,2.1879999999999997,2.761,2.64,2.681,2.661,2.707,2.441,2.39,2.758,2.7969999999999997,2.6550000000000002,2.766,2.417,2.6479999999999997,2.564,2.666,2.784,2.4290000000000003,2.6340000000000003,2.708,2.6719999999999997,2.615,2.722,2.771,2.315,2.681,2.3810000000000002,2.77,3.033,2.569,2.4219999999999997,2.516,2.2119999999999997,2.777,2.7430000000000003,2.5380000000000003,2.5709999999999997,2.769,2.605,2.3609999999999998,2.54,2.621,2.577,2.7880000000000003,2.636,2.811,2.597,2.546,2.81,2.6790000000000003,2.6189999999999998,2.866,2.424,2.473,2.442,2.82,2.612,2.5599999999999996,2.823,2.373,2.364,2.6310000000000002,2.503
lo_A_model_1_relaxed_repeat037,2.6719999999999997,2.846,2.649,2.53,2.9850000000000003,2.431,2.407,2.424,2.319,2.285,2.258,2.6710000000000003,2.534,2.79,2.831,2.883,2.5650000000000004,2.988,2.594,2.999,2.958,2.609,2.64,2.769,2.928,2.637,2.8970000000000002,2.873,2.694,2.4429999999999996,2.645,2.83,2.67,2.4,2.2880000000000003,2.752,0.0,2.5949999999999998,2.448,2.8890000000000002,2.755,2.854,2.368,2.979,2.827,2.669,3.0140000000000002,2.575,2.3760000000000003,2.7169999999999996,3.0300000000000002,2.581,3.013,3.025,2.9859999999999998,2.932,2.503,2.4619999999999997,2.759,2.495,2.975,2.9850000000000003,3.012,2.822,2.273,2.844,2.674,3.0220000000000002,2.9930000000000003,2.685,2.445,2.826,2.955,2.5869999999999997,2.29,2.392,2.826,2.553,2.8040000000000003,2.9459999999999997,3.032,3.035,2.678,2.822,2.956,2.471,2.645,2.5220000000000002,2.6740000000000004,2.107,2.8360000000000003,2.9690000000000003,3.0069999999999997,3.04,2.7359999999999998,2.9770000000000003,2.943,2.9690000000000003,3.024,2.405
lo_A_model_1_relaxed_repeat038,2.434,2.7140000000000004,2.623,2.673,2.853,2.674,2.2750000000000004,2.6029999999999998,2.17,2.666,2.543,2.605,2.576,2.6580000000000004,2.4290000000000003,2.7510000000000003,2.644,2.856,2.548,2.867,2.826,2.2649999999999997,2.574,2.651,2.7960000000000003,2.16,2.765,2.704,2.6029999999999998,2.6870000000000003,2.618,2.6980000000000004,2.376,2.467,2.5,2.1879999999999997,2.5949999999999998,0.0,2.591,2.607,2.495,2.7220000000000004,2.347,2.697,2.623,2.601,2.882,2.598,2.609,2.493,2.898,2.554,2.8810000000000002,2.893,2.854,2.695,2.551,2.5140000000000002,2.5780000000000003,2.565,2.843,2.853,2.88,2.266,2.613,2.859,2.542,2.89,2.861,2.6390000000000002,2.588,2.854,2.752,2.541,2.612,2.7009999999999996,2.768,2.327,2.758,2.619,2.9000000000000004,2.903,2.654,2.891,2.496,2.311,2.723,2.1959999999999997,2.669,2.172,2.599,2.837,2.802,2.9080000000000004,2.69,2.845,2.811,2.837,2.8920000000000003,2.548
lo_A_model_1_relaxed_repeat039,2.247,2.816,2.717,2.5469999999999997,2.955,2.471,2.784,2.5140000000000002,2.843,2.371,2.3810000000000002,2.567,2.8890000000000002,2.76,2.806,2.8529999999999998,2.7590000000000003,2.958,2.634,2.9690000000000003,2.928,2.564,2.66,2.29,2.8979999999999997,2.7990000000000004,2.89,2.806,2.669,2.307,2.883,2.8,2.645,2.6,2.9539999999999997,2.761,2.448,2.591,0.0,2.709,2.5620000000000003,2.824,2.7039999999999997,2.9539999999999997,2.601,2.891,2.984,2.615,2.206,2.5759999999999996,3.0,2.5380000000000003,2.9829999999999997,2.995,2.956,2.828,2.6950000000000003,2.1879999999999997,2.959,2.7750000000000004,2.9450000000000003,2.955,2.982,2.904,2.787,2.816,2.644,2.992,2.963,2.784,2.899,2.737,2.93,2.769,2.367,2.792,2.801,2.7670000000000003,2.8440000000000003,2.9210000000000003,3.002,3.005,2.834,2.792,2.931,2.8289999999999997,2.7199999999999998,2.467,2.303,2.632,2.896,2.939,2.958,3.01,2.776,2.947,2.9130000000000003,2.939,2.9939999999999998,2.513
lo_A_model_1_relaxed_repeat040,2.932,2.676,2.741,2.784,2.511,2.7889999999999997,2.261,2.3520000000000003,2.8040000000000003,2.732,2.435,2.71,2.906,2.497,2.681,2.508,2.498,2.872,2.733,2.6769999999999996,2.8129999999999997,2.56,2.632,2.518,2.694,2.7199999999999998,2.7800000000000002,2.896,2.372,2.58,2.675,2.3529999999999998,2.648,2.7030000000000003,2.644,2.64,2.8890000000000002,2.607,2.709,0.0,2.887,2.768,2.6900000000000004,2.5940000000000003,2.675,2.2039999999999997,2.7270000000000003,2.418,2.3659999999999997,2.6980000000000004,2.569,2.6109999999999998,2.3369999999999997,2.598,2.8200000000000003,2.54,2.729,2.6260000000000003,2.702,2.338,2.516,2.7350000000000003,2.249,2.873,2.936,2.874,3.396,2.498,2.44,2.5060000000000002,2.748,2.949,2.52,2.6870000000000003,2.886,2.6470000000000002,2.9219999999999997,2.574,2.492,2.517,2.675,2.896,2.852,2.367,2.816,2.88,2.668,2.5220000000000002,2.7350000000000003,2.7510000000000003,2.877,2.425,2.934,2.782,2.599,2.748,2.67,2.5060000000000002,2.885,2.643
lo_A_model_1_relaxed_repeat041,2.509,2.9050000000000002,2.771,2.944,2.839,2.3659999999999997,2.777,2.694,2.705,2.348,2.843,2.8529999999999998,2.701,2.9530000000000003,2.785,2.956,2.8739999999999997,2.629,2.815,2.7569999999999997,2.843,2.654,2.67,2.681,2.8369999999999997,2.8040000000000003,2.8840000000000003,3.0,2.8819999999999997,2.4379999999999997,2.6790000000000003,2.912,2.37,2.8899999999999997,2.941,2.681,2.755,2.495,2.5620000000000003,2.887,0.0,2.872,2.535,2.917,2.884,2.509,2.694,2.456,2.7199999999999998,2.759,2.634,2.615,2.527,2.6239999999999997,2.963,2.7,2.9859999999999998,2.836,2.819,2.352,2.5069999999999997,2.653,2.613,2.9770000000000003,2.864,2.917,2.394,2.862,2.799,2.6100000000000003,2.605,2.5789999999999997,2.971,2.352,2.6390000000000002,2.435,3.01,2.83,2.6719999999999997,2.9450000000000003,2.623,2.867,2.964,2.939,2.965,2.638,2.955,2.488,2.7430000000000003,2.635,2.981,2.931,2.908,2.581,2.807,2.715,2.9619999999999997,2.6020000000000003,2.6479999999999997,2.917
lo_A_model_1_relaxed_repeat042,2.513,2.596,2.448,2.6260000000000003,2.9459999999999997,2.752,2.714,2.5090000000000003,2.83,2.434,2.6630000000000003,2.886,2.807,2.627,2.457,2.8609999999999998,2.848,2.49,2.848,2.8520000000000003,2.7030000000000003,2.4859999999999998,2.7880000000000003,2.477,2.819,2.816,2.4770000000000003,2.451,2.6029999999999998,2.6950000000000003,2.7039999999999997,2.508,2.763,2.775,2.763,2.661,2.854,2.7220000000000004,2.824,2.768,2.872,0.0,2.805,2.843,2.537,2.908,2.657,2.503,2.616,2.813,2.765,2.656,2.62,2.544,2.597,2.862,2.608,2.708,2.802,2.878,2.625,2.643,2.662,2.8440000000000003,2.552,2.715,2.463,2.753,2.898,2.572,2.916,2.675,2.6929999999999996,2.927,2.783,2.927,2.4619999999999997,2.684,2.912,2.5410000000000004,2.697,2.638,2.6630000000000003,2.734,2.6870000000000003,2.9450000000000003,2.755,2.64,2.85,2.866,2.766,2.824,2.793,2.659,2.942,2.56,2.755,2.925,2.741,2.999
lo_A_model_1_relaxed_repeat043,2.393,2.797,2.441,2.7859999999999996,2.936,2.617,2.358,2.375,2.481,2.279,2.359,2.718,2.394,2.741,2.601,2.834,2.7569999999999997,2.939,2.569,2.95,2.909,2.3,2.43,2.764,2.879,2.224,2.848,2.816,2.716,2.699,2.772,2.781,2.305,2.285,2.318,2.707,2.368,2.347,2.7039999999999997,2.6900000000000004,2.535,2.805,0.0,2.7800000000000002,2.439,2.459,2.965,2.551,2.4989999999999997,2.592,2.981,2.567,2.964,2.976,2.9370000000000003,2.648,2.4539999999999997,2.627,2.396,2.471,2.926,2.936,2.963,2.793,2.592,3.034,2.625,2.973,2.944,2.426,2.7009999999999996,2.718,2.835,2.2830000000000004,2.301,2.517,2.8259999999999996,2.41,2.477,2.702,2.983,2.9859999999999998,2.629,2.773,2.683,2.322,2.9690000000000003,2.2279999999999998,2.774,2.748,2.7969999999999997,2.92,2.885,2.991,2.192,2.928,2.894,2.92,2.975,2.6609999999999996
lo_A_model_1_relaxed_repeat044,2.8179999999999996,2.4050000000000002,2.41,2.839,2.7720000000000002,3.058,2.54,2.987,2.412,3.05,2.713,2.8,2.8209999999999997,2.705,2.163,2.847,2.6740000000000004,2.771,2.823,2.9299999999999997,2.383,2.799,2.84,2.99,2.7859999999999996,2.62,2.387,2.722,2.8499999999999996,2.945,2.904,3.058,2.738,2.601,2.771,2.441,2.979,2.697,2.9539999999999997,2.5940000000000003,2.917,2.843,2.7800000000000002,0.0,2.567,2.985,3.024,2.8819999999999997,2.993,2.7880000000000003,2.825,2.66,2.6929999999999996,3.011,2.6109999999999998,2.8609999999999998,2.9349999999999996,2.751,2.8419999999999996,2.949,2.998,2.542,2.908,2.4610000000000003,2.997,3.128,2.751,2.699,2.724,2.493,2.838,2.979,2.808,2.753,2.996,2.787,2.53,2.722,2.803,2.19,3.0149999999999997,2.818,3.038,2.774,2.615,2.787,2.8499999999999996,2.801,3.053,2.841,2.724,2.6500000000000004,2.799,2.839,2.768,3.05,2.873,2.6790000000000003,2.7969999999999997,2.563
lo_A_model_1_relaxed_repeat045,2.6079999999999997,2.624,2.8,2.615,2.643,2.63,2.4130000000000003,2.5730000000000004,2.56,2.622,2.378,2.547,2.753,2.507,2.348,2.6100000000000003,2.5860000000000003,2.698,2.543,2.8289999999999997,2.672,2.459,2.681,2.92,2.685,2.54,2.3049999999999997,2.4610000000000003,2.545,2.56,2.713,2.63,2.425,2.644,2.677,2.39,2.827,2.623,2.601,2.675,2.884,2.537,2.439,2.567,0.0,2.6319999999999997,2.596,2.4539999999999997,2.565,2.544,2.5460000000000003,2.649,2.476,2.583,2.637,2.58,2.5069999999999997,2.654,2.755,2.56,2.5700000000000003,2.6870000000000003,2.48,2.568,2.569,2.844,2.495,2.5540000000000003,2.5860000000000003,2.545,2.6399999999999997,2.9459999999999997,2.661,2.609,2.568,2.609,2.495,2.515,2.594,2.497,2.636,2.462,2.706,2.446,2.5,2.627,2.73,2.4690000000000003,2.7439999999999998,2.641,2.5970000000000004,2.5060000000000002,2.676,2.45,2.6239999999999997,2.715,2.822,2.63,2.633,2.637
lo_A_model_1_relaxed_repeat046,2.7030000000000003,2.5869999999999997,2.497,2.481,2.635,2.701,2.684,2.937,2.447,2.878,2.778,2.606,2.617,2.601,2.8369999999999997,2.463,2.599,2.836,2.5149999999999997,2.646,2.517,2.864,2.3489999999999998,2.8179999999999996,2.638,2.339,2.582,2.787,2.915,2.334,2.6470000000000002,2.2809999999999997,2.676,2.615,2.836,2.758,2.669,2.601,2.891,2.2039999999999997,2.509,2.908,2.459,2.985,2.6319999999999997,0.0,2.727,2.2729999999999997,2.365,2.621,2.864,2.643,2.469,2.596,2.676,2.867,2.7,2.372,2.444,2.675,2.537,2.516,2.7859999999999996,2.8280000000000003,2.341,2.923,2.816,2.635,2.5149999999999997,2.658,2.556,2.68,2.9610000000000003,2.8179999999999996,2.871,2.852,2.832,2.787,2.868,2.952,2.537,2.9669999999999996,2.673,2.752,2.9619999999999997,2.684,2.915,2.8659999999999997,2.6959999999999997,2.284,2.832,2.2569999999999997,2.795,2.2329999999999997,2.4299999999999997,2.8499999999999996,2.235,2.676,2.862,2.5229999999999997
lo_A_model_1_relaxed_repeat047,2.4349999999999996,2.222,2.838,2.596,2.401,2.912,2.192,2.251,2.45,2.2640000000000002,2.1790000000000003,2.9850000000000003,2.851,2.357,2.876,2.627,2.652,2.7359999999999998,3.008,2.629,2.689,2.447,2.9,2.574,2.7,2.565,2.669,2.785,2.739,2.855,2.69,2.235,2.923,2.6820000000000004,2.715,2.7969999999999997,3.0140000000000002,2.882,2.984,2.7270000000000003,2.694,2.657,2.965,3.024,2.596,2.727,0.0,2.6879999999999997,2.326,2.973,2.54,2.626,2.4589999999999996,2.6719999999999997,2.335,2.583,2.24,2.692,2.9619999999999997,2.356,2.538,2.302,2.3819999999999997,2.867,2.196,2.785,2.498,2.52,2.5949999999999998,2.395,3.0229999999999997,2.7560000000000002,3.0,2.628,2.846,2.9219999999999997,2.871,2.436,2.63,2.9909999999999997,2.359,3.006,2.525,2.527,3.001,2.972,2.915,2.3600000000000003,3.01,3.026,2.909,2.5709999999999997,2.851,2.48,2.874,2.561,2.525,2.4,2.229,2.537
lo_A_model_1_relaxed_repeat048,2.468,2.599,2.766,2.601,2.618,2.346,2.336,2.548,2.3819999999999997,2.1870000000000003,2.068,2.4859999999999998,2.7190000000000003,2.399,2.734,2.585,2.576,2.6639999999999997,2.518,2.641,2.758,2.526,2.6559999999999997,2.604,2.66,2.8200000000000003,2.513,2.629,2.597,2.516,2.692,2.037,2.573,2.6100000000000003,2.643,2.6550000000000002,2.575,2.598,2.615,2.418,2.456,2.503,2.551,2.8819999999999997,2.4539999999999997,2.2729999999999997,2.6879999999999997,0.0,2.49,2.598,2.3609999999999998,2.628,2.372,2.516,2.612,2.0140000000000002,2.08,2.62,2.721,2.209,2.52,2.662,2.247,2.725,2.598,2.841,2.358,2.622,2.561,2.343,2.621,2.638,2.858,2.5170000000000003,2.717,2.162,2.729,1.97,2.499,2.849,2.6630000000000003,2.864,2.508,2.34,2.859,2.654,2.879,2.5469999999999997,2.719,2.6159999999999997,2.729,2.349,2.84,2.352,2.317,2.476,2.085,2.441,2.364,2.612
lo_A_model_1_relaxed_repeat049,2.444,2.5060000000000002,2.7880000000000003,2.58,2.219,2.347,2.4290000000000003,2.422,2.529,2.3529999999999998,2.452,2.466,2.741,2.167,2.8449999999999998,2.648,2.641,2.686,2.572,2.158,2.6390000000000002,2.675,2.3499999999999996,2.665,2.738,2.768,2.628,2.7439999999999998,2.708,2.4090000000000003,2.258,2.1189999999999998,2.684,2.632,2.665,2.766,2.3760000000000003,2.609,2.206,2.3659999999999997,2.7199999999999998,2.616,2.4989999999999997,2.993,2.565,2.365,2.326,2.49,0.0,2.525,2.4930000000000003,2.3529999999999998,2.3680000000000003,2.4619999999999997,2.34,2.358,2.391,2.6420000000000003,2.8040000000000003,2.555,2.5709999999999997,2.263,2.06,2.8360000000000003,2.576,2.928,2.5300000000000002,2.578,2.521,2.439,2.569,2.782,2.9690000000000003,2.4450000000000003,2.318,2.347,2.84,2.556,2.519,2.96,2.383,2.9749999999999996,2.596,2.593,2.9699999999999998,2.6020000000000003,2.835,2.453,2.32,2.567,2.84,2.588,2.803,2.374,2.438,2.149,2.311,2.347,2.3840000000000003,2.487
lo_A_model_1_relaxed_repeat050,2.596,2.805,2.875,2.5229999999999997,2.944,2.583,2.4669999999999996,2.443,2.757,2.402,2.607,2.565,2.8280000000000003,2.749,2.349,2.842,2.601,2.947,2.5549999999999997,2.958,2.917,2.61,2.592,2.501,2.887,2.5469999999999997,2.856,2.795,2.4530000000000003,2.58,2.5469999999999997,2.789,2.364,2.7190000000000003,2.752,2.417,2.7169999999999996,2.493,2.5759999999999996,2.6980000000000004,2.759,2.813,2.592,2.7880000000000003,2.544,2.621,2.973,2.598,2.525,0.0,2.989,2.626,2.972,2.984,2.9450000000000003,2.656,2.4619999999999997,2.729,2.83,2.6310000000000002,2.934,2.944,2.971,2.567,2.535,2.8409999999999997,2.633,2.981,2.952,2.65,2.585,2.726,2.843,2.6799999999999997,2.5359999999999996,2.6799999999999997,2.768,2.5869999999999997,2.665,2.71,2.991,2.9939999999999998,2.637,2.781,2.5869999999999997,2.698,2.517,2.393,2.614,2.559,2.31,2.928,2.893,2.999,2.695,2.936,2.902,2.928,2.983,2.926
lo_A_model_1_relaxed_repeat051,2.3579999999999997,2.722,2.6239999999999997,2.442,2.6639999999999997,2.928,2.62,2.625,2.824,2.543,2.54,3.0010000000000003,2.867,2.386,2.678,2.607,2.7039999999999997,2.522,3.024,2.449,2.4749999999999996,2.4,2.916,2.6,2.765,2.7720000000000002,2.777,2.893,2.596,2.871,2.719,2.5789999999999997,2.939,2.545,2.79,2.6479999999999997,3.0300000000000002,2.898,3.0,2.569,2.634,2.765,2.981,2.825,2.5460000000000003,2.864,2.54,2.3609999999999998,2.4930000000000003,2.989,0.0,2.6239999999999997,2.348,2.654,2.675,2.572,2.5309999999999997,2.4779999999999998,2.9779999999999998,2.6109999999999998,2.59,2.4939999999999998,2.3819999999999997,2.87,2.623,2.896,2.44,2.652,2.589,2.62,3.0389999999999997,2.6959999999999997,2.801,2.605,2.862,2.9379999999999997,2.903,2.6029999999999998,2.645,2.792,2.487,2.807,2.67,2.448,2.802,2.988,2.931,2.3920000000000003,3.026,3.042,2.925,2.623,2.903,2.416,2.89,2.489,2.4189999999999996,2.622,2.59,2.461
lo_A_model_1_relaxed_repeat052,2.622,2.613,2.615,2.665,2.62,2.663,2.626,2.569,2.9139999999999997,2.5869999999999997,2.589,2.7199999999999998,2.6159999999999997,2.668,2.6399999999999997,2.606,2.6260000000000003,2.663,2.638,2.5949999999999998,2.618,2.674,2.598,2.6639999999999997,2.6449999999999996,2.588,2.614,2.6559999999999997,2.65,2.642,2.363,2.6559999999999997,2.627,2.628,2.65,2.564,2.581,2.554,2.5380000000000003,2.6109999999999998,2.615,2.656,2.567,2.66,2.649,2.643,2.626,2.628,2.3529999999999998,2.626,2.6239999999999997,0.0,2.657,2.646,2.681,2.638,2.633,2.657,2.823,2.552,2.612,2.5919999999999996,2.6239999999999997,2.768,2.6479999999999997,2.883,2.636,2.729,2.61,2.651,2.663,2.669,2.838,2.613,2.667,2.662,2.581,2.633,2.633,2.658,2.572,2.614,2.66,2.621,2.6109999999999998,2.6189999999999998,2.822,2.662,2.601,2.567,2.623,2.6159999999999997,2.822,2.6079999999999997,2.635,2.655,2.627,2.5780000000000003,2.66,3.083
lo_A_model_1_relaxed_repeat053,2.2809999999999997,2.74,2.66,2.512,2.771,2.9109999999999996,2.727,2.457,2.8419999999999996,2.346,2.324,2.984,2.8499999999999996,2.493,2.545,2.714,2.6390000000000002,2.5,3.0069999999999997,2.6710000000000003,2.535,2.5069999999999997,2.899,2.546,2.644,2.655,2.833,2.748,2.408,2.854,2.8259999999999996,2.686,2.9219999999999997,2.446,2.897,2.666,3.013,2.8810000000000002,2.9829999999999997,2.3369999999999997,2.527,2.62,2.964,2.6929999999999996,2.476,2.469,2.4589999999999996,2.372,2.3680000000000003,2.972,2.348,2.657,0.0,2.556,2.782,2.679,2.638,2.4560000000000004,2.961,2.718,2.4589999999999996,2.303,2.489,2.725,2.73,2.794,2.511,2.681,2.6959999999999997,2.727,3.022,2.5460000000000003,2.669,2.7119999999999997,2.8449999999999998,2.921,2.758,2.71,2.752,2.66,2.585,2.713,2.81,2.7009999999999996,2.879,2.971,2.9139999999999997,2.41,3.009,3.025,2.908,2.711,2.711,2.5229999999999997,2.873,2.382,2.526,2.449,2.234,2.375
lo_A_model_1_relaxed_repeat054,2.79,2.713,2.7110000000000003,2.214,2.625,2.923,2.771,2.5949999999999998,2.815,2.689,2.3,2.996,2.862,2.431,2.863,2.55,2.7030000000000003,2.447,3.019,2.7329999999999997,2.604,2.597,2.9109999999999996,2.831,2.613,2.504,2.668,2.6719999999999997,2.726,2.8659999999999997,2.71,2.4850000000000003,2.934,2.702,2.6959999999999997,2.784,3.025,2.893,2.995,2.598,2.6239999999999997,2.544,2.976,3.011,2.583,2.596,2.6719999999999997,2.516,2.4619999999999997,2.984,2.654,2.646,2.556,0.0,2.643,2.8099999999999996,2.4370000000000003,2.542,2.973,2.69,2.395,2.6029999999999998,2.3680000000000003,2.854,2.529,2.8569999999999998,2.4130000000000003,2.725,2.602,2.745,3.034,2.686,2.987,2.528,2.857,2.933,2.858,2.623,2.745,2.9779999999999998,2.66,2.993,2.576,2.652,3.043,2.9829999999999997,2.926,2.393,3.021,3.037,2.92,2.591,2.735,2.516,2.885,2.683,2.364,2.6189999999999998,2.6870000000000003,2.61
lo_A_model_1_relaxed_repeat055,2.687,2.366,2.5,2.921,2.059,2.884,2.343,2.393,2.298,2.367,2.557,2.957,2.823,2.311,2.357,2.5309999999999997,2.892,2.3979999999999997,2.98,2.3179999999999996,2.41,2.5789999999999997,2.872,2.899,2.336,2.584,2.33,2.8040000000000003,2.851,2.8339999999999996,2.697,2.191,2.895,2.643,2.377,2.4290000000000003,2.9859999999999998,2.854,2.956,2.8200000000000003,2.963,2.597,2.9370000000000003,2.6109999999999998,2.637,2.676,2.335,2.612,2.34,2.9450000000000003,2.675,2.681,2.782,2.643,0.0,2.597,2.389,2.762,2.9450000000000003,2.426,2.6310000000000002,2.472,2.4299999999999997,2.89,2.62,2.7359999999999998,2.351,2.428,2.609,2.255,2.995,3.025,2.601,2.659,2.818,2.894,2.782,2.484,2.433,2.508,2.716,2.34,2.6180000000000003,2.9050000000000002,2.746,2.944,2.887,2.668,2.982,2.998,2.8810000000000002,2.664,2.944,2.141,2.846,2.886,2.58,2.157,2.327,2.796
lo_A_model_1_relaxed_repeat056,2.848,2.67,2.59,2.8179999999999996,2.695,2.649,2.436,2.5330000000000004,2.722,2.354,2.5069999999999997,2.75,2.666,2.509,2.713,2.5700000000000003,2.7889999999999997,2.6260000000000003,2.691,2.737,2.653,2.862,2.641,2.796,2.645,2.731,2.7960000000000003,2.529,2.748,2.731,2.702,2.69,2.606,2.5789999999999997,2.66,2.6340000000000003,2.932,2.695,2.828,2.54,2.7,2.862,2.648,2.8609999999999998,2.58,2.867,2.583,2.0140000000000002,2.358,2.656,2.572,2.638,2.679,2.8099999999999996,2.597,0.0,2.677,2.893,2.9379999999999997,2.7720000000000002,2.6239999999999997,2.6470000000000002,2.117,2.883,2.384,2.782,2.434,2.269,2.5460000000000003,2.902,2.822,2.762,2.837,2.129,2.699,2.605,2.708,2.839,2.593,2.8280000000000003,2.645,2.904,2.705,2.436,2.838,2.6550000000000002,2.599,2.643,2.806,2.754,2.708,2.657,2.9370000000000003,2.7960000000000003,2.572,2.783,2.8739999999999997,2.27,2.312,2.6929999999999996
lo_A_model_1_relaxed_repeat057,2.71,2.533,2.377,2.777,2.241,2.608,2.392,2.234,2.202,2.3600000000000003,2.1719999999999997,2.709,2.552,2.266,2.787,2.407,2.748,2.48,2.56,2.428,2.372,2.449,2.389,2.755,2.726,2.608,2.4829999999999997,2.713,2.707,2.69,2.697,2.463,2.626,2.4539999999999997,2.303,2.708,2.503,2.551,2.6950000000000003,2.729,2.9859999999999998,2.608,2.4539999999999997,2.9349999999999996,2.5069999999999997,2.7,2.24,2.08,2.391,2.4619999999999997,2.5309999999999997,2.633,2.638,2.4370000000000003,2.389,2.677,0.0,2.6180000000000003,2.8129999999999997,2.402,2.596,2.324,2.4930000000000003,2.778,2.443,2.9,2.5650000000000004,2.394,2.459,2.264,2.708,3.048,2.911,2.508,2.382,2.4109999999999996,2.782,2.393,2.364,2.902,2.509,2.917,2.4859999999999998,2.654,2.912,2.461,2.628,2.802,2.7649999999999997,2.5149999999999997,2.782,2.532,2.8120000000000003,2.134,2.447,2.742,2.48,2.486,2.303,2.761
lo_A_model_1_relaxed_repeat058,2.5599999999999996,2.746,2.64,2.144,2.7510000000000003,2.6820000000000004,2.707,2.439,2.848,2.2489999999999997,2.43,2.632,2.8120000000000003,2.6420000000000003,2.621,2.694,2.624,2.3970000000000002,2.606,2.464,2.515,2.572,2.511,2.191,2.7720000000000002,2.635,2.813,2.836,2.7199999999999998,2.542,2.806,2.6660000000000004,2.442,2.3520000000000003,2.877,2.6719999999999997,2.4619999999999997,2.5140000000000002,2.1879999999999997,2.6260000000000003,2.836,2.708,2.627,2.751,2.654,2.372,2.692,2.62,2.6420000000000003,2.729,2.4779999999999998,2.657,2.4560000000000004,2.542,2.762,2.893,2.6180000000000003,0.0,2.686,2.6980000000000004,2.372,2.314,2.528,2.8129999999999997,2.71,2.855,2.525,2.661,2.676,2.707,2.227,2.8979999999999997,2.7270000000000003,2.692,2.097,2.715,2.846,2.6900000000000004,2.732,2.718,2.5060000000000002,2.7329999999999997,2.757,2.651,2.7279999999999998,2.752,2.6390000000000002,2.585,2.314,2.508,2.819,2.691,2.691,2.503,2.45,2.472,2.5060000000000002,2.702,2.266,2.098
lo_A_model_1_relaxed_repeat059,2.274,2.928,2.835,2.7409999999999997,2.94,2.7830000000000004,2.586,2.818,2.918,2.9290000000000003,2.734,2.673,2.472,2.865,2.694,2.831,2.725,2.936,2.4909999999999997,2.947,2.9059999999999997,2.817,2.513,2.79,2.876,2.575,2.8449999999999998,2.822,2.8209999999999997,2.7720000000000002,2.725,2.778,2.722,2.099,2.968,2.615,2.759,2.5780000000000003,2.959,2.702,2.819,2.802,2.396,2.8419999999999996,2.755,2.444,2.9619999999999997,2.721,2.8040000000000003,2.83,2.9779999999999998,2.823,2.961,2.973,2.9450000000000003,2.9379999999999997,2.8129999999999997,2.686,0.0,2.7199999999999998,2.923,2.933,2.96,2.799,2.831,2.716,2.847,2.9699999999999998,2.941,2.903,2.6559999999999997,2.8970000000000002,2.832,2.927,2.851,2.875,2.832,2.873,2.775,2.809,2.98,2.9829999999999997,2.626,2.934,2.819,2.456,2.732,2.827,2.729,1.947,2.955,2.917,2.8819999999999997,2.988,2.428,2.948,2.891,2.917,2.972,2.6159999999999997
lo_A_model_1_relaxed_repeat060,2.538,2.282,2.7649999999999997,2.857,2.327,2.688,2.2560000000000002,2.24,2.6710000000000003,2.338,2.355,2.789,2.718,2.239,2.801,2.554,2.8280000000000003,2.663,2.607,2.858,2.6159999999999997,2.531,2.574,2.835,2.644,2.74,2.89,3.0060000000000002,2.787,2.77,2.581,2.1870000000000003,2.779,2.609,2.642,2.722,2.495,2.565,2.7750000000000004,2.338,2.352,2.878,2.471,2.949,2.56,2.675,2.356,2.209,2.555,2.6310000000000002,2.6109999999999998,2.552,2.718,2.69,2.426,2.7720000000000002,2.402,2.6980000000000004,2.7199999999999998,0.0,2.5439999999999996,2.341,2.354,2.983,2.5620000000000003,2.751,2.298,2.364,2.335,2.616,2.7720000000000002,2.585,2.925,2.284,2.492,2.292,3.016,2.2750000000000004,2.284,2.916,2.4690000000000003,2.931,2.7489999999999997,2.294,2.926,2.574,2.3970000000000002,2.342,2.853,2.211,2.987,2.311,2.554,2.388,2.1109999999999998,2.822,2.3449999999999998,2.5810000000000004,2.4909999999999997,2.732
lo_A_model_1_relaxed_repeat061,2.535,2.614,2.553,2.645,2.626,2.873,2.5389999999999997,2.514,2.604,2.615,2.53,2.946,2.8120000000000003,2.551,2.85,2.5039999999999996,2.453,2.5599999999999996,2.9690000000000003,2.8689999999999998,2.512,2.594,2.8609999999999998,2.673,2.674,2.4450000000000003,2.637,2.753,2.713,2.816,2.7409999999999997,2.455,2.8840000000000003,2.6109999999999998,2.654,2.771,2.975,2.843,2.9450000000000003,2.516,2.5069999999999997,2.625,2.926,2.998,2.5700000000000003,2.537,2.538,2.52,2.5709999999999997,2.934,2.59,2.612,2.4589999999999996,2.395,2.6310000000000002,2.6239999999999997,2.596,2.372,2.923,2.5439999999999996,0.0,2.5389999999999997,2.58,2.841,2.517,2.84,2.565,2.607,2.4109999999999996,2.589,2.984,2.569,2.974,2.613,2.8070000000000004,2.883,2.845,2.559,2.509,2.965,2.625,2.98,2.2489999999999997,2.552,2.975,2.933,2.8760000000000003,2.522,2.971,2.987,2.87,2.214,2.675,2.375,2.835,2.634,2.448,2.493,2.058,2.597
lo_A_model_1_relaxed_repeat062,2.377,2.2359999999999998,2.502,2.3609999999999998,2.333,2.883,2.0869999999999997,2.524,2.436,2.465,2.607,2.9560000000000004,2.822,2.258,2.556,2.388,2.5410000000000004,2.423,2.979,2.331,2.574,2.455,2.871,2.405,2.689,2.59,2.6550000000000002,2.771,2.502,2.826,2.6559999999999997,2.294,2.894,2.263,2.423,2.315,2.9850000000000003,2.853,2.955,2.7350000000000003,2.653,2.643,2.936,2.542,2.6870000000000003,2.516,2.302,2.662,2.263,2.944,2.4939999999999998,2.5919999999999996,2.303,2.6029999999999998,2.472,2.6470000000000002,2.324,2.314,2.933,2.341,2.5389999999999997,0.0,2.48,2.748,2.324,2.895,2.403,2.5060000000000002,2.303,2.529,2.9939999999999998,2.918,2.5330000000000004,2.431,2.817,2.893,2.832,2.399,2.648,2.509,2.5300000000000002,2.638,2.37,2.955,2.519,2.943,2.886,2.453,2.981,2.997,2.88,2.4939999999999998,2.713,2.2729999999999997,2.845,2.437,2.214,2.378,2.449,2.302
lo_A_model_1_relaxed_repeat063,2.3689999999999998,2.417,2.674,2.628,2.436,2.91,2.3499999999999996,2.366,2.455,2.327,2.4459999999999997,2.983,2.849,2.33,2.76,2.463,2.6020000000000003,2.572,3.0060000000000002,2.1470000000000002,2.525,2.285,2.8979999999999997,2.606,2.513,2.694,2.674,2.79,2.623,2.8529999999999998,2.6879999999999997,2.261,2.9210000000000003,2.518,2.551,2.681,3.012,2.88,2.982,2.249,2.613,2.662,2.963,2.908,2.48,2.7859999999999996,2.3819999999999997,2.247,2.06,2.971,2.3819999999999997,2.6239999999999997,2.489,2.3680000000000003,2.4299999999999997,2.117,2.4930000000000003,2.528,2.96,2.354,2.58,2.48,0.0,2.767,2.303,2.886,2.3529999999999998,2.585,2.379,2.4,3.021,2.675,2.8840000000000003,2.432,2.8440000000000003,2.92,2.8,2.258,2.332,2.875,2.669,2.8899999999999997,2.825,2.372,2.885,2.9699999999999998,2.9130000000000003,2.5789999999999997,3.008,3.024,2.907,2.521,2.801,2.2969999999999997,2.872,2.593,2.436,2.3569999999999998,2.261,2.5380000000000003
lo_A_model_1_relaxed_repeat064,2.661,2.873,2.7800000000000002,2.8209999999999997,3.051,2.901,2.819,2.873,2.863,2.893,2.768,2.917,2.747,2.81,2.4619999999999997,2.966,2.9530000000000003,2.7720000000000002,2.803,2.957,2.771,2.8,2.893,2.833,2.924,2.899,2.147,2.7640000000000002,2.851,2.7880000000000003,2.794,2.901,2.667,2.88,2.9130000000000003,2.3810000000000002,2.822,2.266,2.904,2.873,2.9770000000000003,2.8440000000000003,2.793,2.4610000000000003,2.568,2.8280000000000003,2.867,2.725,2.8360000000000003,2.567,2.87,2.768,2.725,2.854,2.89,2.883,2.778,2.8129999999999997,2.799,2.983,2.841,2.748,2.767,0.0,2.84,2.779,2.792,2.858,3.003,2.848,2.7359999999999998,2.7439999999999998,2.45,3.032,2.888,3.032,2.666,2.818,3.017,2.634,2.858,2.819,2.8810000000000002,2.839,2.7089999999999996,3.05,2.851,2.802,2.896,2.911,2.9000000000000004,2.9290000000000003,2.808,2.7640000000000002,3.0469999999999997,2.893,2.8600000000000003,2.852,2.846,2.842
lo_A_model_1_relaxed_repeat065,2.588,2.605,2.815,2.8689999999999998,2.1820000000000004,2.7,2.46,2.142,2.576,2.213,2.607,2.801,2.768,2.1189999999999998,2.849,2.604,2.84,2.713,2.6189999999999998,2.259,2.666,2.6559999999999997,2.702,2.847,2.6,2.258,2.545,2.92,2.7990000000000004,2.782,2.7119999999999997,2.559,2.6879999999999997,2.659,2.692,2.77,2.273,2.613,2.787,2.936,2.864,2.552,2.592,2.997,2.569,2.341,2.196,2.598,2.576,2.535,2.623,2.6479999999999997,2.73,2.529,2.62,2.384,2.443,2.71,2.831,2.5620000000000003,2.517,2.324,2.303,2.84,0.0,2.775,2.41,2.556,2.504,2.326,2.784,2.926,2.973,2.33,2.365,2.467,2.8440000000000003,2.5999999999999996,2.525,2.964,2.5730000000000004,2.979,2.504,2.686,2.974,2.2560000000000002,2.8129999999999997,2.569,2.857,2.285,2.8440000000000003,2.55,2.83,2.585,2.465,2.834,2.306,2.2640000000000002,2.156,2.7439999999999998
lo_A_model_1_relaxed_repeat066,2.778,2.7510000000000003,2.6319999999999997,2.8369999999999997,2.763,2.823,2.932,2.876,2.907,2.979,2.968,2.814,2.817,2.915,3.128,2.781,3.267,3.3369999999999997,2.762,2.898,2.7119999999999997,2.8489999999999998,2.714,2.771,2.822,2.933,2.749,3.019,2.908,2.779,2.806,2.876,3.0,2.768,2.839,3.033,2.844,2.859,2.816,2.874,2.917,2.715,3.034,3.128,2.844,2.923,2.785,2.841,2.928,2.8409999999999997,2.896,2.883,2.794,2.8569999999999998,2.7359999999999998,2.782,2.9,2.855,2.716,2.751,2.84,2.895,2.886,2.779,2.775,0.0,2.862,3.38,2.776,2.836,2.8449999999999998,3.005,3.0709999999999997,2.807,2.8489999999999998,2.8489999999999998,2.942,2.782,2.749,2.7969999999999997,3.0869999999999997,2.797,2.937,2.7830000000000004,3.036,2.774,2.719,2.872,3.254,2.838,2.878,2.745,2.9899999999999998,2.879,2.71,2.878,2.967,3.036,2.835,3.076
lo_A_model_1_relaxed_repeat067,2.4130000000000003,2.8280000000000003,2.391,2.559,2.27,2.572,2.4770000000000003,2.5309999999999997,2.5540000000000003,2.473,2.518,2.709,2.668,2.402,2.625,2.278,2.6470000000000002,2.2889999999999997,2.668,2.833,2.568,2.5060000000000002,2.5599999999999996,2.567,2.545,2.724,2.335,2.476,2.506,2.5149999999999997,2.7,2.52,2.583,2.498,2.518,2.569,2.674,2.542,2.644,3.396,2.394,2.463,2.625,2.751,2.495,2.816,2.498,2.358,2.5300000000000002,2.633,2.44,2.636,2.511,2.4130000000000003,2.351,2.434,2.5650000000000004,2.525,2.847,2.298,2.565,2.403,2.3529999999999998,2.792,2.41,2.862,0.0,2.718,2.3049999999999997,2.34,2.824,2.668,2.827,2.2030000000000003,2.508,2.582,2.558,2.308,2.391,2.544,2.709,2.365,2.742,2.411,2.94,2.6319999999999997,2.9,2.3360000000000003,2.8280000000000003,2.686,2.7060000000000004,2.566,2.846,2.426,2.534,2.707,2.6,2.448,2.4530000000000003,2.723
lo_A_model_1_relaxed_repeat068,2.576,2.575,2.817,2.82,2.398,2.92,2.191,2.427,2.5460000000000003,2.505,2.3449999999999998,2.9930000000000003,2.859,2.495,2.6660000000000004,2.565,2.791,2.686,3.016,2.693,2.8890000000000002,2.613,2.908,2.798,2.51,2.543,2.765,2.8810000000000002,2.75,2.863,2.7,2.2720000000000002,2.931,2.677,2.575,2.4219999999999997,3.0220000000000002,2.89,2.992,2.498,2.862,2.753,2.973,2.699,2.5540000000000003,2.635,2.52,2.622,2.578,2.981,2.652,2.729,2.681,2.725,2.428,2.269,2.394,2.661,2.9699999999999998,2.364,2.607,2.5060000000000002,2.585,2.858,2.556,3.38,2.718,0.0,2.436,2.491,3.0309999999999997,2.851,2.568,2.2720000000000002,2.854,2.9299999999999997,2.891,2.6500000000000004,2.439,2.502,2.75,2.748,2.585,2.401,2.552,2.98,2.923,2.252,3.018,3.034,2.917,2.6310000000000002,2.911,2.599,2.882,2.785,2.584,2.651,2.668,2.695
lo_A_model_1_relaxed_repeat069,2.5229999999999997,2.365,2.479,2.835,2.202,2.891,2.2439999999999998,2.109,2.691,2.293,2.5060000000000002,2.9640000000000004,2.83,2.2960000000000003,2.811,2.268,2.806,2.377,2.987,2.824,2.665,2.497,2.879,2.8129999999999997,2.3440000000000003,2.513,2.91,3.026,2.765,2.834,2.674,2.247,2.902,2.3230000000000004,2.412,2.516,2.9930000000000003,2.861,2.963,2.44,2.799,2.898,2.944,2.724,2.5860000000000003,2.5149999999999997,2.5949999999999998,2.561,2.521,2.952,2.589,2.61,2.6959999999999997,2.602,2.609,2.5460000000000003,2.459,2.676,2.941,2.335,2.4109999999999996,2.303,2.379,3.003,2.504,2.776,2.3049999999999997,2.436,0.0,2.636,3.002,2.8609999999999998,2.6550000000000002,2.278,2.825,2.901,3.036,2.104,2.466,2.6470000000000002,2.418,2.893,2.455,2.854,2.6559999999999997,2.951,2.894,2.3440000000000003,2.989,3.005,3.007,2.481,2.652,2.263,2.853,2.8,2.402,2.3289999999999997,2.276,2.71
lo_A_model_1_relaxed_repeat070,2.463,2.38,2.606,2.8659999999999997,2.684,2.697,2.452,2.45,2.355,2.379,2.401,2.798,2.463,2.263,2.159,2.599,2.8369999999999997,2.408,2.6159999999999997,2.705,2.678,2.636,2.629,2.844,2.557,2.532,2.387,2.362,2.7960000000000003,2.779,2.715,2.387,2.401,2.7,2.5010000000000003,2.2119999999999997,2.685,2.6390000000000002,2.784,2.5060000000000002,2.6100000000000003,2.572,2.426,2.493,2.545,2.658,2.395,2.343,2.439,2.65,2.62,2.651,2.727,2.745,2.255,2.902,2.264,2.707,2.903,2.616,2.589,2.529,2.4,2.848,2.326,2.836,2.34,2.491,2.636,0.0,2.7809999999999997,2.718,2.7329999999999997,2.665,2.827,2.665,2.37,2.439,2.65,2.61,2.773,2.386,2.683,2.7009999999999996,2.597,2.683,2.653,2.378,2.854,2.544,2.806,2.622,2.902,2.3970000000000002,2.6799999999999997,2.831,2.4930000000000003,2.7110000000000003,2.479,2.7409999999999997
lo_A_model_1_relaxed_repeat071,2.463,2.855,2.714,2.489,2.9939999999999998,2.154,2.7809999999999997,2.945,2.848,2.886,2.786,2.637,2.886,2.799,2.681,2.892,2.467,2.997,2.6390000000000002,3.008,2.9669999999999996,2.872,2.585,2.8259999999999996,2.937,2.7089999999999996,2.9059999999999997,2.8449999999999998,2.923,2.2430000000000003,2.88,2.839,2.52,2.426,2.9509999999999996,2.777,2.445,2.588,2.899,2.748,2.605,2.916,2.7009999999999996,2.838,2.6399999999999997,2.556,3.0229999999999997,2.621,2.569,2.585,3.0389999999999997,2.663,3.022,3.034,2.995,2.822,2.708,2.227,2.6559999999999997,2.7720000000000002,2.984,2.9939999999999998,3.021,2.7359999999999998,2.784,2.8449999999999998,2.824,3.0309999999999997,3.002,2.7809999999999997,0.0,2.776,2.893,2.8259999999999996,2.879,2.86,2.8179999999999996,2.795,2.876,2.7960000000000003,3.041,3.0439999999999996,2.831,2.831,2.806,2.8259999999999996,2.923,2.8739999999999997,2.6630000000000003,2.818,2.893,2.9779999999999998,2.9429999999999996,3.049,2.524,2.9859999999999998,2.952,2.9779999999999998,3.033,2.391
lo_A_model_1_relaxed_repeat072,2.8689999999999998,2.967,2.8609999999999998,3.0060000000000002,2.901,2.726,2.839,2.8040000000000003,2.7670000000000003,2.669,2.9050000000000002,2.738,2.934,3.015,2.662,3.018,2.936,2.8970000000000002,2.877,2.7729999999999997,2.903,2.716,2.912,2.86,2.916,2.657,2.912,2.62,2.944,2.6879999999999997,2.707,2.974,2.676,2.952,3.003,2.7430000000000003,2.826,2.854,2.737,2.949,2.5789999999999997,2.675,2.718,2.979,2.9459999999999997,2.68,2.7560000000000002,2.638,2.782,2.726,2.6959999999999997,2.669,2.5460000000000003,2.686,3.025,2.762,3.048,2.8979999999999997,2.8970000000000002,2.585,2.569,2.918,2.675,2.7439999999999998,2.926,3.005,2.668,2.851,2.8609999999999998,2.718,2.776,0.0,3.011,2.58,2.8230000000000004,2.675,2.859,2.8920000000000003,2.734,3.007,2.8,2.833,3.026,3.0010000000000003,3.027,2.817,2.668,2.795,2.9749999999999996,2.872,2.662,2.9930000000000003,2.9699999999999998,2.7190000000000003,2.8689999999999998,2.786,3.024,2.515,2.822,2.979
lo_A_model_1_relaxed_repeat073,2.794,2.718,2.604,2.8150000000000004,2.74,3.034,2.5330000000000004,2.963,2.574,3.026,2.611,2.855,2.871,2.681,2.561,2.8230000000000004,2.5860000000000003,2.5540000000000003,2.878,2.906,2.723,2.6929999999999996,2.816,2.966,2.762,2.588,2.627,2.7960000000000003,2.4690000000000003,2.9210000000000003,2.88,3.034,2.793,2.5010000000000003,2.624,2.5380000000000003,2.955,2.752,2.93,2.52,2.971,2.6929999999999996,2.835,2.808,2.661,2.9610000000000003,3.0,2.858,2.9690000000000003,2.843,2.801,2.838,2.669,2.987,2.601,2.837,2.911,2.7270000000000003,2.832,2.925,2.974,2.5330000000000004,2.8840000000000003,2.45,2.973,3.0709999999999997,2.827,2.568,2.6550000000000002,2.7329999999999997,2.893,3.011,0.0,2.583,2.9720000000000004,2.792,2.718,2.67,2.435,2.6,2.991,2.854,3.0140000000000002,2.75,2.524,2.8419999999999996,2.785,2.516,3.029,2.896,2.779,2.515,2.74,2.8150000000000004,2.7439999999999998,3.026,2.895,2.76,2.777,2.504
lo_A_model_1_relaxed_repeat074,2.331,2.323,2.725,2.851,2.178,2.6820000000000004,2.3739999999999997,2.3520000000000003,2.8920000000000003,2.083,2.189,2.7830000000000004,2.678,2.4850000000000003,2.84,2.5140000000000002,2.822,2.623,2.601,2.559,2.698,2.5380000000000003,2.224,2.8289999999999997,2.742,2.726,2.939,3.0549999999999997,2.781,2.7640000000000002,2.677,2.388,2.2439999999999998,2.6020000000000003,2.6020000000000003,2.5709999999999997,2.5869999999999997,2.541,2.769,2.6870000000000003,2.352,2.927,2.2830000000000004,2.753,2.609,2.8179999999999996,2.628,2.5170000000000003,2.4450000000000003,2.6799999999999997,2.605,2.613,2.7119999999999997,2.528,2.659,2.129,2.508,2.692,2.927,2.284,2.613,2.431,2.432,3.032,2.33,2.807,2.2030000000000003,2.2720000000000002,2.278,2.665,2.8259999999999996,2.58,2.583,0.0,2.729,2.029,3.065,2.322,2.377,2.676,2.675,2.9219999999999997,2.6,2.456,2.76,2.331,2.778,2.263,2.839,2.2750000000000004,3.036,2.646,2.926,2.311,2.561,2.816,2.357,2.1029999999999998,2.077,3.061
lo_A_model_1_relaxed_repeat075,2.44,2.746,2.469,2.301,2.817,2.5730000000000004,2.427,2.2560000000000002,2.848,2.172,2.113,2.534,2.723,2.622,2.848,2.715,2.651,2.8200000000000003,2.7359999999999998,2.8310000000000004,2.79,2.606,2.762,2.1420000000000003,2.76,2.779,2.795,2.9109999999999996,2.7110000000000003,2.1790000000000003,2.731,2.662,2.6870000000000003,2.492,2.532,2.769,2.29,2.612,2.367,2.886,2.6390000000000002,2.783,2.301,2.996,2.568,2.871,2.846,2.717,2.318,2.5359999999999996,2.862,2.667,2.8449999999999998,2.857,2.818,2.699,2.382,2.097,2.851,2.492,2.8070000000000004,2.817,2.8440000000000003,2.888,2.365,2.8489999999999998,2.508,2.854,2.825,2.827,2.879,2.8230000000000004,2.9720000000000004,2.729,0.0,2.534,2.921,2.55,2.946,2.963,2.864,2.9779999999999998,2.565,2.654,2.973,2.407,2.752,2.519,2.6399999999999997,2.199,2.892,2.801,2.85,2.872,2.878,2.809,2.7750000000000004,2.801,2.856,2.14
lo_A_model_1_relaxed_repeat076,2.5709999999999997,2.754,2.7350000000000003,2.8739999999999997,2.893,2.705,2.439,2.651,2.7199999999999998,2.2729999999999997,2.259,2.806,2.7809999999999997,2.698,2.84,2.791,2.8449999999999998,2.896,2.6239999999999997,2.907,2.8659999999999997,2.354,2.759,2.852,2.836,2.76,2.939,3.0549999999999997,2.8040000000000003,2.787,2.726,2.738,2.2279999999999998,2.579,2.6959999999999997,2.605,2.392,2.7009999999999996,2.792,2.6470000000000002,2.435,2.927,2.517,2.787,2.609,2.852,2.9219999999999997,2.162,2.347,2.6799999999999997,2.9379999999999997,2.662,2.921,2.933,2.894,2.605,2.4109999999999996,2.715,2.875,2.292,2.883,2.893,2.92,3.032,2.467,2.8489999999999998,2.582,2.9299999999999997,2.901,2.665,2.86,2.675,2.792,2.029,2.534,0.0,3.065,2.512,2.492,2.676,2.94,2.9429999999999996,2.586,2.73,2.6310000000000002,2.503,2.6180000000000003,2.21,2.862,2.719,3.036,2.877,2.874,2.948,2.5090000000000003,2.885,2.851,2.877,2.932,2.7489999999999997
lo_A_model_1_relaxed_repeat077,2.665,2.769,2.7750000000000004,2.7409999999999997,3.0839999999999996,2.9050000000000002,2.852,2.834,2.4240000000000004,2.8970000000000002,2.801,2.95,2.848,2.569,2.31,2.9989999999999997,2.9859999999999998,2.811,2.836,2.99,2.817,2.642,2.926,2.837,2.957,2.932,2.349,2.9059999999999997,2.207,2.792,2.827,2.9050000000000002,2.718,2.913,2.901,2.3609999999999998,2.826,2.768,2.801,2.9219999999999997,3.01,2.4619999999999997,2.8259999999999996,2.53,2.495,2.832,2.871,2.729,2.84,2.768,2.903,2.581,2.758,2.858,2.782,2.708,2.782,2.846,2.832,3.016,2.845,2.832,2.8,2.666,2.8440000000000003,2.942,2.558,2.891,3.036,2.37,2.8179999999999996,2.859,2.718,3.065,2.921,3.065,0.0,2.822,3.05,2.6639999999999997,2.862,2.607,2.885,2.872,2.3129999999999997,3.083,2.7969999999999997,2.778,2.926,2.944,2.7039999999999997,2.9619999999999997,2.841,2.7969999999999997,3.08,2.8970000000000002,2.893,2.884,2.879,2.875
lo_A_model_1_relaxed_repeat078,2.596,2.498,2.7110000000000003,2.849,2.175,2.68,2.411,2.096,2.479,2.396,2.099,2.781,2.664,2.221,2.597,2.5,2.8200000000000003,2.609,2.599,2.819,2.5620000000000003,2.492,2.507,2.827,2.75,2.6950000000000003,2.6959999999999997,2.812,2.779,2.762,2.697,2.093,2.368,2.555,2.588,2.54,2.553,2.327,2.7670000000000003,2.574,2.83,2.684,2.41,2.722,2.515,2.787,2.436,1.97,2.556,2.5869999999999997,2.6029999999999998,2.633,2.71,2.623,2.484,2.839,2.393,2.6900000000000004,2.873,2.2750000000000004,2.559,2.399,2.258,2.818,2.5999999999999996,2.782,2.308,2.6500000000000004,2.104,2.439,2.795,2.8920000000000003,2.67,2.322,2.55,2.512,2.822,0.0,2.6740000000000004,2.488,2.278,2.679,2.722,2.651,2.7030000000000003,2.544,2.8,2.2569999999999997,2.8369999999999997,2.471,2.793,2.6950000000000003,2.872,2.4459999999999997,2.507,2.814,2.0229999999999997,2.648,2.549,2.724
lo_A_model_1_relaxed_repeat079,2.521,2.499,2.794,2.891,2.43,2.7220000000000004,2.4979999999999998,2.569,2.705,2.468,2.854,2.8230000000000004,2.7199999999999998,2.3289999999999997,2.825,2.707,2.862,2.529,2.641,2.661,2.763,2.755,2.4619999999999997,2.8689999999999998,2.48,2.776,2.924,3.04,2.821,2.8040000000000003,2.697,2.37,2.443,2.819,2.508,2.621,2.8040000000000003,2.758,2.8440000000000003,2.492,2.6719999999999997,2.912,2.477,2.803,2.594,2.868,2.63,2.499,2.519,2.665,2.645,2.633,2.752,2.745,2.433,2.593,2.364,2.732,2.775,2.284,2.509,2.648,2.332,3.017,2.525,2.749,2.391,2.439,2.466,2.65,2.876,2.734,2.435,2.377,2.946,2.492,3.05,2.6740000000000004,0.0,2.6609999999999996,2.8920000000000003,2.907,2.6319999999999997,2.3689999999999998,2.6470000000000002,2.4690000000000003,2.882,2.471,2.879,2.659,3.021,2.4939999999999998,2.774,2.509,2.473,2.856,2.483,2.504,2.474,2.766
lo_A_model_1_relaxed_repeat080,2.785,2.5389999999999997,2.601,2.806,2.731,3.025,2.636,2.9539999999999997,2.307,3.017,2.6020000000000003,2.7220000000000004,2.7880000000000003,2.6719999999999997,2.477,2.814,2.733,2.448,2.745,2.8970000000000002,2.469,2.509,2.807,2.957,2.753,2.6340000000000003,2.533,2.3200000000000003,2.692,2.912,2.871,3.025,2.66,2.567,2.565,2.577,2.9459999999999997,2.619,2.9210000000000003,2.517,2.9450000000000003,2.5410000000000004,2.702,2.19,2.497,2.952,2.9909999999999997,2.849,2.96,2.71,2.792,2.658,2.66,2.9779999999999998,2.508,2.8280000000000003,2.902,2.718,2.809,2.916,2.965,2.509,2.875,2.634,2.964,2.7969999999999997,2.544,2.502,2.6470000000000002,2.61,2.7960000000000003,3.007,2.6,2.676,2.963,2.676,2.6639999999999997,2.488,2.6609999999999996,0.0,2.982,2.542,3.005,2.7409999999999997,2.479,2.709,2.652,2.71,3.02,2.763,2.646,2.573,2.731,2.806,2.691,3.017,2.504,2.495,2.733,2.669
lo_A_model_1_relaxed_repeat081,2.58,2.598,2.438,2.665,2.518,2.9299999999999997,2.624,2.326,2.399,2.527,2.489,3.003,2.8689999999999998,2.293,2.867,2.2110000000000003,2.6470000000000002,2.67,3.026,2.479,2.503,2.334,2.918,2.643,2.77,2.8760000000000003,2.6180000000000003,2.734,2.73,2.873,2.636,2.572,2.941,2.455,2.193,2.7880000000000003,3.032,2.9000000000000004,3.002,2.675,2.623,2.697,2.983,3.0149999999999997,2.636,2.537,2.359,2.6630000000000003,2.383,2.991,2.487,2.572,2.585,2.66,2.716,2.645,2.509,2.5060000000000002,2.98,2.4690000000000003,2.625,2.5300000000000002,2.669,2.858,2.5730000000000004,3.0869999999999997,2.709,2.75,2.418,2.773,3.041,2.8,2.991,2.675,2.864,2.94,2.862,2.278,2.8920000000000003,2.982,0.0,2.997,2.802,2.837,2.992,2.99,2.933,2.622,3.028,3.044,2.927,2.738,2.816,2.623,2.8920000000000003,2.63,2.656,2.521,2.609,2.54
lo_A_model_1_relaxed_repeat082,2.8,2.0700000000000003,2.66,2.8369999999999997,2.941,3.04,2.7089999999999996,2.969,2.127,3.032,2.7199999999999998,3.0060000000000002,2.872,2.687,2.623,2.856,2.843,2.485,3.029,2.912,2.46,2.616,2.921,2.972,2.814,2.7910000000000004,1.9789999999999999,2.88,2.7670000000000003,2.9269999999999996,2.886,3.04,2.944,2.7699999999999996,2.758,2.636,3.035,2.903,3.005,2.896,2.867,2.638,2.9859999999999998,2.818,2.462,2.9669999999999996,3.006,2.864,2.9749999999999996,2.9939999999999998,2.807,2.614,2.713,2.993,2.34,2.904,2.917,2.7329999999999997,2.9829999999999997,2.931,2.98,2.638,2.8899999999999997,2.819,2.979,2.797,2.365,2.748,2.893,2.386,3.0439999999999996,2.833,2.854,2.9219999999999997,2.9779999999999998,2.9429999999999996,2.607,2.679,2.907,2.542,2.997,0.0,3.0199999999999996,2.756,2.957,2.993,2.936,2.635,3.035,3.0469999999999997,2.9299999999999997,2.819,2.7649999999999997,2.8209999999999997,2.937,3.032,2.75,2.7409999999999997,2.748,2.732
lo_A_model_1_relaxed_repeat083,2.6879999999999997,2.601,2.516,2.916,2.613,2.747,2.3609999999999998,2.491,2.591,2.6020000000000003,2.6,2.848,2.5149999999999997,2.5380000000000003,2.8899999999999997,2.2800000000000002,2.887,2.59,2.6719999999999997,2.714,2.499,2.784,2.564,2.894,2.851,2.367,2.675,2.791,2.846,2.8289999999999997,2.724,2.806,2.729,2.309,2.641,2.811,2.678,2.654,2.834,2.852,2.964,2.6630000000000003,2.629,3.038,2.706,2.673,2.525,2.508,2.596,2.637,2.67,2.66,2.81,2.576,2.6180000000000003,2.705,2.4859999999999998,2.757,2.626,2.7489999999999997,2.2489999999999997,2.37,2.825,2.8810000000000002,2.504,2.937,2.742,2.585,2.455,2.683,2.831,3.026,3.0140000000000002,2.6,2.565,2.586,2.885,2.722,2.6319999999999997,3.005,2.802,3.0199999999999996,0.0,2.628,3.0149999999999997,2.636,2.779,2.739,2.904,2.69,2.885,2.472,2.498,2.343,2.5380000000000003,2.8810000000000002,2.701,2.3449999999999998,2.2270000000000003,2.791
lo_A_model_1_relaxed_repeat084,2.761,2.8920000000000003,2.898,2.668,2.911,2.7199999999999998,2.629,2.841,2.673,2.463,2.5709999999999997,2.793,2.971,2.692,2.678,2.878,2.633,2.934,2.816,2.896,2.9400000000000004,2.634,2.949,2.8970000000000002,2.9530000000000003,2.66,2.746,2.862,2.592,2.725,2.685,2.569,2.731,2.622,2.886,2.597,2.822,2.891,2.792,2.367,2.939,2.734,2.773,2.774,2.446,2.752,2.527,2.34,2.593,2.781,2.448,2.621,2.7009999999999996,2.652,2.9050000000000002,2.436,2.654,2.651,2.934,2.294,2.552,2.955,2.372,2.839,2.686,2.7830000000000004,2.411,2.401,2.854,2.7009999999999996,2.831,3.0010000000000003,2.75,2.456,2.654,2.73,2.872,2.651,2.3689999999999998,2.7409999999999997,2.837,2.756,2.628,0.0,2.751,2.7800000000000002,2.723,2.7119999999999997,3.012,2.909,2.843,2.675,2.881,2.4219999999999997,2.6820000000000004,2.7430000000000003,2.561,2.6100000000000003,2.395,2.9050000000000002
lo_A_model_1_relaxed_repeat085,2.795,2.7009999999999996,2.915,3.013,2.741,3.035,2.551,2.964,2.667,3.027,2.883,2.599,2.923,2.682,2.3810000000000002,2.824,2.575,3.004,2.751,2.907,2.698,2.643,2.817,2.967,2.763,2.429,2.491,3.01,2.694,2.9219999999999997,2.8810000000000002,3.035,2.9059999999999997,2.645,2.678,2.546,2.956,2.496,2.931,2.816,2.965,2.6870000000000003,2.683,2.615,2.5,2.9619999999999997,3.001,2.859,2.9699999999999998,2.5869999999999997,2.802,2.6109999999999998,2.879,3.043,2.746,2.838,2.912,2.7279999999999998,2.819,2.926,2.975,2.519,2.885,2.7089999999999996,2.974,3.036,2.94,2.552,2.6559999999999997,2.597,2.806,3.027,2.524,2.76,2.973,2.6310000000000002,2.3129999999999997,2.7030000000000003,2.6470000000000002,2.479,2.992,2.957,3.0149999999999997,2.751,0.0,2.586,2.911,2.645,3.0300000000000002,2.6879999999999997,2.5229999999999997,2.366,2.741,2.816,2.488,3.027,2.902,2.596,2.7430000000000003,2.691
lo_A_model_1_relaxed_repeat086,2.496,2.8040000000000003,2.599,2.9109999999999996,2.943,2.742,2.4160000000000004,2.45,2.738,2.391,2.41,2.843,2.35,2.748,2.858,2.841,2.8819999999999997,2.9459999999999997,2.672,2.957,2.916,2.6,2.625,2.889,2.886,2.128,2.957,3.073,2.841,2.824,2.875,2.7880000000000003,2.436,2.214,2.349,2.81,2.471,2.311,2.8289999999999997,2.88,2.638,2.9450000000000003,2.322,2.787,2.627,2.684,2.972,2.654,2.6020000000000003,2.698,2.988,2.6189999999999998,2.971,2.9829999999999997,2.944,2.6550000000000002,2.461,2.752,2.456,2.574,2.933,2.943,2.9699999999999998,3.05,2.2560000000000002,2.774,2.6319999999999997,2.98,2.951,2.683,2.8259999999999996,2.817,2.8419999999999996,2.331,2.407,2.503,3.083,2.544,2.4690000000000003,2.709,2.99,2.993,2.636,2.7800000000000002,2.586,0.0,2.428,2.513,2.899,2.851,3.0540000000000003,2.927,2.892,2.998,2.377,2.935,2.901,2.927,2.982,2.7859999999999996
lo_A_model_1_relaxed_repeat087,2.823,2.747,2.8040000000000003,2.686,2.886,2.8609999999999998,2.58,2.6390000000000002,2.6870000000000003,2.598,2.467,2.6340000000000003,2.855,2.745,2.842,2.784,2.775,2.8890000000000002,2.507,2.9000000000000004,2.859,2.6020000000000003,2.535,2.847,2.8289999999999997,2.823,2.871,2.787,2.652,2.834,2.732,2.731,2.907,2.533,2.616,2.6790000000000003,2.645,2.723,2.7199999999999998,2.668,2.955,2.755,2.9690000000000003,2.8499999999999996,2.73,2.915,2.915,2.879,2.835,2.517,2.931,2.822,2.9139999999999997,2.926,2.887,2.599,2.628,2.6390000000000002,2.732,2.3970000000000002,2.8760000000000003,2.886,2.9130000000000003,2.851,2.8129999999999997,2.719,2.9,2.923,2.894,2.653,2.923,2.668,2.785,2.778,2.752,2.6180000000000003,2.7969999999999997,2.8,2.882,2.652,2.933,2.936,2.779,2.723,2.911,2.428,0.0,2.589,2.656,2.692,2.768,2.87,2.8739999999999997,2.941,2.608,2.878,2.8440000000000003,2.87,2.925,2.636
lo_A_model_1_relaxed_repeat088,2.565,2.309,2.731,2.549,2.247,2.4219999999999997,2.4219999999999997,2.2560000000000002,2.901,2.365,2.3970000000000002,2.481,2.718,2.8209999999999997,2.553,2.52,2.627,2.629,2.5869999999999997,2.718,2.8970000000000002,2.391,2.265,2.604,2.753,2.774,2.652,2.768,2.479,2.798,2.726,2.452,2.314,2.575,2.608,2.6189999999999998,2.5220000000000002,2.1959999999999997,2.467,2.5220000000000002,2.488,2.64,2.2279999999999998,2.801,2.4690000000000003,2.8659999999999997,2.3600000000000003,2.5469999999999997,2.453,2.393,2.3920000000000003,2.662,2.41,2.393,2.668,2.643,2.802,2.585,2.827,2.342,2.522,2.453,2.5789999999999997,2.802,2.569,2.872,2.3360000000000003,2.252,2.3440000000000003,2.378,2.8739999999999997,2.795,2.516,2.263,2.519,2.21,2.778,2.2569999999999997,2.471,2.71,2.622,2.635,2.739,2.7119999999999997,2.645,2.513,2.589,0.0,2.713,2.209,2.749,2.5460000000000003,2.886,2.415,2.4610000000000003,2.5140000000000002,2.225,2.452,2.518,3.0700000000000003
lo_A_model_1_relaxed_repeat089,2.3449999999999998,2.842,2.787,2.317,2.981,2.645,2.854,2.72,2.862,2.395,2.702,2.7640000000000002,2.9589999999999996,2.786,2.9050000000000002,2.946,2.489,2.984,2.754,2.995,2.9539999999999997,2.634,2.667,2.529,2.924,2.862,2.96,2.85,2.768,2.419,2.953,2.826,2.7439999999999998,2.837,3.024,2.866,2.6740000000000004,2.669,2.303,2.7350000000000003,2.7430000000000003,2.85,2.774,3.053,2.7439999999999998,2.6959999999999997,3.01,2.719,2.32,2.614,3.026,2.601,3.009,3.021,2.982,2.806,2.7649999999999997,2.314,2.729,2.853,2.971,2.981,3.008,2.896,2.857,3.254,2.8280000000000003,3.018,2.989,2.854,2.6630000000000003,2.9749999999999996,3.029,2.839,2.6399999999999997,2.862,2.926,2.8369999999999997,2.879,3.02,3.028,3.035,2.904,3.012,3.0300000000000002,2.899,2.656,2.713,0.0,2.865,2.966,2.965,2.9299999999999997,3.036,2.636,2.973,2.939,2.965,3.02,2.624
lo_A_model_1_relaxed_repeat090,2.347,2.858,2.269,2.667,2.997,2.498,2.442,2.436,2.599,2.309,2.561,2.7510000000000003,2.914,2.802,2.7190000000000003,2.895,2.638,3.0,2.4669999999999996,3.011,2.9699999999999998,2.543,2.255,2.6449999999999996,2.94,3.0170000000000003,2.909,2.934,2.597,2.6310000000000002,2.6310000000000002,2.842,2.419,2.2520000000000002,2.316,2.424,2.107,2.172,2.632,2.7510000000000003,2.635,2.866,2.748,2.841,2.641,2.284,3.026,2.6159999999999997,2.567,2.559,3.042,2.567,3.025,3.037,2.998,2.754,2.5149999999999997,2.508,1.947,2.211,2.987,2.997,3.024,2.911,2.285,2.838,2.686,3.034,3.005,2.544,2.818,2.872,2.896,2.2750000000000004,2.199,2.719,2.944,2.471,2.659,2.763,3.044,3.0469999999999997,2.69,2.909,2.6879999999999997,2.851,2.692,2.209,2.865,0.0,2.915,2.981,2.9459999999999997,3.052,2.4,2.989,2.955,2.981,3.036,2.542
lo_A_model_1_relaxed_repeat091,2.752,2.741,2.649,2.9779999999999998,3.0549999999999997,2.9050000000000002,2.823,2.834,2.6260000000000003,2.8970000000000002,2.7720000000000002,2.9210000000000003,2.7510000000000003,2.685,2.5220000000000002,2.9699999999999998,2.957,2.883,2.807,2.9610000000000003,2.8529999999999998,2.766,2.8970000000000002,2.956,2.928,2.903,2.792,2.731,2.9080000000000004,2.891,2.798,2.9050000000000002,2.326,2.884,2.872,2.473,2.8360000000000003,2.599,2.896,2.877,2.981,2.766,2.7969999999999997,2.724,2.5970000000000004,2.832,2.909,2.729,2.84,2.31,2.925,2.623,2.908,2.92,2.8810000000000002,2.708,2.782,2.819,2.955,2.987,2.87,2.88,2.907,2.9000000000000004,2.8440000000000003,2.878,2.7060000000000004,2.917,3.007,2.806,2.893,2.662,2.779,3.036,2.892,3.036,2.7039999999999997,2.793,3.021,2.646,2.927,2.9299999999999997,2.885,2.843,2.5229999999999997,3.0540000000000003,2.768,2.749,2.966,2.915,0.0,2.933,2.954,2.935,3.051,2.943,2.864,2.864,2.919,2.8529999999999998
lo_A_model_1_relaxed_repeat092,2.6550000000000002,2.6470000000000002,2.862,2.8499999999999996,2.659,2.867,2.3049999999999997,2.537,2.637,2.648,2.678,2.9400000000000004,2.806,2.584,2.737,2.553,2.8209999999999997,2.4299999999999997,2.963,2.891,2.934,2.601,2.855,2.828,2.661,2.36,2.8360000000000003,2.952,2.7800000000000002,2.81,2.6799999999999997,2.233,2.878,2.665,2.6870000000000003,2.442,2.9690000000000003,2.837,2.939,2.425,2.931,2.824,2.92,2.6500000000000004,2.5060000000000002,2.2569999999999997,2.5709999999999997,2.349,2.588,2.928,2.623,2.6159999999999997,2.711,2.591,2.664,2.657,2.532,2.691,2.917,2.311,2.214,2.4939999999999998,2.521,2.9290000000000003,2.55,2.745,2.566,2.6310000000000002,2.481,2.622,2.9779999999999998,2.9930000000000003,2.515,2.646,2.801,2.877,2.9619999999999997,2.6950000000000003,2.4939999999999998,2.573,2.738,2.819,2.472,2.675,2.366,2.927,2.87,2.5460000000000003,2.965,2.981,2.933,0.0,2.519,2.3890000000000002,2.829,2.815,2.395,2.3609999999999998,2.356,2.7249999999999996
lo_A_model_1_relaxed_repeat093,2.881,2.927,2.836,2.8499999999999996,2.939,2.832,2.585,2.872,2.917,2.928,2.733,2.9050000000000002,2.771,2.864,2.793,2.8659999999999997,2.8209999999999997,2.812,2.928,3.009,2.825,2.82,2.844,2.828,2.8739999999999997,2.5650000000000004,2.715,2.918,2.8019999999999996,2.775,2.713,2.708,2.856,2.755,2.967,2.82,3.0069999999999997,2.802,2.958,2.934,2.908,2.793,2.885,2.799,2.676,2.795,2.851,2.84,2.803,2.893,2.903,2.822,2.711,2.735,2.944,2.9370000000000003,2.8120000000000003,2.691,2.8819999999999997,2.554,2.675,2.713,2.801,2.808,2.83,2.9899999999999998,2.846,2.911,2.652,2.902,2.9429999999999996,2.9699999999999998,2.74,2.926,2.85,2.874,2.841,2.872,2.774,2.731,2.816,2.7649999999999997,2.498,2.881,2.741,2.892,2.8739999999999997,2.886,2.9299999999999997,2.9459999999999997,2.954,2.519,0.0,2.739,2.794,2.947,3.002,2.881,2.566,2.7249999999999996
lo_A_model_1_relaxed_repeat094,2.3289999999999997,2.125,2.46,2.662,2.457,2.9379999999999997,2.042,2.171,2.452,2.1100000000000003,2.179,3.011,2.877,2.374,2.691,2.4379999999999997,2.633,2.183,3.034,2.5469999999999997,2.209,2.502,2.926,2.6399999999999997,2.485,2.238,2.6710000000000003,2.787,2.592,2.8810000000000002,2.6719999999999997,2.268,2.949,2.311,1.9329999999999998,2.612,3.04,2.9080000000000004,3.01,2.782,2.581,2.659,2.991,2.839,2.45,2.2329999999999997,2.48,2.352,2.374,2.999,2.416,2.6079999999999997,2.5229999999999997,2.516,2.141,2.7960000000000003,2.134,2.503,2.988,2.388,2.375,2.2729999999999997,2.2969999999999997,2.7640000000000002,2.585,2.879,2.426,2.599,2.263,2.3970000000000002,3.049,2.7190000000000003,2.8150000000000004,2.311,2.872,2.948,2.7969999999999997,2.4459999999999997,2.509,2.806,2.623,2.8209999999999997,2.343,2.4219999999999997,2.816,2.998,2.941,2.415,3.036,3.052,2.935,2.3890000000000002,2.739,0.0,2.9000000000000004,2.627,2.183,2.6050000000000004,2.114,2.537
lo_A_model_1_relaxed_repeat095,2.5309999999999997,2.7060000000000004,2.5469999999999997,2.762,2.845,2.4400000000000004,2.2670000000000003,2.5010000000000003,2.735,2.563,2.3680000000000003,2.5410000000000004,2.426,2.6500000000000004,2.855,2.7430000000000003,2.58,2.848,2.58,2.859,2.818,2.6870000000000003,2.401,2.5869999999999997,2.7880000000000003,2.4459999999999997,2.9539999999999997,3.07,2.539,2.794,2.699,2.6900000000000004,2.4829999999999997,2.7510000000000003,2.6020000000000003,2.5599999999999996,2.7359999999999998,2.69,2.776,2.599,2.807,2.942,2.192,2.768,2.6239999999999997,2.4299999999999997,2.874,2.317,2.438,2.695,2.89,2.635,2.873,2.885,2.846,2.572,2.447,2.45,2.428,2.1109999999999998,2.835,2.845,2.872,3.0469999999999997,2.465,2.71,2.534,2.882,2.853,2.6799999999999997,2.524,2.8689999999999998,2.7439999999999998,2.561,2.878,2.5090000000000003,3.08,2.507,2.473,2.691,2.8920000000000003,2.937,2.5380000000000003,2.6820000000000004,2.488,2.377,2.608,2.4610000000000003,2.636,2.4,3.051,2.829,2.794,2.9000000000000004,0.0,2.837,2.803,2.829,2.8840000000000003,2.484
lo_A_model_1_relaxed_repeat096,2.439,2.738,2.7640000000000002,2.1929999999999996,2.875,2.875,2.831,2.561,2.84,2.372,2.428,2.9480000000000004,2.936,2.597,2.902,2.818,2.748,2.3890000000000002,2.971,2.4779999999999998,2.6390000000000002,2.6109999999999998,2.863,2.128,2.7670000000000003,2.759,2.9370000000000003,2.732,2.7649999999999997,2.818,2.9299999999999997,2.79,2.886,2.589,3.001,2.823,2.9770000000000003,2.845,2.947,2.748,2.715,2.56,2.928,3.05,2.715,2.8499999999999996,2.561,2.476,2.149,2.936,2.489,2.655,2.382,2.683,2.886,2.783,2.742,2.472,2.948,2.822,2.634,2.437,2.593,2.893,2.834,2.878,2.707,2.785,2.8,2.831,2.9859999999999998,2.786,3.026,2.816,2.809,2.885,2.8970000000000002,2.814,2.856,3.017,2.63,3.032,2.8810000000000002,2.7430000000000003,3.027,2.935,2.878,2.5140000000000002,2.973,2.989,2.943,2.815,2.947,2.627,2.837,0.0,2.63,2.681,2.502,2.689
lo_A_model_1_relaxed_repeat097,2.686,2.2640000000000002,2.167,2.665,2.184,2.841,2.199,2.143,2.8129999999999997,2.225,2.412,2.914,2.7800000000000002,1.873,2.8040000000000003,2.3360000000000003,2.636,2.321,2.9370000000000003,2.614,2.5949999999999998,2.287,2.8289999999999997,2.643,2.672,2.518,2.7670000000000003,2.883,2.5949999999999998,2.784,2.691,2.099,2.8520000000000003,2.317,2.5,2.373,2.943,2.811,2.9130000000000003,2.67,2.9619999999999997,2.755,2.894,2.873,2.822,2.235,2.525,2.085,2.311,2.902,2.4189999999999996,2.627,2.526,2.364,2.58,2.8739999999999997,2.48,2.5060000000000002,2.891,2.3449999999999998,2.448,2.214,2.436,2.8600000000000003,2.306,2.967,2.6,2.584,2.402,2.4930000000000003,2.952,3.024,2.895,2.357,2.7750000000000004,2.851,2.893,2.0229999999999997,2.483,2.504,2.656,2.75,2.701,2.561,2.902,2.901,2.8440000000000003,2.225,2.939,2.955,2.864,2.395,3.002,2.183,2.803,2.63,0.0,2.683,2.255,2.982
lo_A_model_1_relaxed_repeat098,2.657,2.479,2.784,2.5869999999999997,2.504,2.867,2.288,2.258,2.5389999999999997,2.323,2.316,2.9400000000000004,2.806,2.583,2.659,2.573,2.551,2.682,2.963,2.5460000000000003,2.658,2.6710000000000003,2.855,2.886,2.739,2.722,2.758,2.8739999999999997,2.444,2.81,2.635,2.499,2.878,2.628,2.661,2.364,2.9690000000000003,2.837,2.939,2.5060000000000002,2.6020000000000003,2.925,2.92,2.6790000000000003,2.63,2.676,2.4,2.441,2.347,2.928,2.622,2.5780000000000003,2.449,2.6189999999999998,2.157,2.27,2.486,2.702,2.917,2.5810000000000004,2.493,2.378,2.3569999999999998,2.852,2.2640000000000002,3.036,2.448,2.651,2.3289999999999997,2.7110000000000003,2.9779999999999998,2.515,2.76,2.1029999999999998,2.801,2.877,2.884,2.648,2.504,2.495,2.521,2.7409999999999997,2.3449999999999998,2.6100000000000003,2.596,2.927,2.87,2.452,2.965,2.981,2.864,2.3609999999999998,2.881,2.6050000000000004,2.829,2.681,2.683,0.0,2.2329999999999997,2.483
lo_A_model_1_relaxed_repeat099,2.669,2.314,2.5869999999999997,2.367,2.333,2.9219999999999997,2.418,2.263,2.534,2.144,2.133,2.995,2.8609999999999998,2.3449999999999998,2.654,2.3920000000000003,2.563,2.356,3.018,2.6870000000000003,2.362,2.605,2.91,2.707,2.7640000000000002,2.77,2.753,2.8689999999999998,2.481,2.865,2.724,2.518,2.933,2.356,2.308,2.6310000000000002,3.024,2.8920000000000003,2.9939999999999998,2.885,2.6479999999999997,2.741,2.975,2.7969999999999997,2.633,2.862,2.229,2.364,2.3840000000000003,2.983,2.59,2.66,2.234,2.6870000000000003,2.327,2.312,2.303,2.266,2.972,2.4909999999999997,2.058,2.449,2.261,2.846,2.156,2.835,2.4530000000000003,2.668,2.276,2.479,3.033,2.822,2.777,2.077,2.856,2.932,2.879,2.549,2.474,2.733,2.609,2.748,2.2270000000000003,2.395,2.7430000000000003,2.982,2.925,2.518,3.02,3.036,2.919,2.356,2.566,2.114,2.8840000000000003,2.502,2.255,2.2329999999999997,0.0,2.4139999999999997
lo_A_model_1_relaxed_repeat100,2.641,2.4619999999999997,2.774,2.37,2.785,2.527,2.7409999999999997,2.471,2.7489999999999997,2.365,2.557,2.386,2.846,2.7800000000000002,2.6500000000000004,2.7279999999999998,2.4690000000000003,2.7720000000000002,2.3609999999999998,2.629,2.856,2.521,2.545,2.894,2.699,2.6689999999999996,2.847,2.865,2.565,2.757,2.84,2.7,2.521,2.907,2.9109999999999996,2.503,2.405,2.548,2.513,2.643,2.917,2.999,2.6609999999999996,2.563,2.637,2.5229999999999997,2.537,2.612,2.487,2.926,2.461,3.083,2.375,2.61,2.796,2.6929999999999996,2.761,2.098,2.6159999999999997,2.732,2.597,2.302,2.5380000000000003,2.842,2.7439999999999998,3.076,2.723,2.695,2.71,2.7409999999999997,2.391,2.979,2.504,3.061,2.14,2.7489999999999997,2.875,2.724,2.766,2.669,2.54,2.732,2.791,2.9050000000000002,2.691,2.7859999999999996,2.636,3.0700000000000003,2.624,2.542,2.8529999999999998,2.7249999999999996,2.7249999999999996,2.537,2.484,2.689,2.982,2.483,2.4139999999999997,0.0
